date,facility_id,country_code,item_code,consumption,stock_remaining,rainfall_mm,active_epidemic_cases,is_holiday
2026-06-19,PHC-PUN-001,IND,MED-PCM-500,45.5,308,2.5,1,0
2026-06-20,PHC-PUN-001,IND,MED-PCM-500,32.8,236,2.7,1,0
2026-06-21,PHC-PUN-001,IND,MED-PCM-500,28.7,160,6.5,2,1
2026-06-22,PHC-PUN-001,IND,MED-PCM-500,51.9,501,45.0,9,0
2026-06-23,PHC-PUN-001,IND,MED-PCM-500,50.4,352,45.0,5,0
2026-06-24,PHC-PUN-001,IND,MED-PCM-500,37.6,250,1.5,2,0
2026-06-25,PHC-PUN-001,IND,MED-PCM-500,27.9,45,3.0,0,0
2026-06-26,PHC-PUN-001,IND,MED-PCM-500,43.1,384,0.3,3,0
2026-06-27,PHC-PUN-001,IND,MED-PCM-500,59.1,688,45.0,8,0
2026-06-28,PHC-PUN-001,IND,MED-PCM-500,37.7,342,1.1,0,1
2026-06-29,PHC-PUN-001,IND,MED-PCM-500,39.0,139,45.0,7,0
2026-06-30,PHC-PUN-001,IND,MED-PCM-500,54.3,387,45.0,7,0
2026-07-01,PHC-PUN-001,IND,MED-PCM-500,37.0,332,0.0,2,0
2026-07-02,PHC-PUN-001,IND,MED-PCM-500,22.9,223,3.2,0,0
2026-07-03,PHC-PUN-001,IND,MED-PCM-500,50.2,312,45.0,8,0
2026-07-04,PHC-PUN-001,IND,MED-PCM-500,50.9,306,45.0,9,0
2026-07-05,PHC-PUN-001,IND,MED-PCM-500,40.9,164,1.4,1,1
2026-07-06,PHC-PUN-001,IND,MED-PCM-500,46.3,471,45.0,8,0
2026-07-07,PHC-PUN-001,IND,MED-PCM-500,38.3,433,3.6,2,0
2026-07-08,PHC-PUN-001,IND,MED-PCM-500,53.0,597,45.0,7,0
2026-07-09,PHC-PUN-001,IND,MED-PCM-500,37.5,237,7.4,0,0
2026-07-10,PHC-PUN-001,IND,MED-PCM-500,54.6,269,45.0,7,0
2026-07-11,PHC-PUN-001,IND,MED-PCM-500,60.7,502,45.0,8,0
2026-07-12,PHC-PUN-001,IND,MED-PCM-500,59.2,696,45.0,13,1
2026-07-13,PHC-PUN-001,IND,MED-PCM-500,51.3,607,45.0,7,0
2026-07-14,PHC-PUN-001,IND,MED-PCM-500,53.0,399,45.0,4,0
2026-07-15,PHC-PUN-001,IND,MED-PCM-500,55.2,234,45.0,5,0
2026-07-16,PHC-PUN-001,IND,MED-PCM-500,54.0,212,45.0,4,0
2026-07-17,PHC-PUN-001,IND,MED-PCM-500,35.6,301,3.8,3,0
2026-07-18,PHC-PUN-001,IND,MED-PCM-500,19.5,123,2.6,1,0
2026-07-19,PHC-PUN-001,IND,MED-PCM-500,31.3,129,2.2,3,1
2026-07-20,PHC-PUN-001,IND,MED-PCM-500,58.3,410,45.0,11,0
2026-07-21,PHC-PUN-001,IND,MED-PCM-500,55.4,467,45.0,10,0
2026-07-22,PHC-PUN-001,IND,MED-PCM-500,43.1,252,6.1,0,0
2026-07-23,PHC-PUN-001,IND,MED-PCM-500,26.5,259,8.5,1,0
2026-07-24,PHC-PUN-001,IND,MED-PCM-500,26.7,293,6.4,0,0
2026-07-25,PHC-PUN-001,IND,MED-PCM-500,44.0,204,4.1,4,0
2026-07-26,PHC-PUN-001,IND,MED-PCM-500,64.3,338,45.0,3,1
2026-07-27,PHC-PUN-001,IND,MED-PCM-500,35.5,188,0.9,3,0
2026-07-28,PHC-PUN-001,IND,MED-PCM-500,32.5,205,1.0,1,0
2026-07-29,PHC-PUN-001,IND,MED-PCM-500,52.7,627,45.0,6,0
2026-07-30,PHC-PUN-001,IND,MED-PCM-500,44.7,513,9.4,2,0
2026-07-31,PHC-PUN-001,IND,MED-PCM-500,41.4,81,6.0,2,0
2026-08-01,PHC-PUN-001,IND,MED-PCM-500,49.8,556,22.7,0,0
2026-08-02,PHC-PUN-001,IND,MED-PCM-500,52.8,456,45.0,6,1
2026-08-03,PHC-PUN-001,IND,MED-PCM-500,25.0,102,4.7,2,0
2026-08-04,PHC-PUN-001,IND,MED-PCM-500,65.7,570,45.0,9,0
2026-08-05,PHC-PUN-001,IND,MED-PCM-500,71.8,422,45.0,12,0
2026-08-06,PHC-PUN-001,IND,MED-PCM-500,38.0,391,7.5,4,0
2026-08-07,PHC-PUN-001,IND,MED-PCM-500,43.8,264,45.0,8,0
2026-08-08,PHC-PUN-001,IND,MED-PCM-500,38.0,202,45.0,8,0
2026-08-09,PHC-PUN-001,IND,MED-PCM-500,37.2,117,1.3,2,1
2026-08-10,PHC-PUN-001,IND,MED-PCM-500,54.8,174,45.0,12,0
2026-08-11,PHC-PUN-001,IND,MED-PCM-500,39.7,175,13.3,1,0
2026-08-12,PHC-PUN-001,IND,MED-PCM-500,35.1,140,14.2,1,0
2026-08-13,PHC-PUN-001,IND,MED-PCM-500,25.8,103,0.1,1,0
2026-08-14,PHC-PUN-001,IND,MED-PCM-500,39.4,325,5.2,1,0
2026-08-15,PHC-PUN-001,IND,MED-PCM-500,56.2,121,45.0,9,0
2026-08-16,PHC-PUN-001,IND,MED-PCM-500,53.0,89,45.0,9,1
2026-08-17,PHC-PUN-001,IND,MED-PCM-500,34.0,112,3.5,3,0
2026-06-19,PHC-PUN-001,IND,MED-AMX-250,14.4,164,45.0,4,0
2026-06-20,PHC-PUN-001,IND,MED-AMX-250,18.1,166,45.0,8,0
2026-06-21,PHC-PUN-001,IND,MED-AMX-250,15.8,123,6.8,5,1
2026-06-22,PHC-PUN-001,IND,MED-AMX-250,13.3,128,45.0,7,0
2026-06-23,PHC-PUN-001,IND,MED-AMX-250,8.9,79,1.4,2,0
2026-06-24,PHC-PUN-001,IND,MED-AMX-250,11.4,53,45.0,11,0
2026-06-25,PHC-PUN-001,IND,MED-AMX-250,16.7,30,45.0,7,0
2026-06-26,PHC-PUN-001,IND,MED-AMX-250,17.9,145,9.0,1,0
2026-06-27,PHC-PUN-001,IND,MED-AMX-250,12.4,141,4.0,4,0
2026-06-28,PHC-PUN-001,IND,MED-AMX-250,18.5,114,2.6,2,1
2026-06-29,PHC-PUN-001,IND,MED-AMX-250,10.0,84,45.0,6,0
2026-06-30,PHC-PUN-001,IND,MED-AMX-250,17.8,38,12.7,0,0
2026-07-01,PHC-PUN-001,IND,MED-AMX-250,15.7,108,45.0,5,0
2026-07-02,PHC-PUN-001,IND,MED-AMX-250,16.9,51,1.6,2,0
2026-07-03,PHC-PUN-001,IND,MED-AMX-250,14.1,64,3.1,0,0
2026-07-04,PHC-PUN-001,IND,MED-AMX-250,17.4,101,4.6,1,0
2026-07-05,PHC-PUN-001,IND,MED-AMX-250,14.0,141,2.2,1,1
2026-07-06,PHC-PUN-001,IND,MED-AMX-250,13.8,94,1.8,0,0
2026-07-07,PHC-PUN-001,IND,MED-AMX-250,14.3,156,7.0,2,0
2026-07-08,PHC-PUN-001,IND,MED-AMX-250,13.9,57,45.0,8,0
2026-07-09,PHC-PUN-001,IND,MED-AMX-250,13.6,158,12.0,5,0
2026-07-10,PHC-PUN-001,IND,MED-AMX-250,15.4,88,2.1,7,0
2026-07-11,PHC-PUN-001,IND,MED-AMX-250,15.1,153,2.5,1,0
2026-07-12,PHC-PUN-001,IND,MED-AMX-250,16.1,96,2.5,5,1
2026-07-13,PHC-PUN-001,IND,MED-AMX-250,18.2,199,4.5,5,0
2026-07-14,PHC-PUN-001,IND,MED-AMX-250,18.9,76,2.8,2,0
2026-07-15,PHC-PUN-001,IND,MED-AMX-250,16.3,154,45.0,11,0
2026-07-16,PHC-PUN-001,IND,MED-AMX-250,10.5,59,45.0,6,0
2026-07-17,PHC-PUN-001,IND,MED-AMX-250,24.1,180,3.2,0,0
2026-07-18,PHC-PUN-001,IND,MED-AMX-250,13.1,139,0.7,4,0
2026-07-19,PHC-PUN-001,IND,MED-AMX-250,12.8,151,45.0,8,1
2026-07-20,PHC-PUN-001,IND,MED-AMX-250,17.9,29,2.7,2,0
2026-07-21,PHC-PUN-001,IND,MED-AMX-250,11.3,58,6.1,1,0
2026-07-22,PHC-PUN-001,IND,MED-AMX-250,18.4,196,45.0,5,0
2026-07-23,PHC-PUN-001,IND,MED-AMX-250,8.7,75,45.0,11,0
2026-07-24,PHC-PUN-001,IND,MED-AMX-250,14.6,66,5.9,0,0
2026-07-25,PHC-PUN-001,IND,MED-AMX-250,21.0,88,14.9,2,0
2026-07-26,PHC-PUN-001,IND,MED-AMX-250,13.0,142,1.7,2,1
2026-07-27,PHC-PUN-001,IND,MED-AMX-250,22.8,145,45.0,11,0
2026-07-28,PHC-PUN-001,IND,MED-AMX-250,15.2,162,3.9,0,0
2026-07-29,PHC-PUN-001,IND,MED-AMX-250,13.1,91,45.0,5,0
2026-07-30,PHC-PUN-001,IND,MED-AMX-250,10.4,70,28.8,4,0
2026-07-31,PHC-PUN-001,IND,MED-AMX-250,19.1,84,2.2,1,0
2026-08-01,PHC-PUN-001,IND,MED-AMX-250,12.5,72,45.0,9,0
2026-08-02,PHC-PUN-001,IND,MED-AMX-250,16.2,82,0.5,0,1
2026-08-03,PHC-PUN-001,IND,MED-AMX-250,12.8,67,0.1,1,0
2026-08-04,PHC-PUN-001,IND,MED-AMX-250,15.7,74,7.2,0,0
2026-08-05,PHC-PUN-001,IND,MED-AMX-250,14.0,144,45.0,10,0
2026-08-06,PHC-PUN-001,IND,MED-AMX-250,17.4,40,7.4,4,0
2026-08-07,PHC-PUN-001,IND,MED-AMX-250,8.9,39,45.0,10,0
2026-08-08,PHC-PUN-001,IND,MED-AMX-250,16.1,166,45.0,11,0
2026-08-09,PHC-PUN-001,IND,MED-AMX-250,14.5,168,4.1,4,1
2026-08-10,PHC-PUN-001,IND,MED-AMX-250,13.6,59,14.4,3,0
2026-08-11,PHC-PUN-001,IND,MED-AMX-250,13.6,142,4.5,4,0
2026-08-12,PHC-PUN-001,IND,MED-AMX-250,18.5,188,45.0,7,0
2026-08-13,PHC-PUN-001,IND,MED-AMX-250,15.7,52,0.8,1,0
2026-08-14,PHC-PUN-001,IND,MED-AMX-250,13.3,32,1.8,1,0
2026-08-15,PHC-PUN-001,IND,MED-AMX-250,14.3,71,7.9,2,0
2026-08-16,PHC-PUN-001,IND,MED-AMX-250,14.7,149,45.0,10,1
2026-08-17,PHC-PUN-001,IND,MED-AMX-250,17.7,114,45.0,7,0
2026-06-19,PHC-PUN-001,IND,MED-ORS-PKG,63.7,224,45.0,7,0
2026-06-20,PHC-PUN-001,IND,MED-ORS-PKG,10.9,32,1.8,1,0
2026-06-21,PHC-PUN-001,IND,MED-ORS-PKG,44.4,309,5.9,0,1
2026-06-22,PHC-PUN-001,IND,MED-ORS-PKG,45.6,333,0.5,3,0
2026-06-23,PHC-PUN-001,IND,MED-ORS-PKG,47.9,96,3.0,2,0
2026-06-24,PHC-PUN-001,IND,MED-ORS-PKG,70.9,531,2.6,2,0
2026-06-25,PHC-PUN-001,IND,MED-ORS-PKG,45.4,92,13.6,2,0
2026-06-26,PHC-PUN-001,IND,MED-ORS-PKG,46.2,211,45.0,8,0
2026-06-27,PHC-PUN-001,IND,MED-ORS-PKG,57.5,351,45.0,8,0
2026-06-28,PHC-PUN-001,IND,MED-ORS-PKG,56.6,627,4.0,2,1
2026-06-29,PHC-PUN-001,IND,MED-ORS-PKG,70.9,148,45.0,7,0
2026-06-30,PHC-PUN-001,IND,MED-ORS-PKG,69.4,583,45.0,7,0
2026-07-01,PHC-PUN-001,IND,MED-ORS-PKG,44.6,236,6.8,2,0
2026-07-02,PHC-PUN-001,IND,MED-ORS-PKG,53.3,321,2.8,1,0
2026-07-03,PHC-PUN-001,IND,MED-ORS-PKG,56.6,309,13.9,3,0
2026-07-04,PHC-PUN-001,IND,MED-ORS-PKG,58.7,415,0.5,2,0
2026-07-05,PHC-PUN-001,IND,MED-ORS-PKG,45.4,489,1.8,1,1
2026-07-06,PHC-PUN-001,IND,MED-ORS-PKG,44.8,177,4.4,2,0
2026-07-07,PHC-PUN-001,IND,MED-ORS-PKG,53.8,389,0.3,5,0
2026-07-08,PHC-PUN-001,IND,MED-ORS-PKG,71.9,680,8.3,1,0
2026-07-09,PHC-PUN-001,IND,MED-ORS-PKG,41.3,122,1.8,3,0
2026-07-10,PHC-PUN-001,IND,MED-ORS-PKG,76.3,453,10.3,1,0
2026-07-11,PHC-PUN-001,IND,MED-ORS-PKG,50.9,425,3.2,2,0
2026-07-12,PHC-PUN-001,IND,MED-ORS-PKG,43.8,84,7.2,1,1
2026-07-13,PHC-PUN-001,IND,MED-ORS-PKG,58.5,505,10.2,2,0
2026-07-14,PHC-PUN-001,IND,MED-ORS-PKG,76.0,619,7.9,0,0
2026-07-15,PHC-PUN-001,IND,MED-ORS-PKG,48.7,564,3.2,0,0
2026-07-16,PHC-PUN-001,IND,MED-ORS-PKG,62.9,462,4.4,3,0
2026-07-17,PHC-PUN-001,IND,MED-ORS-PKG,61.5,258,1.6,1,0
2026-07-18,PHC-PUN-001,IND,MED-ORS-PKG,55.8,370,6.6,2,0
2026-07-19,PHC-PUN-001,IND,MED-ORS-PKG,76.5,560,45.0,11,1
2026-07-20,PHC-PUN-001,IND,MED-ORS-PKG,59.1,600,7.0,2,0
2026-07-21,PHC-PUN-001,IND,MED-ORS-PKG,53.5,325,3.5,2,0
2026-07-22,PHC-PUN-001,IND,MED-ORS-PKG,32.0,63,0.3,2,0
2026-07-23,PHC-PUN-001,IND,MED-ORS-PKG,50.6,200,1.8,1,0
2026-07-24,PHC-PUN-001,IND,MED-ORS-PKG,69.3,483,45.0,6,0
2026-07-25,PHC-PUN-001,IND,MED-ORS-PKG,85.5,843,45.0,11,0
2026-07-26,PHC-PUN-001,IND,MED-ORS-PKG,55.0,272,5.6,4,1
2026-07-27,PHC-PUN-001,IND,MED-ORS-PKG,54.2,501,45.0,15,0
2026-07-28,PHC-PUN-001,IND,MED-ORS-PKG,59.6,688,7.1,1,0
2026-07-29,PHC-PUN-001,IND,MED-ORS-PKG,56.3,271,6.4,5,0
2026-07-30,PHC-PUN-001,IND,MED-ORS-PKG,58.4,547,45.0,6,0
2026-07-31,PHC-PUN-001,IND,MED-ORS-PKG,58.6,373,8.6,5,0
2026-08-01,PHC-PUN-001,IND,MED-ORS-PKG,60.0,240,45.0,10,0
2026-08-02,PHC-PUN-001,IND,MED-ORS-PKG,65.4,779,45.0,9,1
2026-08-03,PHC-PUN-001,IND,MED-ORS-PKG,58.0,293,45.0,10,0
2026-08-04,PHC-PUN-001,IND,MED-ORS-PKG,58.0,538,15.4,2,0
2026-08-05,PHC-PUN-001,IND,MED-ORS-PKG,61.5,567,2.7,1,0
2026-08-06,PHC-PUN-001,IND,MED-ORS-PKG,54.6,206,6.2,4,0
2026-08-07,PHC-PUN-001,IND,MED-ORS-PKG,44.3,124,1.2,1,0
2026-08-08,PHC-PUN-001,IND,MED-ORS-PKG,68.5,549,8.4,1,0
2026-08-09,PHC-PUN-001,IND,MED-ORS-PKG,67.1,688,0.2,2,1
2026-08-10,PHC-PUN-001,IND,MED-ORS-PKG,51.5,537,3.9,4,0
2026-08-11,PHC-PUN-001,IND,MED-ORS-PKG,50.1,339,4.6,0,0
2026-08-12,PHC-PUN-001,IND,MED-ORS-PKG,60.3,397,3.1,2,0
2026-08-13,PHC-PUN-001,IND,MED-ORS-PKG,63.7,492,1.1,2,0
2026-08-14,PHC-PUN-001,IND,MED-ORS-PKG,47.1,332,7.7,2,0
2026-08-15,PHC-PUN-001,IND,MED-ORS-PKG,49.8,502,0.4,1,0
2026-08-16,PHC-PUN-001,IND,MED-ORS-PKG,78.2,443,12.4,1,1
2026-08-17,PHC-PUN-001,IND,MED-ORS-PKG,65.0,217,45.0,10,0
2026-06-19,PHC-PUN-001,IND,MED-ART-60,8.0,16,45.0,8,0
2026-06-20,PHC-PUN-001,IND,MED-ART-60,10.0,113,0.3,2,0
2026-06-21,PHC-PUN-001,IND,MED-ART-60,10.4,119,45.0,5,1
2026-06-22,PHC-PUN-001,IND,MED-ART-60,9.9,51,45.0,12,0
2026-06-23,PHC-PUN-001,IND,MED-ART-60,5.1,27,3.8,1,0
2026-06-24,PHC-PUN-001,IND,MED-ART-60,9.6,70,45.0,9,0
2026-06-25,PHC-PUN-001,IND,MED-ART-60,10.0,18,1.2,2,0
2026-06-26,PHC-PUN-001,IND,MED-ART-60,9.2,57,1.7,2,0
2026-06-27,PHC-PUN-001,IND,MED-ART-60,8.9,39,6.6,5,0
2026-06-28,PHC-PUN-001,IND,MED-ART-60,9.6,101,0.3,2,1
2026-06-29,PHC-PUN-001,IND,MED-ART-60,8.7,86,45.0,7,0
2026-06-30,PHC-PUN-001,IND,MED-ART-60,8.3,40,0.6,2,0
2026-07-01,PHC-PUN-001,IND,MED-ART-60,6.7,22,1.0,3,0
2026-07-02,PHC-PUN-001,IND,MED-ART-60,7.1,22,2.8,1,0
2026-07-03,PHC-PUN-001,IND,MED-ART-60,9.2,71,14.3,3,0
2026-07-04,PHC-PUN-001,IND,MED-ART-60,4.3,28,45.0,5,0
2026-07-05,PHC-PUN-001,IND,MED-ART-60,10.4,63,7.5,4,1
2026-07-06,PHC-PUN-001,IND,MED-ART-60,6.7,61,7.1,4,0
2026-07-07,PHC-PUN-001,IND,MED-ART-60,11.4,58,8.4,3,0
2026-07-08,PHC-PUN-001,IND,MED-ART-60,9.3,21,2.0,2,0
2026-07-09,PHC-PUN-001,IND,MED-ART-60,6.2,25,45.0,7,0
2026-07-10,PHC-PUN-001,IND,MED-ART-60,7.4,48,10.7,2,0
2026-07-11,PHC-PUN-001,IND,MED-ART-60,9.5,64,1.3,2,0
2026-07-12,PHC-PUN-001,IND,MED-ART-60,10.4,36,0.3,1,1
2026-07-13,PHC-PUN-001,IND,MED-ART-60,7.9,92,45.0,8,0
2026-07-14,PHC-PUN-001,IND,MED-ART-60,8.4,80,0.8,2,0
2026-07-15,PHC-PUN-001,IND,MED-ART-60,8.3,55,0.7,1,0
2026-07-16,PHC-PUN-001,IND,MED-ART-60,9.5,109,1.4,4,0
2026-07-17,PHC-PUN-001,IND,MED-ART-60,8.7,52,18.3,3,0
2026-07-18,PHC-PUN-001,IND,MED-ART-60,7.8,64,2.3,4,0
2026-07-19,PHC-PUN-001,IND,MED-ART-60,8.9,104,6.0,1,1
2026-07-20,PHC-PUN-001,IND,MED-ART-60,7.5,82,21.9,2,0
2026-07-21,PHC-PUN-001,IND,MED-ART-60,6.2,25,8.9,1,0
2026-07-22,PHC-PUN-001,IND,MED-ART-60,10.0,107,4.3,4,0
2026-07-23,PHC-PUN-001,IND,MED-ART-60,10.8,88,45.0,11,0
2026-07-24,PHC-PUN-001,IND,MED-ART-60,6.8,29,4.2,5,0
2026-07-25,PHC-PUN-001,IND,MED-ART-60,8.0,53,3.0,1,0
2026-07-26,PHC-PUN-001,IND,MED-ART-60,6.1,70,45.0,10,1
2026-07-27,PHC-PUN-001,IND,MED-ART-60,8.9,91,0.9,4,0
2026-07-28,PHC-PUN-001,IND,MED-ART-60,6.6,37,10.8,3,0
2026-07-29,PHC-PUN-001,IND,MED-ART-60,9.6,105,1.7,2,0
2026-07-30,PHC-PUN-001,IND,MED-ART-60,8.8,15,1.2,0,0
2026-07-31,PHC-PUN-001,IND,MED-ART-60,6.1,53,3.1,1,0
2026-08-01,PHC-PUN-001,IND,MED-ART-60,13.5,144,45.0,9,0
2026-08-02,PHC-PUN-001,IND,MED-ART-60,9.4,83,5.1,0,1
2026-08-03,PHC-PUN-001,IND,MED-ART-60,5.1,11,2.1,3,0
2026-08-04,PHC-PUN-001,IND,MED-ART-60,6.3,52,45.0,6,0
2026-08-05,PHC-PUN-001,IND,MED-ART-60,9.6,54,0.1,1,0
2026-08-06,PHC-PUN-001,IND,MED-ART-60,9.5,50,0.9,2,0
2026-08-07,PHC-PUN-001,IND,MED-ART-60,8.1,91,4.6,1,0
2026-08-08,PHC-PUN-001,IND,MED-ART-60,7.5,38,10.1,4,0
2026-08-09,PHC-PUN-001,IND,MED-ART-60,10.4,23,45.0,5,1
2026-08-10,PHC-PUN-001,IND,MED-ART-60,7.5,79,2.0,3,0
2026-08-11,PHC-PUN-001,IND,MED-ART-60,8.8,16,8.4,4,0
2026-08-12,PHC-PUN-001,IND,MED-ART-60,5.0,56,4.8,1,0
2026-08-13,PHC-PUN-001,IND,MED-ART-60,8.7,102,5.3,1,0
2026-08-14,PHC-PUN-001,IND,MED-ART-60,8.5,93,45.0,5,0
2026-08-15,PHC-PUN-001,IND,MED-ART-60,3.0,32,45.0,7,0
2026-08-16,PHC-PUN-001,IND,MED-ART-60,8.3,64,2.1,6,1
2026-08-17,PHC-PUN-001,IND,MED-ART-60,8.3,62,20.7,4,0
2026-06-19,PHC-PUN-001,IND,MED-INS-REG,7.9,42,5.4,2,0
2026-06-20,PHC-PUN-001,IND,MED-INS-REG,9.0,29,45.0,14,0
2026-06-21,PHC-PUN-001,IND,MED-INS-REG,4.3,30,45.0,11,1
2026-06-22,PHC-PUN-001,IND,MED-INS-REG,4.5,28,4.3,2,0
2026-06-23,PHC-PUN-001,IND,MED-INS-REG,7.4,75,1.8,2,0
2026-06-24,PHC-PUN-001,IND,MED-INS-REG,9.3,52,45.0,7,0
2026-06-25,PHC-PUN-001,IND,MED-INS-REG,7.5,55,45.0,9,0
2026-06-26,PHC-PUN-001,IND,MED-INS-REG,7.8,66,5.2,3,0
2026-06-27,PHC-PUN-001,IND,MED-INS-REG,9.6,100,45.0,7,0
2026-06-28,PHC-PUN-001,IND,MED-INS-REG,8.0,61,45.0,9,1
2026-06-29,PHC-PUN-001,IND,MED-INS-REG,10.1,27,2.5,3,0
2026-06-30,PHC-PUN-001,IND,MED-INS-REG,4.8,49,2.9,1,0
2026-07-01,PHC-PUN-001,IND,MED-INS-REG,9.4,63,4.2,4,0
2026-07-02,PHC-PUN-001,IND,MED-INS-REG,6.7,54,45.0,9,0
2026-07-03,PHC-PUN-001,IND,MED-INS-REG,7.9,65,2.4,0,0
2026-07-04,PHC-PUN-001,IND,MED-INS-REG,9.4,100,3.7,0,0
2026-07-05,PHC-PUN-001,IND,MED-INS-REG,10.7,40,45.0,8,1
2026-07-06,PHC-PUN-001,IND,MED-INS-REG,6.0,37,1.0,2,0
2026-07-07,PHC-PUN-001,IND,MED-INS-REG,7.3,31,45.0,9,0
2026-07-08,PHC-PUN-001,IND,MED-INS-REG,6.1,15,4.4,4,0
2026-07-09,PHC-PUN-001,IND,MED-INS-REG,9.0,90,1.2,0,0
2026-07-10,PHC-PUN-001,IND,MED-INS-REG,7.8,86,1.3,1,0
2026-07-11,PHC-PUN-001,IND,MED-INS-REG,7.3,45,45.0,8,0
2026-07-12,PHC-PUN-001,IND,MED-INS-REG,9.9,67,45.0,5,1
2026-07-13,PHC-PUN-001,IND,MED-INS-REG,10.1,100,0.6,2,0
2026-07-14,PHC-PUN-001,IND,MED-INS-REG,9.2,52,6.5,5,0
2026-07-15,PHC-PUN-001,IND,MED-INS-REG,6.7,49,45.0,7,0
2026-07-16,PHC-PUN-001,IND,MED-INS-REG,11.2,87,45.0,10,0
2026-07-17,PHC-PUN-001,IND,MED-INS-REG,9.9,94,45.0,2,0
2026-07-18,PHC-PUN-001,IND,MED-INS-REG,5.3,53,12.0,4,0
2026-07-19,PHC-PUN-001,IND,MED-INS-REG,7.8,76,8.4,1,1
2026-07-20,PHC-PUN-001,IND,MED-INS-REG,5.0,28,6.3,1,0
2026-07-21,PHC-PUN-001,IND,MED-INS-REG,6.3,30,7.4,2,0
2026-07-22,PHC-PUN-001,IND,MED-INS-REG,8.9,54,6.3,1,0
2026-07-23,PHC-PUN-001,IND,MED-INS-REG,8.2,36,45.0,7,0
2026-07-24,PHC-PUN-001,IND,MED-INS-REG,8.6,81,7.5,1,0
2026-07-25,PHC-PUN-001,IND,MED-INS-REG,7.6,71,5.3,2,0
2026-07-26,PHC-PUN-001,IND,MED-INS-REG,6.7,52,45.0,10,1
2026-07-27,PHC-PUN-001,IND,MED-INS-REG,9.7,24,45.0,8,0
2026-07-28,PHC-PUN-001,IND,MED-INS-REG,7.8,56,45.0,5,0
2026-07-29,PHC-PUN-001,IND,MED-INS-REG,4.4,34,5.9,2,0
2026-07-30,PHC-PUN-001,IND,MED-INS-REG,10.5,66,1.6,1,0
2026-07-31,PHC-PUN-001,IND,MED-INS-REG,9.3,48,45.0,15,0
2026-08-01,PHC-PUN-001,IND,MED-INS-REG,7.4,31,2.3,2,0
2026-08-02,PHC-PUN-001,IND,MED-INS-REG,8.8,41,7.5,3,1
2026-08-03,PHC-PUN-001,IND,MED-INS-REG,11.3,83,45.0,9,0
2026-08-04,PHC-PUN-001,IND,MED-INS-REG,10.2,84,45.0,9,0
2026-08-05,PHC-PUN-001,IND,MED-INS-REG,8.7,80,0.2,2,0
2026-08-06,PHC-PUN-001,IND,MED-INS-REG,12.0,21,45.0,7,0
2026-08-07,PHC-PUN-001,IND,MED-INS-REG,5.7,29,2.0,0,0
2026-08-08,PHC-PUN-001,IND,MED-INS-REG,5.2,42,45.0,7,0
2026-08-09,PHC-PUN-001,IND,MED-INS-REG,6.6,33,45.0,10,1
2026-08-10,PHC-PUN-001,IND,MED-INS-REG,8.8,27,4.0,3,0
2026-08-11,PHC-PUN-001,IND,MED-INS-REG,7.3,82,45.0,10,0
2026-08-12,PHC-PUN-001,IND,MED-INS-REG,7.0,37,1.5,5,0
2026-08-13,PHC-PUN-001,IND,MED-INS-REG,5.9,58,6.1,5,0
2026-08-14,PHC-PUN-001,IND,MED-INS-REG,6.6,44,0.6,0,0
2026-08-15,PHC-PUN-001,IND,MED-INS-REG,8.2,98,45.0,7,0
2026-08-16,PHC-PUN-001,IND,MED-INS-REG,9.8,24,3.5,2,1
2026-08-17,PHC-PUN-001,IND,MED-INS-REG,6.5,61,9.3,2,0
2026-06-19,PHC-PUN-002,IND,MED-PCM-500,31.3,146,2.9,3,0
2026-06-20,PHC-PUN-002,IND,MED-PCM-500,41.5,470,9.1,2,0
2026-06-21,PHC-PUN-002,IND,MED-PCM-500,54.7,513,45.0,9,1
2026-06-22,PHC-PUN-002,IND,MED-PCM-500,43.4,406,45.0,10,0
2026-06-23,PHC-PUN-002,IND,MED-PCM-500,36.9,205,2.3,2,0
2026-06-24,PHC-PUN-002,IND,MED-PCM-500,48.7,412,45.0,9,0
2026-06-25,PHC-PUN-002,IND,MED-PCM-500,63.2,704,45.0,8,0
2026-06-26,PHC-PUN-002,IND,MED-PCM-500,49.7,182,45.0,6,0
2026-06-27,PHC-PUN-002,IND,MED-PCM-500,30.4,239,0.5,0,0
2026-06-28,PHC-PUN-002,IND,MED-PCM-500,39.4,235,7.5,3,1
2026-06-29,PHC-PUN-002,IND,MED-PCM-500,26.4,126,8.9,2,0
2026-06-30,PHC-PUN-002,IND,MED-PCM-500,37.4,233,2.1,2,0
2026-07-01,PHC-PUN-002,IND,MED-PCM-500,49.7,142,45.0,7,0
2026-07-02,PHC-PUN-002,IND,MED-PCM-500,47.3,509,9.5,2,0
2026-07-03,PHC-PUN-002,IND,MED-PCM-500,41.7,410,45.0,4,0
2026-07-04,PHC-PUN-002,IND,MED-PCM-500,61.9,567,45.0,5,0
2026-07-05,PHC-PUN-002,IND,MED-PCM-500,55.8,399,45.0,12,1
2026-07-06,PHC-PUN-002,IND,MED-PCM-500,29.6,317,0.1,0,0
2026-07-07,PHC-PUN-002,IND,MED-PCM-500,56.7,628,45.0,6,0
2026-07-08,PHC-PUN-002,IND,MED-PCM-500,38.6,325,0.6,1,0
2026-07-09,PHC-PUN-002,IND,MED-PCM-500,57.2,211,45.0,8,0
2026-07-10,PHC-PUN-002,IND,MED-PCM-500,32.7,191,8.1,0,0
2026-07-11,PHC-PUN-002,IND,MED-PCM-500,37.4,289,0.3,2,0
2026-07-12,PHC-PUN-002,IND,MED-PCM-500,48.9,321,45.0,9,1
2026-07-13,PHC-PUN-002,IND,MED-PCM-500,66.2,722,45.0,8,0
2026-07-14,PHC-PUN-002,IND,MED-PCM-500,49.2,447,8.1,0,0
2026-07-15,PHC-PUN-002,IND,MED-PCM-500,41.0,365,0.2,3,0
2026-07-16,PHC-PUN-002,IND,MED-PCM-500,40.1,336,8.3,1,0
2026-07-17,PHC-PUN-002,IND,MED-PCM-500,42.6,154,6.6,2,0
2026-07-18,PHC-PUN-002,IND,MED-PCM-500,40.1,165,3.5,0,0
2026-07-19,PHC-PUN-002,IND,MED-PCM-500,44.8,390,45.0,10,1
2026-07-20,PHC-PUN-002,IND,MED-PCM-500,35.1,365,3.4,3,0
2026-07-21,PHC-PUN-002,IND,MED-PCM-500,47.8,85,45.0,10,0
2026-07-22,PHC-PUN-002,IND,MED-PCM-500,47.3,502,12.8,1,0
2026-07-23,PHC-PUN-002,IND,MED-PCM-500,27.6,94,0.1,4,0
2026-07-24,PHC-PUN-002,IND,MED-PCM-500,30.9,240,1.4,4,0
2026-07-25,PHC-PUN-002,IND,MED-PCM-500,55.7,146,45.0,4,0
2026-07-26,PHC-PUN-002,IND,MED-PCM-500,33.1,129,1.7,3,1
2026-07-27,PHC-PUN-002,IND,MED-PCM-500,59.3,409,45.0,3,0
2026-07-28,PHC-PUN-002,IND,MED-PCM-500,47.1,266,45.0,8,0
2026-07-29,PHC-PUN-002,IND,MED-PCM-500,31.1,235,4.4,1,0
2026-07-30,PHC-PUN-002,IND,MED-PCM-500,56.2,446,45.0,3,0
2026-07-31,PHC-PUN-002,IND,MED-PCM-500,38.3,289,7.7,5,0
2026-08-01,PHC-PUN-002,IND,MED-PCM-500,57.6,167,45.0,8,0
2026-08-02,PHC-PUN-002,IND,MED-PCM-500,38.5,142,0.1,5,1
2026-08-03,PHC-PUN-002,IND,MED-PCM-500,47.3,286,16.7,0,0
2026-08-04,PHC-PUN-002,IND,MED-PCM-500,43.3,352,7.5,1,0
2026-08-05,PHC-PUN-002,IND,MED-PCM-500,22.2,67,2.1,1,0
2026-08-06,PHC-PUN-002,IND,MED-PCM-500,36.0,363,6.7,1,0
2026-08-07,PHC-PUN-002,IND,MED-PCM-500,40.5,224,45.0,11,0
2026-08-08,PHC-PUN-002,IND,MED-PCM-500,44.0,432,45.0,4,0
2026-08-09,PHC-PUN-002,IND,MED-PCM-500,34.2,80,3.1,3,1
2026-08-10,PHC-PUN-002,IND,MED-PCM-500,29.1,93,8.9,3,0
2026-08-11,PHC-PUN-002,IND,MED-PCM-500,49.1,207,45.0,6,0
2026-08-12,PHC-PUN-002,IND,MED-PCM-500,41.3,182,6.1,2,0
2026-08-13,PHC-PUN-002,IND,MED-PCM-500,36.8,403,2.4,2,0
2026-08-14,PHC-PUN-002,IND,MED-PCM-500,35.4,131,1.4,1,0
2026-08-15,PHC-PUN-002,IND,MED-PCM-500,52.0,362,45.0,9,0
2026-08-16,PHC-PUN-002,IND,MED-PCM-500,43.4,367,10.6,1,1
2026-08-17,PHC-PUN-002,IND,MED-PCM-500,40.5,457,0.3,0,0
2026-06-19,PHC-PUN-002,IND,MED-AMX-250,16.4,41,45.0,13,0
2026-06-20,PHC-PUN-002,IND,MED-AMX-250,16.6,137,3.0,1,0
2026-06-21,PHC-PUN-002,IND,MED-AMX-250,17.7,63,15.3,1,1
2026-06-22,PHC-PUN-002,IND,MED-AMX-250,13.8,34,10.3,3,0
2026-06-23,PHC-PUN-002,IND,MED-AMX-250,14.5,124,3.5,2,0
2026-06-24,PHC-PUN-002,IND,MED-AMX-250,13.3,40,6.5,2,0
2026-06-25,PHC-PUN-002,IND,MED-AMX-250,14.2,104,1.7,2,0
2026-06-26,PHC-PUN-002,IND,MED-AMX-250,19.9,191,4.8,2,0
2026-06-27,PHC-PUN-002,IND,MED-AMX-250,19.2,90,45.0,9,0
2026-06-28,PHC-PUN-002,IND,MED-AMX-250,15.0,72,45.0,6,1
2026-06-29,PHC-PUN-002,IND,MED-AMX-250,12.6,117,2.9,3,0
2026-06-30,PHC-PUN-002,IND,MED-AMX-250,21.3,121,3.3,2,0
2026-07-01,PHC-PUN-002,IND,MED-AMX-250,16.8,53,45.0,10,0
2026-07-02,PHC-PUN-002,IND,MED-AMX-250,12.1,110,11.0,1,0
2026-07-03,PHC-PUN-002,IND,MED-AMX-250,7.2,62,0.4,3,0
2026-07-04,PHC-PUN-002,IND,MED-AMX-250,11.9,115,2.1,1,0
2026-07-05,PHC-PUN-002,IND,MED-AMX-250,13.7,157,45.0,6,1
2026-07-06,PHC-PUN-002,IND,MED-AMX-250,10.5,29,45.0,11,0
2026-07-07,PHC-PUN-002,IND,MED-AMX-250,19.1,196,6.4,2,0
2026-07-08,PHC-PUN-002,IND,MED-AMX-250,19.0,94,9.6,4,0
2026-07-09,PHC-PUN-002,IND,MED-AMX-250,15.7,188,14.9,1,0
2026-07-10,PHC-PUN-002,IND,MED-AMX-250,14.6,30,10.7,0,0
2026-07-11,PHC-PUN-002,IND,MED-AMX-250,10.1,19,45.0,10,0
2026-07-12,PHC-PUN-002,IND,MED-AMX-250,16.8,137,2.6,2,1
2026-07-13,PHC-PUN-002,IND,MED-AMX-250,16.6,26,9.2,1,0
2026-07-14,PHC-PUN-002,IND,MED-AMX-250,15.9,98,1.0,1,0
2026-07-15,PHC-PUN-002,IND,MED-AMX-250,18.7,137,2.4,1,0
2026-07-16,PHC-PUN-002,IND,MED-AMX-250,21.9,107,45.0,8,0
2026-07-17,PHC-PUN-002,IND,MED-AMX-250,19.1,218,9.6,2,0
2026-07-18,PHC-PUN-002,IND,MED-AMX-250,12.4,48,10.4,2,0
2026-07-19,PHC-PUN-002,IND,MED-AMX-250,18.0,205,45.0,7,1
2026-07-20,PHC-PUN-002,IND,MED-AMX-250,13.7,56,20.8,0,0
2026-07-21,PHC-PUN-002,IND,MED-AMX-250,10.0,74,0.3,4,0
2026-07-22,PHC-PUN-002,IND,MED-AMX-250,11.7,18,0.1,1,0
2026-07-23,PHC-PUN-002,IND,MED-AMX-250,12.9,56,45.0,10,0
2026-07-24,PHC-PUN-002,IND,MED-AMX-250,18.7,147,45.0,14,0
2026-07-25,PHC-PUN-002,IND,MED-AMX-250,14.1,84,1.4,7,0
2026-07-26,PHC-PUN-002,IND,MED-AMX-250,14.1,166,45.0,6,1
2026-07-27,PHC-PUN-002,IND,MED-AMX-250,17.1,141,2.1,2,0
2026-07-28,PHC-PUN-002,IND,MED-AMX-250,17.9,76,45.0,11,0
2026-07-29,PHC-PUN-002,IND,MED-AMX-250,19.8,43,6.2,2,0
2026-07-30,PHC-PUN-002,IND,MED-AMX-250,16.3,57,1.0,4,0
2026-07-31,PHC-PUN-002,IND,MED-AMX-250,12.2,120,10.1,2,0
2026-08-01,PHC-PUN-002,IND,MED-AMX-250,14.5,133,0.7,2,0
2026-08-02,PHC-PUN-002,IND,MED-AMX-250,9.9,77,2.5,0,1
2026-08-03,PHC-PUN-002,IND,MED-AMX-250,14.4,102,5.3,4,0
2026-08-04,PHC-PUN-002,IND,MED-AMX-250,13.5,82,45.0,11,0
2026-08-05,PHC-PUN-002,IND,MED-AMX-250,22.2,251,3.1,1,0
2026-08-06,PHC-PUN-002,IND,MED-AMX-250,16.5,48,8.6,2,0
2026-08-07,PHC-PUN-002,IND,MED-AMX-250,12.3,140,45.0,8,0
2026-08-08,PHC-PUN-002,IND,MED-AMX-250,13.8,121,1.4,1,0
2026-08-09,PHC-PUN-002,IND,MED-AMX-250,13.0,108,45.0,6,1
2026-08-10,PHC-PUN-002,IND,MED-AMX-250,12.7,89,45.0,6,0
2026-08-11,PHC-PUN-002,IND,MED-AMX-250,12.4,114,45.0,1,0
2026-08-12,PHC-PUN-002,IND,MED-AMX-250,13.7,31,45.0,5,0
2026-08-13,PHC-PUN-002,IND,MED-AMX-250,14.9,30,45.0,9,0
2026-08-14,PHC-PUN-002,IND,MED-AMX-250,18.3,182,8.9,2,0
2026-08-15,PHC-PUN-002,IND,MED-AMX-250,14.7,119,4.9,2,0
2026-08-16,PHC-PUN-002,IND,MED-AMX-250,14.6,75,1.3,3,1
2026-08-17,PHC-PUN-002,IND,MED-AMX-250,16.3,39,6.6,0,0
2026-06-19,PHC-PUN-002,IND,MED-ORS-PKG,61.0,583,45.0,7,0
2026-06-20,PHC-PUN-002,IND,MED-ORS-PKG,50.5,504,5.2,3,0
2026-06-21,PHC-PUN-002,IND,MED-ORS-PKG,62.8,246,45.0,5,1
2026-06-22,PHC-PUN-002,IND,MED-ORS-PKG,50.6,135,7.6,0,0
2026-06-23,PHC-PUN-002,IND,MED-ORS-PKG,78.1,377,45.0,6,0
2026-06-24,PHC-PUN-002,IND,MED-ORS-PKG,52.9,613,4.4,3,0
2026-06-25,PHC-PUN-002,IND,MED-ORS-PKG,46.7,209,0.5,2,0
2026-06-26,PHC-PUN-002,IND,MED-ORS-PKG,46.5,366,1.4,1,0
2026-06-27,PHC-PUN-002,IND,MED-ORS-PKG,55.6,397,7.3,2,0
2026-06-28,PHC-PUN-002,IND,MED-ORS-PKG,78.2,234,45.0,14,1
2026-06-29,PHC-PUN-002,IND,MED-ORS-PKG,53.9,508,2.3,2,0
2026-06-30,PHC-PUN-002,IND,MED-ORS-PKG,59.2,293,1.5,2,0
2026-07-01,PHC-PUN-002,IND,MED-ORS-PKG,63.7,314,45.0,9,0
2026-07-02,PHC-PUN-002,IND,MED-ORS-PKG,55.8,217,45.0,7,0
2026-07-03,PHC-PUN-002,IND,MED-ORS-PKG,55.1,419,2.1,0,0
2026-07-04,PHC-PUN-002,IND,MED-ORS-PKG,53.5,134,1.4,2,0
2026-07-05,PHC-PUN-002,IND,MED-ORS-PKG,51.2,513,7.0,2,1
2026-07-06,PHC-PUN-002,IND,MED-ORS-PKG,67.0,319,45.0,10,0
2026-07-07,PHC-PUN-002,IND,MED-ORS-PKG,79.7,646,45.0,11,0
2026-07-08,PHC-PUN-002,IND,MED-ORS-PKG,71.2,214,45.0,7,0
2026-07-09,PHC-PUN-002,IND,MED-ORS-PKG,58.4,327,14.2,2,0
2026-07-10,PHC-PUN-002,IND,MED-ORS-PKG,47.5,510,5.7,1,0
2026-07-11,PHC-PUN-002,IND,MED-ORS-PKG,39.4,256,5.2,1,0
2026-07-12,PHC-PUN-002,IND,MED-ORS-PKG,51.3,309,7.3,1,1
2026-07-13,PHC-PUN-002,IND,MED-ORS-PKG,52.4,362,45.0,4,0
2026-07-14,PHC-PUN-002,IND,MED-ORS-PKG,69.4,404,45.0,8,0
2026-07-15,PHC-PUN-002,IND,MED-ORS-PKG,57.9,226,0.0,5,0
2026-07-16,PHC-PUN-002,IND,MED-ORS-PKG,60.2,658,2.5,1,0
2026-07-17,PHC-PUN-002,IND,MED-ORS-PKG,80.5,647,45.0,13,0
2026-07-18,PHC-PUN-002,IND,MED-ORS-PKG,53.0,353,8.5,3,0
2026-07-19,PHC-PUN-002,IND,MED-ORS-PKG,84.3,362,45.0,10,1
2026-07-20,PHC-PUN-002,IND,MED-ORS-PKG,55.5,433,45.0,8,0
2026-07-21,PHC-PUN-002,IND,MED-ORS-PKG,31.9,67,3.6,2,0
2026-07-22,PHC-PUN-002,IND,MED-ORS-PKG,46.0,369,1.8,2,0
2026-07-23,PHC-PUN-002,IND,MED-ORS-PKG,39.3,438,0.6,1,0
2026-07-24,PHC-PUN-002,IND,MED-ORS-PKG,86.0,603,45.0,12,0
2026-07-25,PHC-PUN-002,IND,MED-ORS-PKG,57.4,505,2.1,2,0
2026-07-26,PHC-PUN-002,IND,MED-ORS-PKG,62.9,656,45.0,10,1
2026-07-27,PHC-PUN-002,IND,MED-ORS-PKG,75.2,654,45.0,5,0
2026-07-28,PHC-PUN-002,IND,MED-ORS-PKG,62.5,341,5.0,1,0
2026-07-29,PHC-PUN-002,IND,MED-ORS-PKG,58.2,95,45.0,9,0
2026-07-30,PHC-PUN-002,IND,MED-ORS-PKG,46.3,206,3.7,2,0
2026-07-31,PHC-PUN-002,IND,MED-ORS-PKG,54.2,472,6.4,2,0
2026-08-01,PHC-PUN-002,IND,MED-ORS-PKG,50.9,477,1.0,1,0
2026-08-02,PHC-PUN-002,IND,MED-ORS-PKG,50.0,201,0.5,1,1
2026-08-03,PHC-PUN-002,IND,MED-ORS-PKG,54.9,614,6.7,1,0
2026-08-04,PHC-PUN-002,IND,MED-ORS-PKG,52.6,593,1.0,3,0
2026-08-05,PHC-PUN-002,IND,MED-ORS-PKG,38.4,207,3.9,6,0
2026-08-06,PHC-PUN-002,IND,MED-ORS-PKG,78.3,241,45.0,12,0
2026-08-07,PHC-PUN-002,IND,MED-ORS-PKG,54.4,345,2.8,1,0
2026-08-08,PHC-PUN-002,IND,MED-ORS-PKG,64.4,238,45.0,9,0
2026-08-09,PHC-PUN-002,IND,MED-ORS-PKG,74.3,607,45.0,8,1
2026-08-10,PHC-PUN-002,IND,MED-ORS-PKG,67.0,215,20.1,5,0
2026-08-11,PHC-PUN-002,IND,MED-ORS-PKG,79.0,768,45.0,9,0
2026-08-12,PHC-PUN-002,IND,MED-ORS-PKG,73.1,193,45.0,10,0
2026-08-13,PHC-PUN-002,IND,MED-ORS-PKG,64.3,119,5.0,1,0
2026-08-14,PHC-PUN-002,IND,MED-ORS-PKG,57.1,136,0.3,3,0
2026-08-15,PHC-PUN-002,IND,MED-ORS-PKG,61.3,394,8.8,3,0
2026-08-16,PHC-PUN-002,IND,MED-ORS-PKG,90.9,850,45.0,10,1
2026-08-17,PHC-PUN-002,IND,MED-ORS-PKG,46.1,445,0.4,2,0
2026-06-19,PHC-PUN-002,IND,MED-ART-60,8.3,43,45.0,6,0
2026-06-20,PHC-PUN-002,IND,MED-ART-60,5.2,22,45.0,5,0
2026-06-21,PHC-PUN-002,IND,MED-ART-60,6.0,69,45.0,4,1
2026-06-22,PHC-PUN-002,IND,MED-ART-60,5.8,42,6.9,5,0
2026-06-23,PHC-PUN-002,IND,MED-ART-60,6.7,69,45.0,6,0
2026-06-24,PHC-PUN-002,IND,MED-ART-60,8.3,89,6.7,2,0
2026-06-25,PHC-PUN-002,IND,MED-ART-60,8.3,17,8.6,1,0
2026-06-26,PHC-PUN-002,IND,MED-ART-60,9.2,97,5.0,2,0
2026-06-27,PHC-PUN-002,IND,MED-ART-60,7.6,49,5.6,2,0
2026-06-28,PHC-PUN-002,IND,MED-ART-60,6.4,21,0.7,1,1
2026-06-29,PHC-PUN-002,IND,MED-ART-60,7.8,61,3.3,1,0
2026-06-30,PHC-PUN-002,IND,MED-ART-60,8.2,48,3.2,4,0
2026-07-01,PHC-PUN-002,IND,MED-ART-60,6.2,28,3.9,3,0
2026-07-02,PHC-PUN-002,IND,MED-ART-60,9.1,94,45.0,8,0
2026-07-03,PHC-PUN-002,IND,MED-ART-60,9.0,58,45.0,5,0
2026-07-04,PHC-PUN-002,IND,MED-ART-60,6.3,50,1.7,1,0
2026-07-05,PHC-PUN-002,IND,MED-ART-60,6.0,15,14.0,2,1
2026-07-06,PHC-PUN-002,IND,MED-ART-60,10.1,107,45.0,8,0
2026-07-07,PHC-PUN-002,IND,MED-ART-60,8.0,49,45.0,5,0
2026-07-08,PHC-PUN-002,IND,MED-ART-60,8.3,57,10.1,1,0
2026-07-09,PHC-PUN-002,IND,MED-ART-60,9.8,68,11.9,1,0
2026-07-10,PHC-PUN-002,IND,MED-ART-60,9.5,83,45.0,13,0
2026-07-11,PHC-PUN-002,IND,MED-ART-60,7.7,33,45.0,6,0
2026-07-12,PHC-PUN-002,IND,MED-ART-60,10.5,93,1.8,0,1
2026-07-13,PHC-PUN-002,IND,MED-ART-60,8.0,85,3.3,1,0
2026-07-14,PHC-PUN-002,IND,MED-ART-60,5.1,20,45.0,13,0
2026-07-15,PHC-PUN-002,IND,MED-ART-60,9.2,90,0.4,2,0
2026-07-16,PHC-PUN-002,IND,MED-ART-60,6.0,50,0.3,0,0
2026-07-17,PHC-PUN-002,IND,MED-ART-60,11.3,111,5.9,3,0
2026-07-18,PHC-PUN-002,IND,MED-ART-60,8.5,34,45.0,7,0
2026-07-19,PHC-PUN-002,IND,MED-ART-60,7.4,62,45.0,7,1
2026-07-20,PHC-PUN-002,IND,MED-ART-60,7.4,41,45.0,2,0
2026-07-21,PHC-PUN-002,IND,MED-ART-60,8.3,29,1.3,3,0
2026-07-22,PHC-PUN-002,IND,MED-ART-60,5.3,27,10.7,1,0
2026-07-23,PHC-PUN-002,IND,MED-ART-60,9.3,109,45.0,8,0
2026-07-24,PHC-PUN-002,IND,MED-ART-60,7.1,21,45.0,13,0
2026-07-25,PHC-PUN-002,IND,MED-ART-60,8.8,86,8.8,3,0
2026-07-26,PHC-PUN-002,IND,MED-ART-60,4.5,49,45.0,5,1
2026-07-27,PHC-PUN-002,IND,MED-ART-60,11.1,40,1.9,2,0
2026-07-28,PHC-PUN-002,IND,MED-ART-60,8.9,87,45.0,10,0
2026-07-29,PHC-PUN-002,IND,MED-ART-60,7.4,62,0.5,1,0
2026-07-30,PHC-PUN-002,IND,MED-ART-60,8.8,64,15.1,2,0
2026-07-31,PHC-PUN-002,IND,MED-ART-60,5.6,25,45.0,5,0
2026-08-01,PHC-PUN-002,IND,MED-ART-60,10.2,99,0.9,2,0
2026-08-02,PHC-PUN-002,IND,MED-ART-60,5.8,53,45.0,9,1
2026-08-03,PHC-PUN-002,IND,MED-ART-60,7.8,91,1.8,0,0
2026-08-04,PHC-PUN-002,IND,MED-ART-60,7.6,67,45.0,4,0
2026-08-05,PHC-PUN-002,IND,MED-ART-60,8.1,36,4.3,1,0
2026-08-06,PHC-PUN-002,IND,MED-ART-60,8.3,61,5.8,0,0
2026-08-07,PHC-PUN-002,IND,MED-ART-60,11.6,18,0.9,0,0
2026-08-08,PHC-PUN-002,IND,MED-ART-60,9.0,16,45.0,7,0
2026-08-09,PHC-PUN-002,IND,MED-ART-60,8.3,43,1.8,3,1
2026-08-10,PHC-PUN-002,IND,MED-ART-60,7.6,61,5.3,3,0
2026-08-11,PHC-PUN-002,IND,MED-ART-60,8.8,44,0.9,2,0
2026-08-12,PHC-PUN-002,IND,MED-ART-60,6.4,48,20.9,1,0
2026-08-13,PHC-PUN-002,IND,MED-ART-60,7.3,18,45.0,9,0
2026-08-14,PHC-PUN-002,IND,MED-ART-60,7.3,58,45.0,5,0
2026-08-15,PHC-PUN-002,IND,MED-ART-60,7.1,79,45.0,8,0
2026-08-16,PHC-PUN-002,IND,MED-ART-60,6.7,43,3.9,2,1
2026-08-17,PHC-PUN-002,IND,MED-ART-60,7.4,69,4.4,1,0
2026-06-19,PHC-PUN-002,IND,MED-INS-REG,9.5,26,45.0,6,0
2026-06-20,PHC-PUN-002,IND,MED-INS-REG,7.4,17,45.0,6,0
2026-06-21,PHC-PUN-002,IND,MED-INS-REG,10.0,81,45.0,7,1
2026-06-22,PHC-PUN-002,IND,MED-INS-REG,6.2,47,3.6,4,0
2026-06-23,PHC-PUN-002,IND,MED-INS-REG,8.8,77,45.0,7,0
2026-06-24,PHC-PUN-002,IND,MED-INS-REG,11.3,55,6.2,3,0
2026-06-25,PHC-PUN-002,IND,MED-INS-REG,8.2,14,45.0,9,0
2026-06-26,PHC-PUN-002,IND,MED-INS-REG,7.8,76,2.2,2,0
2026-06-27,PHC-PUN-002,IND,MED-INS-REG,10.7,65,45.0,5,0
2026-06-28,PHC-PUN-002,IND,MED-INS-REG,6.5,75,45.0,4,1
2026-06-29,PHC-PUN-002,IND,MED-INS-REG,8.4,26,1.3,0,0
2026-06-30,PHC-PUN-002,IND,MED-INS-REG,9.4,81,45.0,10,0
2026-07-01,PHC-PUN-002,IND,MED-INS-REG,4.9,19,5.7,2,0
2026-07-02,PHC-PUN-002,IND,MED-INS-REG,5.2,23,45.0,8,0
2026-07-03,PHC-PUN-002,IND,MED-INS-REG,5.1,11,1.3,3,0
2026-07-04,PHC-PUN-002,IND,MED-INS-REG,7.7,54,45.0,8,0
2026-07-05,PHC-PUN-002,IND,MED-INS-REG,5.0,32,3.6,2,1
2026-07-06,PHC-PUN-002,IND,MED-INS-REG,8.9,81,45.0,9,0
2026-07-07,PHC-PUN-002,IND,MED-INS-REG,7.1,81,0.1,2,0
2026-07-08,PHC-PUN-002,IND,MED-INS-REG,6.4,69,1.5,3,0
2026-07-09,PHC-PUN-002,IND,MED-INS-REG,9.8,79,45.0,7,0
2026-07-10,PHC-PUN-002,IND,MED-INS-REG,8.6,76,45.0,7,0
2026-07-11,PHC-PUN-002,IND,MED-INS-REG,5.3,39,2.6,2,0
2026-07-12,PHC-PUN-002,IND,MED-INS-REG,6.2,49,45.0,6,1
2026-07-13,PHC-PUN-002,IND,MED-INS-REG,10.2,114,3.1,1,0
2026-07-14,PHC-PUN-002,IND,MED-INS-REG,8.4,49,8.1,2,0
2026-07-15,PHC-PUN-002,IND,MED-INS-REG,7.4,55,45.0,7,0
2026-07-16,PHC-PUN-002,IND,MED-INS-REG,8.0,34,5.5,3,0
2026-07-17,PHC-PUN-002,IND,MED-INS-REG,8.8,96,45.0,10,0
2026-07-18,PHC-PUN-002,IND,MED-INS-REG,9.0,61,1.8,4,0
2026-07-19,PHC-PUN-002,IND,MED-INS-REG,9.7,75,9.0,4,1
2026-07-20,PHC-PUN-002,IND,MED-INS-REG,11.8,85,3.5,1,0
2026-07-21,PHC-PUN-002,IND,MED-INS-REG,9.5,42,2.5,1,0
2026-07-22,PHC-PUN-002,IND,MED-INS-REG,9.4,82,1.6,1,0
2026-07-23,PHC-PUN-002,IND,MED-INS-REG,7.2,21,5.8,0,0
2026-07-24,PHC-PUN-002,IND,MED-INS-REG,7.6,13,45.0,7,0
2026-07-25,PHC-PUN-002,IND,MED-INS-REG,6.3,15,1.7,1,0
2026-07-26,PHC-PUN-002,IND,MED-INS-REG,9.0,68,1.6,1,1
2026-07-27,PHC-PUN-002,IND,MED-INS-REG,7.6,58,45.0,6,0
2026-07-28,PHC-PUN-002,IND,MED-INS-REG,8.4,37,16.2,3,0
2026-07-29,PHC-PUN-002,IND,MED-INS-REG,7.0,67,45.0,9,0
2026-07-30,PHC-PUN-002,IND,MED-INS-REG,6.8,73,3.1,1,0
2026-07-31,PHC-PUN-002,IND,MED-INS-REG,10.6,122,45.0,9,0
2026-08-01,PHC-PUN-002,IND,MED-INS-REG,8.4,35,0.2,1,0
2026-08-02,PHC-PUN-002,IND,MED-INS-REG,12.4,142,2.7,2,1
2026-08-03,PHC-PUN-002,IND,MED-INS-REG,8.7,19,2.1,1,0
2026-08-04,PHC-PUN-002,IND,MED-INS-REG,10.0,33,45.0,13,0
2026-08-05,PHC-PUN-002,IND,MED-INS-REG,5.3,30,6.0,3,0
2026-08-06,PHC-PUN-002,IND,MED-INS-REG,10.0,51,0.3,1,0
2026-08-07,PHC-PUN-002,IND,MED-INS-REG,8.2,70,45.0,4,0
2026-08-08,PHC-PUN-002,IND,MED-INS-REG,8.9,51,9.8,1,0
2026-08-09,PHC-PUN-002,IND,MED-INS-REG,6.3,46,2.8,2,1
2026-08-10,PHC-PUN-002,IND,MED-INS-REG,5.0,17,45.0,7,0
2026-08-11,PHC-PUN-002,IND,MED-INS-REG,8.1,88,1.0,0,0
2026-08-12,PHC-PUN-002,IND,MED-INS-REG,8.5,55,45.0,8,0
2026-08-13,PHC-PUN-002,IND,MED-INS-REG,4.7,26,45.0,3,0
2026-08-14,PHC-PUN-002,IND,MED-INS-REG,10.6,68,45.0,4,0
2026-08-15,PHC-PUN-002,IND,MED-INS-REG,10.6,49,3.0,2,0
2026-08-16,PHC-PUN-002,IND,MED-INS-REG,7.9,56,1.5,1,1
2026-08-17,PHC-PUN-002,IND,MED-INS-REG,7.9,81,11.2,0,0
2026-06-19,PHC-PUN-003,IND,MED-PCM-500,34.5,82,9.1,4,0
2026-06-20,PHC-PUN-003,IND,MED-PCM-500,30.3,128,4.9,3,0
2026-06-21,PHC-PUN-003,IND,MED-PCM-500,41.8,148,2.9,1,1
2026-06-22,PHC-PUN-003,IND,MED-PCM-500,37.5,280,1.3,2,0
2026-06-23,PHC-PUN-003,IND,MED-PCM-500,25.3,223,3.1,4,0
2026-06-24,PHC-PUN-003,IND,MED-PCM-500,42.2,245,45.0,7,0
2026-06-25,PHC-PUN-003,IND,MED-PCM-500,44.8,451,2.7,0,0
2026-06-26,PHC-PUN-003,IND,MED-PCM-500,27.8,252,1.5,5,0
2026-06-27,PHC-PUN-003,IND,MED-PCM-500,64.3,762,45.0,6,0
2026-06-28,PHC-PUN-003,IND,MED-PCM-500,41.8,393,7.8,1,1
2026-06-29,PHC-PUN-003,IND,MED-PCM-500,40.7,427,5.8,3,0
2026-06-30,PHC-PUN-003,IND,MED-PCM-500,51.2,537,45.0,7,0
2026-07-01,PHC-PUN-003,IND,MED-PCM-500,43.4,484,2.5,3,0
2026-07-02,PHC-PUN-003,IND,MED-PCM-500,48.7,358,3.6,4,0
2026-07-03,PHC-PUN-003,IND,MED-PCM-500,36.2,423,1.9,1,0
2026-07-04,PHC-PUN-003,IND,MED-PCM-500,37.2,343,17.0,3,0
2026-07-05,PHC-PUN-003,IND,MED-PCM-500,43.7,458,2.9,4,1
2026-07-06,PHC-PUN-003,IND,MED-PCM-500,48.0,128,10.0,2,0
2026-07-07,PHC-PUN-003,IND,MED-PCM-500,46.9,379,45.0,12,0
2026-07-08,PHC-PUN-003,IND,MED-PCM-500,27.7,276,2.9,2,0
2026-07-09,PHC-PUN-003,IND,MED-PCM-500,28.3,104,3.6,5,0
2026-07-10,PHC-PUN-003,IND,MED-PCM-500,43.6,191,5.9,0,0
2026-07-11,PHC-PUN-003,IND,MED-PCM-500,40.4,107,3.8,4,0
2026-07-12,PHC-PUN-003,IND,MED-PCM-500,46.2,471,45.0,10,1
2026-07-13,PHC-PUN-003,IND,MED-PCM-500,43.3,250,0.9,0,0
2026-07-14,PHC-PUN-003,IND,MED-PCM-500,29.0,278,2.5,2,0
2026-07-15,PHC-PUN-003,IND,MED-PCM-500,46.3,73,45.0,11,0
2026-07-16,PHC-PUN-003,IND,MED-PCM-500,32.1,193,9.6,5,0
2026-07-17,PHC-PUN-003,IND,MED-PCM-500,50.3,396,6.1,2,0
2026-07-18,PHC-PUN-003,IND,MED-PCM-500,27.1,101,0.7,4,0
2026-07-19,PHC-PUN-003,IND,MED-PCM-500,32.1,269,5.9,1,1
2026-07-20,PHC-PUN-003,IND,MED-PCM-500,41.3,361,5.0,5,0
2026-07-21,PHC-PUN-003,IND,MED-PCM-500,31.2,136,10.9,0,0
2026-07-22,PHC-PUN-003,IND,MED-PCM-500,30.0,281,1.6,1,0
2026-07-23,PHC-PUN-003,IND,MED-PCM-500,42.4,108,1.1,6,0
2026-07-24,PHC-PUN-003,IND,MED-PCM-500,30.1,188,5.8,5,0
2026-07-25,PHC-PUN-003,IND,MED-PCM-500,59.0,239,45.0,6,0
2026-07-26,PHC-PUN-003,IND,MED-PCM-500,53.0,187,45.0,10,1
2026-07-27,PHC-PUN-003,IND,MED-PCM-500,34.1,95,0.9,1,0
2026-07-28,PHC-PUN-003,IND,MED-PCM-500,62.8,192,45.0,21,0
2026-07-29,PHC-PUN-003,IND,MED-PCM-500,35.1,68,0.3,5,0
2026-07-30,PHC-PUN-003,IND,MED-PCM-500,47.5,293,0.8,1,0
2026-07-31,PHC-PUN-003,IND,MED-PCM-500,37.7,379,2.2,1,0
2026-08-01,PHC-PUN-003,IND,MED-PCM-500,39.2,311,11.8,2,0
2026-08-02,PHC-PUN-003,IND,MED-PCM-500,32.0,208,0.3,3,1
2026-08-03,PHC-PUN-003,IND,MED-PCM-500,43.4,289,7.7,1,0
2026-08-04,PHC-PUN-003,IND,MED-PCM-500,31.9,247,4.9,2,0
2026-08-05,PHC-PUN-003,IND,MED-PCM-500,31.4,54,11.7,1,0
2026-08-06,PHC-PUN-003,IND,MED-PCM-500,36.8,66,13.8,1,0
2026-08-07,PHC-PUN-003,IND,MED-PCM-500,56.8,453,45.0,8,0
2026-08-08,PHC-PUN-003,IND,MED-PCM-500,37.0,184,2.8,3,0
2026-08-09,PHC-PUN-003,IND,MED-PCM-500,39.4,337,6.3,3,1
2026-08-10,PHC-PUN-003,IND,MED-PCM-500,54.9,165,45.0,9,0
2026-08-11,PHC-PUN-003,IND,MED-PCM-500,61.8,120,45.0,8,0
2026-08-12,PHC-PUN-003,IND,MED-PCM-500,34.8,129,0.9,0,0
2026-08-13,PHC-PUN-003,IND,MED-PCM-500,60.2,330,45.0,8,0
2026-08-14,PHC-PUN-003,IND,MED-PCM-500,35.8,92,3.3,0,0
2026-08-15,PHC-PUN-003,IND,MED-PCM-500,32.8,256,2.6,1,0
2026-08-16,PHC-PUN-003,IND,MED-PCM-500,59.2,698,45.0,8,1
2026-08-17,PHC-PUN-003,IND,MED-PCM-500,48.3,323,4.0,2,0
2026-06-19,PHC-PUN-003,IND,MED-AMX-250,18.0,110,0.9,1,0
2026-06-20,PHC-PUN-003,IND,MED-AMX-250,14.2,95,45.0,12,0
2026-06-21,PHC-PUN-003,IND,MED-AMX-250,16.8,140,2.0,1,1
2026-06-22,PHC-PUN-003,IND,MED-AMX-250,20.2,111,45.0,11,0
2026-06-23,PHC-PUN-003,IND,MED-AMX-250,13.3,40,1.0,1,0
2026-06-24,PHC-PUN-003,IND,MED-AMX-250,14.8,94,1.1,0,0
2026-06-25,PHC-PUN-003,IND,MED-AMX-250,12.1,82,19.8,3,0
2026-06-26,PHC-PUN-003,IND,MED-AMX-250,12.6,59,7.3,1,0
2026-06-27,PHC-PUN-003,IND,MED-AMX-250,13.7,29,1.9,0,0
2026-06-28,PHC-PUN-003,IND,MED-AMX-250,14.9,161,3.5,1,1
2026-06-29,PHC-PUN-003,IND,MED-AMX-250,16.9,129,7.3,4,0
2026-06-30,PHC-PUN-003,IND,MED-AMX-250,12.8,127,45.0,11,0
2026-07-01,PHC-PUN-003,IND,MED-AMX-250,14.3,97,4.2,3,0
2026-07-02,PHC-PUN-003,IND,MED-AMX-250,10.2,99,2.3,2,0
2026-07-03,PHC-PUN-003,IND,MED-AMX-250,14.0,113,1.2,1,0
2026-07-04,PHC-PUN-003,IND,MED-AMX-250,16.0,186,1.9,1,0
2026-07-05,PHC-PUN-003,IND,MED-AMX-250,14.0,90,45.0,5,1
2026-07-06,PHC-PUN-003,IND,MED-AMX-250,14.6,36,4.2,1,0
2026-07-07,PHC-PUN-003,IND,MED-AMX-250,13.5,160,2.6,1,0
2026-07-08,PHC-PUN-003,IND,MED-AMX-250,18.5,179,45.0,5,0
2026-07-09,PHC-PUN-003,IND,MED-AMX-250,12.6,60,0.2,3,0
2026-07-10,PHC-PUN-003,IND,MED-AMX-250,10.6,108,1.4,2,0
2026-07-11,PHC-PUN-003,IND,MED-AMX-250,13.9,140,4.1,1,0
2026-07-12,PHC-PUN-003,IND,MED-AMX-250,19.9,55,18.3,4,1
2026-07-13,PHC-PUN-003,IND,MED-AMX-250,17.9,201,10.7,4,0
2026-07-14,PHC-PUN-003,IND,MED-AMX-250,14.1,98,45.0,6,0
2026-07-15,PHC-PUN-003,IND,MED-AMX-250,13.8,155,45.0,11,0
2026-07-16,PHC-PUN-003,IND,MED-AMX-250,12.8,76,10.5,0,0
2026-07-17,PHC-PUN-003,IND,MED-AMX-250,12.4,83,45.0,9,0
2026-07-18,PHC-PUN-003,IND,MED-AMX-250,10.7,29,7.0,2,0
2026-07-19,PHC-PUN-003,IND,MED-AMX-250,10.7,74,45.0,8,1
2026-07-20,PHC-PUN-003,IND,MED-AMX-250,11.5,124,1.8,1,0
2026-07-21,PHC-PUN-003,IND,MED-AMX-250,16.6,71,45.0,11,0
2026-07-22,PHC-PUN-003,IND,MED-AMX-250,15.0,37,2.8,1,0
2026-07-23,PHC-PUN-003,IND,MED-AMX-250,19.4,88,45.0,6,0
2026-07-24,PHC-PUN-003,IND,MED-AMX-250,9.5,43,4.8,3,0
2026-07-25,PHC-PUN-003,IND,MED-AMX-250,13.2,84,2.2,2,0
2026-07-26,PHC-PUN-003,IND,MED-AMX-250,11.7,20,4.4,4,1
2026-07-27,PHC-PUN-003,IND,MED-AMX-250,12.5,66,4.0,6,0
2026-07-28,PHC-PUN-003,IND,MED-AMX-250,12.1,104,4.6,1,0
2026-07-29,PHC-PUN-003,IND,MED-AMX-250,15.9,188,2.7,1,0
2026-07-30,PHC-PUN-003,IND,MED-AMX-250,15.6,159,45.0,10,0
2026-07-31,PHC-PUN-003,IND,MED-AMX-250,18.4,125,45.0,5,0
2026-08-01,PHC-PUN-003,IND,MED-AMX-250,13.8,21,3.7,2,0
2026-08-02,PHC-PUN-003,IND,MED-AMX-250,12.1,85,7.9,1,1
2026-08-03,PHC-PUN-003,IND,MED-AMX-250,15.5,28,45.0,12,0
2026-08-04,PHC-PUN-003,IND,MED-AMX-250,13.8,110,6.4,3,0
2026-08-05,PHC-PUN-003,IND,MED-AMX-250,15.8,171,1.2,4,0
2026-08-06,PHC-PUN-003,IND,MED-AMX-250,13.3,37,1.1,0,0
2026-08-07,PHC-PUN-003,IND,MED-AMX-250,12.1,126,6.9,0,0
2026-08-08,PHC-PUN-003,IND,MED-AMX-250,14.0,135,45.0,7,0
2026-08-09,PHC-PUN-003,IND,MED-AMX-250,15.4,116,45.0,7,1
2026-08-10,PHC-PUN-003,IND,MED-AMX-250,11.5,43,45.0,7,0
2026-08-11,PHC-PUN-003,IND,MED-AMX-250,19.1,185,6.0,3,0
2026-08-12,PHC-PUN-003,IND,MED-AMX-250,16.8,40,45.0,6,0
2026-08-13,PHC-PUN-003,IND,MED-AMX-250,17.7,75,3.2,1,0
2026-08-14,PHC-PUN-003,IND,MED-AMX-250,14.1,71,2.0,0,0
2026-08-15,PHC-PUN-003,IND,MED-AMX-250,18.0,48,10.8,0,0
2026-08-16,PHC-PUN-003,IND,MED-AMX-250,12.9,71,1.7,3,1
2026-08-17,PHC-PUN-003,IND,MED-AMX-250,16.7,135,1.4,2,0
2026-06-19,PHC-PUN-003,IND,MED-ORS-PKG,63.6,120,45.0,7,0
2026-06-20,PHC-PUN-003,IND,MED-ORS-PKG,58.4,464,5.1,2,0
2026-06-21,PHC-PUN-003,IND,MED-ORS-PKG,63.6,316,45.0,8,1
2026-06-22,PHC-PUN-003,IND,MED-ORS-PKG,84.3,638,45.0,16,0
2026-06-23,PHC-PUN-003,IND,MED-ORS-PKG,47.3,537,14.6,4,0
2026-06-24,PHC-PUN-003,IND,MED-ORS-PKG,50.9,284,4.7,1,0
2026-06-25,PHC-PUN-003,IND,MED-ORS-PKG,59.7,302,3.0,3,0
2026-06-26,PHC-PUN-003,IND,MED-ORS-PKG,52.5,150,45.0,7,0
2026-06-27,PHC-PUN-003,IND,MED-ORS-PKG,68.6,121,2.0,1,0
2026-06-28,PHC-PUN-003,IND,MED-ORS-PKG,69.1,532,45.0,4,1
2026-06-29,PHC-PUN-003,IND,MED-ORS-PKG,51.9,541,2.4,4,0
2026-06-30,PHC-PUN-003,IND,MED-ORS-PKG,70.8,486,45.0,6,0
2026-07-01,PHC-PUN-003,IND,MED-ORS-PKG,92.8,532,45.0,8,0
2026-07-02,PHC-PUN-003,IND,MED-ORS-PKG,42.1,160,1.2,4,0
2026-07-03,PHC-PUN-003,IND,MED-ORS-PKG,45.1,256,8.6,1,0
2026-07-04,PHC-PUN-003,IND,MED-ORS-PKG,63.8,395,45.0,7,0
2026-07-05,PHC-PUN-003,IND,MED-ORS-PKG,61.4,553,45.0,8,1
2026-07-06,PHC-PUN-003,IND,MED-ORS-PKG,50.7,220,2.2,0,0
2026-07-07,PHC-PUN-003,IND,MED-ORS-PKG,59.2,294,45.0,9,0
2026-07-08,PHC-PUN-003,IND,MED-ORS-PKG,62.6,297,45.0,10,0
2026-07-09,PHC-PUN-003,IND,MED-ORS-PKG,63.8,427,45.0,9,0
2026-07-10,PHC-PUN-003,IND,MED-ORS-PKG,73.2,441,45.0,11,0
2026-07-11,PHC-PUN-003,IND,MED-ORS-PKG,75.1,285,45.0,7,0
2026-07-12,PHC-PUN-003,IND,MED-ORS-PKG,38.3,357,0.4,1,1
2026-07-13,PHC-PUN-003,IND,MED-ORS-PKG,63.5,687,45.0,6,0
2026-07-14,PHC-PUN-003,IND,MED-ORS-PKG,47.0,193,20.7,2,0
2026-07-15,PHC-PUN-003,IND,MED-ORS-PKG,67.1,585,1.3,2,0
2026-07-16,PHC-PUN-003,IND,MED-ORS-PKG,59.3,556,6.4,1,0
2026-07-17,PHC-PUN-003,IND,MED-ORS-PKG,62.0,695,4.4,1,0
2026-07-18,PHC-PUN-003,IND,MED-ORS-PKG,40.1,406,1.6,4,0
2026-07-19,PHC-PUN-003,IND,MED-ORS-PKG,46.7,422,5.6,0,1
2026-07-20,PHC-PUN-003,IND,MED-ORS-PKG,38.4,235,3.2,0,0
2026-07-21,PHC-PUN-003,IND,MED-ORS-PKG,37.2,195,0.6,1,0
2026-07-22,PHC-PUN-003,IND,MED-ORS-PKG,44.8,118,1.6,2,0
2026-07-23,PHC-PUN-003,IND,MED-ORS-PKG,42.6,296,3.0,1,0
2026-07-24,PHC-PUN-003,IND,MED-ORS-PKG,49.8,574,1.4,0,0
2026-07-25,PHC-PUN-003,IND,MED-ORS-PKG,65.1,315,45.0,10,0
2026-07-26,PHC-PUN-003,IND,MED-ORS-PKG,72.3,825,45.0,14,1
2026-07-27,PHC-PUN-003,IND,MED-ORS-PKG,70.7,156,45.0,6,0
2026-07-28,PHC-PUN-003,IND,MED-ORS-PKG,58.0,489,45.0,5,0
2026-07-29,PHC-PUN-003,IND,MED-ORS-PKG,51.1,444,9.1,1,0
2026-07-30,PHC-PUN-003,IND,MED-ORS-PKG,60.6,238,18.2,4,0
2026-07-31,PHC-PUN-003,IND,MED-ORS-PKG,63.0,666,45.0,5,0
2026-08-01,PHC-PUN-003,IND,MED-ORS-PKG,61.3,648,45.0,7,0
2026-08-02,PHC-PUN-003,IND,MED-ORS-PKG,73.7,668,45.0,7,1
2026-08-03,PHC-PUN-003,IND,MED-ORS-PKG,58.6,220,1.0,3,0
2026-08-04,PHC-PUN-003,IND,MED-ORS-PKG,42.9,303,3.1,4,0
2026-08-05,PHC-PUN-003,IND,MED-ORS-PKG,48.1,489,0.6,1,0
2026-08-06,PHC-PUN-003,IND,MED-ORS-PKG,55.3,323,9.5,1,0
2026-08-07,PHC-PUN-003,IND,MED-ORS-PKG,63.3,460,45.0,6,0
2026-08-08,PHC-PUN-003,IND,MED-ORS-PKG,63.7,140,13.3,2,0
2026-08-09,PHC-PUN-003,IND,MED-ORS-PKG,61.3,624,45.0,8,1
2026-08-10,PHC-PUN-003,IND,MED-ORS-PKG,54.7,445,6.1,3,0
2026-08-11,PHC-PUN-003,IND,MED-ORS-PKG,45.0,349,4.0,1,0
2026-08-12,PHC-PUN-003,IND,MED-ORS-PKG,54.7,593,45.0,11,0
2026-08-13,PHC-PUN-003,IND,MED-ORS-PKG,49.6,287,0.8,2,0
2026-08-14,PHC-PUN-003,IND,MED-ORS-PKG,65.1,708,45.0,9,0
2026-08-15,PHC-PUN-003,IND,MED-ORS-PKG,50.7,148,1.2,1,0
2026-08-16,PHC-PUN-003,IND,MED-ORS-PKG,64.5,663,45.0,5,1
2026-08-17,PHC-PUN-003,IND,MED-ORS-PKG,46.2,469,2.4,2,0
2026-06-19,PHC-PUN-003,IND,MED-ART-60,8.0,87,15.3,1,0
2026-06-20,PHC-PUN-003,IND,MED-ART-60,5.2,33,14.2,0,0
2026-06-21,PHC-PUN-003,IND,MED-ART-60,9.8,114,45.0,10,1
2026-06-22,PHC-PUN-003,IND,MED-ART-60,7.3,64,45.0,7,0
2026-06-23,PHC-PUN-003,IND,MED-ART-60,11.5,67,6.2,0,0
2026-06-24,PHC-PUN-003,IND,MED-ART-60,7.7,66,1.3,1,0
2026-06-25,PHC-PUN-003,IND,MED-ART-60,8.9,98,7.6,1,0
2026-06-26,PHC-PUN-003,IND,MED-ART-60,9.4,18,45.0,12,0
2026-06-27,PHC-PUN-003,IND,MED-ART-60,8.2,76,45.0,8,0
2026-06-28,PHC-PUN-003,IND,MED-ART-60,10.3,99,45.0,7,1
2026-06-29,PHC-PUN-003,IND,MED-ART-60,7.0,40,15.5,1,0
2026-06-30,PHC-PUN-003,IND,MED-ART-60,11.8,67,45.0,8,0
2026-07-01,PHC-PUN-003,IND,MED-ART-60,6.0,53,45.0,7,0
2026-07-02,PHC-PUN-003,IND,MED-ART-60,5.9,30,1.9,4,0
2026-07-03,PHC-PUN-003,IND,MED-ART-60,8.6,53,7.1,2,0
2026-07-04,PHC-PUN-003,IND,MED-ART-60,4.0,15,45.0,10,0
2026-07-05,PHC-PUN-003,IND,MED-ART-60,8.3,52,45.0,7,1
2026-07-06,PHC-PUN-003,IND,MED-ART-60,7.9,80,1.1,1,0
2026-07-07,PHC-PUN-003,IND,MED-ART-60,8.5,93,19.9,1,0
2026-07-08,PHC-PUN-003,IND,MED-ART-60,8.4,48,1.0,3,0
2026-07-09,PHC-PUN-003,IND,MED-ART-60,5.4,42,5.0,5,0
2026-07-10,PHC-PUN-003,IND,MED-ART-60,7.2,64,13.9,0,0
2026-07-11,PHC-PUN-003,IND,MED-ART-60,9.8,108,45.0,11,0
2026-07-12,PHC-PUN-003,IND,MED-ART-60,8.4,85,45.0,4,1
2026-07-13,PHC-PUN-003,IND,MED-ART-60,6.8,64,45.0,10,0
2026-07-14,PHC-PUN-003,IND,MED-ART-60,8.6,63,8.3,2,0
2026-07-15,PHC-PUN-003,IND,MED-ART-60,11.5,26,6.8,0,0
2026-07-16,PHC-PUN-003,IND,MED-ART-60,8.7,60,45.0,10,0
2026-07-17,PHC-PUN-003,IND,MED-ART-60,11.2,116,45.0,9,0
2026-07-18,PHC-PUN-003,IND,MED-ART-60,6.1,22,45.0,9,0
2026-07-19,PHC-PUN-003,IND,MED-ART-60,8.1,78,2.4,4,1
2026-07-20,PHC-PUN-003,IND,MED-ART-60,8.4,38,2.2,3,0
2026-07-21,PHC-PUN-003,IND,MED-ART-60,7.4,87,45.0,3,0
2026-07-22,PHC-PUN-003,IND,MED-ART-60,4.9,11,0.2,1,0
2026-07-23,PHC-PUN-003,IND,MED-ART-60,10.7,26,2.8,3,0
2026-07-24,PHC-PUN-003,IND,MED-ART-60,6.7,62,45.0,8,0
2026-07-25,PHC-PUN-003,IND,MED-ART-60,6.4,72,0.7,1,0
2026-07-26,PHC-PUN-003,IND,MED-ART-60,8.8,34,45.0,7,1
2026-07-27,PHC-PUN-003,IND,MED-ART-60,7.0,22,45.0,14,0
2026-07-28,PHC-PUN-003,IND,MED-ART-60,8.0,76,45.0,7,0
2026-07-29,PHC-PUN-003,IND,MED-ART-60,5.8,20,1.6,3,0
2026-07-30,PHC-PUN-003,IND,MED-ART-60,8.3,70,0.6,2,0
2026-07-31,PHC-PUN-003,IND,MED-ART-60,7.8,86,45.0,12,0
2026-08-01,PHC-PUN-003,IND,MED-ART-60,6.3,29,4.4,0,0
2026-08-02,PHC-PUN-003,IND,MED-ART-60,7.3,22,3.0,2,1
2026-08-03,PHC-PUN-003,IND,MED-ART-60,10.2,47,4.8,2,0
2026-08-04,PHC-PUN-003,IND,MED-ART-60,8.8,57,8.5,3,0
2026-08-05,PHC-PUN-003,IND,MED-ART-60,7.8,31,45.0,13,0
2026-08-06,PHC-PUN-003,IND,MED-ART-60,9.2,80,1.2,2,0
2026-08-07,PHC-PUN-003,IND,MED-ART-60,8.6,41,45.0,8,0
2026-08-08,PHC-PUN-003,IND,MED-ART-60,8.3,65,0.8,2,0
2026-08-09,PHC-PUN-003,IND,MED-ART-60,6.0,20,0.8,1,1
2026-08-10,PHC-PUN-003,IND,MED-ART-60,7.2,50,45.0,8,0
2026-08-11,PHC-PUN-003,IND,MED-ART-60,5.5,20,2.9,3,0
2026-08-12,PHC-PUN-003,IND,MED-ART-60,7.1,70,45.0,9,0
2026-08-13,PHC-PUN-003,IND,MED-ART-60,6.6,22,45.0,5,0
2026-08-14,PHC-PUN-003,IND,MED-ART-60,8.6,87,45.0,8,0
2026-08-15,PHC-PUN-003,IND,MED-ART-60,9.9,54,7.5,1,0
2026-08-16,PHC-PUN-003,IND,MED-ART-60,7.0,13,45.0,4,1
2026-08-17,PHC-PUN-003,IND,MED-ART-60,9.2,34,4.6,0,0
2026-06-19,PHC-PUN-003,IND,MED-INS-REG,7.7,90,45.0,5,0
2026-06-20,PHC-PUN-003,IND,MED-INS-REG,7.2,70,45.0,7,0
2026-06-21,PHC-PUN-003,IND,MED-INS-REG,6.4,71,11.3,3,1
2026-06-22,PHC-PUN-003,IND,MED-INS-REG,8.2,89,9.1,3,0
2026-06-23,PHC-PUN-003,IND,MED-INS-REG,9.8,69,10.3,3,0
2026-06-24,PHC-PUN-003,IND,MED-INS-REG,6.4,16,0.3,1,0
2026-06-25,PHC-PUN-003,IND,MED-INS-REG,9.2,65,3.7,1,0
2026-06-26,PHC-PUN-003,IND,MED-INS-REG,7.1,70,45.0,9,0
2026-06-27,PHC-PUN-003,IND,MED-INS-REG,7.6,45,4.4,0,0
2026-06-28,PHC-PUN-003,IND,MED-INS-REG,8.8,52,12.2,1,1
2026-06-29,PHC-PUN-003,IND,MED-INS-REG,7.5,79,45.0,7,0
2026-06-30,PHC-PUN-003,IND,MED-INS-REG,5.0,31,3.9,2,0
2026-07-01,PHC-PUN-003,IND,MED-INS-REG,8.0,29,45.0,7,0
2026-07-02,PHC-PUN-003,IND,MED-INS-REG,6.0,17,3.2,2,0
2026-07-03,PHC-PUN-003,IND,MED-INS-REG,6.7,15,7.0,2,0
2026-07-04,PHC-PUN-003,IND,MED-INS-REG,8.0,21,2.2,4,0
2026-07-05,PHC-PUN-003,IND,MED-INS-REG,6.0,12,3.9,2,1
2026-07-06,PHC-PUN-003,IND,MED-INS-REG,9.7,60,45.0,5,0
2026-07-07,PHC-PUN-003,IND,MED-INS-REG,6.8,22,9.2,2,0
2026-07-08,PHC-PUN-003,IND,MED-INS-REG,9.1,21,4.1,3,0
2026-07-09,PHC-PUN-003,IND,MED-INS-REG,10.0,25,1.0,0,0
2026-07-10,PHC-PUN-003,IND,MED-INS-REG,5.5,30,45.0,10,0
2026-07-11,PHC-PUN-003,IND,MED-INS-REG,7.2,53,1.0,1,0
2026-07-12,PHC-PUN-003,IND,MED-INS-REG,9.0,23,45.0,11,1
2026-07-13,PHC-PUN-003,IND,MED-INS-REG,9.4,72,4.2,0,0
2026-07-14,PHC-PUN-003,IND,MED-INS-REG,7.4,35,4.6,5,0
2026-07-15,PHC-PUN-003,IND,MED-INS-REG,8.8,19,45.0,10,0
2026-07-16,PHC-PUN-003,IND,MED-INS-REG,5.6,55,6.8,3,0
2026-07-17,PHC-PUN-003,IND,MED-INS-REG,9.7,67,17.9,0,0
2026-07-18,PHC-PUN-003,IND,MED-INS-REG,7.7,87,1.4,4,0
2026-07-19,PHC-PUN-003,IND,MED-INS-REG,6.3,9,3.5,2,1
2026-07-20,PHC-PUN-003,IND,MED-INS-REG,6.9,71,4.8,2,0
2026-07-21,PHC-PUN-003,IND,MED-INS-REG,11.7,33,0.3,4,0
2026-07-22,PHC-PUN-003,IND,MED-INS-REG,6.2,66,19.3,3,0
2026-07-23,PHC-PUN-003,IND,MED-INS-REG,6.2,64,6.6,2,0
2026-07-24,PHC-PUN-003,IND,MED-INS-REG,10.6,51,45.0,5,0
2026-07-25,PHC-PUN-003,IND,MED-INS-REG,6.6,39,1.7,2,0
2026-07-26,PHC-PUN-003,IND,MED-INS-REG,8.2,96,2.2,1,1
2026-07-27,PHC-PUN-003,IND,MED-INS-REG,8.4,64,8.6,2,0
2026-07-28,PHC-PUN-003,IND,MED-INS-REG,9.1,90,45.0,13,0
2026-07-29,PHC-PUN-003,IND,MED-INS-REG,7.1,32,45.0,7,0
2026-07-30,PHC-PUN-003,IND,MED-INS-REG,9.0,76,1.4,2,0
2026-07-31,PHC-PUN-003,IND,MED-INS-REG,4.9,11,6.1,1,0
2026-08-01,PHC-PUN-003,IND,MED-INS-REG,10.1,32,3.5,1,0
2026-08-02,PHC-PUN-003,IND,MED-INS-REG,9.4,91,4.2,3,1
2026-08-03,PHC-PUN-003,IND,MED-INS-REG,10.9,20,22.2,1,0
2026-08-04,PHC-PUN-003,IND,MED-INS-REG,10.8,94,1.1,3,0
2026-08-05,PHC-PUN-003,IND,MED-INS-REG,5.9,30,4.1,4,0
2026-08-06,PHC-PUN-003,IND,MED-INS-REG,6.3,57,45.0,13,0
2026-08-07,PHC-PUN-003,IND,MED-INS-REG,10.1,89,4.7,2,0
2026-08-08,PHC-PUN-003,IND,MED-INS-REG,7.3,27,1.0,2,0
2026-08-09,PHC-PUN-003,IND,MED-INS-REG,7.4,66,45.0,12,1
2026-08-10,PHC-PUN-003,IND,MED-INS-REG,7.4,63,4.8,1,0
2026-08-11,PHC-PUN-003,IND,MED-INS-REG,7.8,51,1.3,1,0
2026-08-12,PHC-PUN-003,IND,MED-INS-REG,6.4,39,1.8,1,0
2026-08-13,PHC-PUN-003,IND,MED-INS-REG,6.4,66,45.0,10,0
2026-08-14,PHC-PUN-003,IND,MED-INS-REG,8.0,45,1.1,2,0
2026-08-15,PHC-PUN-003,IND,MED-INS-REG,8.9,82,2.2,1,0
2026-08-16,PHC-PUN-003,IND,MED-INS-REG,6.6,56,45.0,10,1
2026-08-17,PHC-PUN-003,IND,MED-INS-REG,8.0,88,2.1,1,0
2026-06-19,PHC-PUN-004,IND,MED-PCM-500,35.6,165,0.7,3,0
2026-06-20,PHC-PUN-004,IND,MED-PCM-500,43.0,334,5.2,2,0
2026-06-21,PHC-PUN-004,IND,MED-PCM-500,28.1,234,3.3,2,1
2026-06-22,PHC-PUN-004,IND,MED-PCM-500,35.1,408,11.0,1,0
2026-06-23,PHC-PUN-004,IND,MED-PCM-500,41.5,458,0.2,2,0
2026-06-24,PHC-PUN-004,IND,MED-PCM-500,43.2,382,0.1,5,0
2026-06-25,PHC-PUN-004,IND,MED-PCM-500,41.6,485,45.0,6,0
2026-06-26,PHC-PUN-004,IND,MED-PCM-500,46.3,492,1.9,2,0
2026-06-27,PHC-PUN-004,IND,MED-PCM-500,48.6,534,2.5,2,0
2026-06-28,PHC-PUN-004,IND,MED-PCM-500,60.1,699,45.0,7,1
2026-06-29,PHC-PUN-004,IND,MED-PCM-500,63.5,612,45.0,5,0
2026-06-30,PHC-PUN-004,IND,MED-PCM-500,47.0,145,2.4,3,0
2026-07-01,PHC-PUN-004,IND,MED-PCM-500,59.7,364,45.0,9,0
2026-07-02,PHC-PUN-004,IND,MED-PCM-500,49.1,529,45.0,7,0
2026-07-03,PHC-PUN-004,IND,MED-PCM-500,59.2,590,45.0,3,0
2026-07-04,PHC-PUN-004,IND,MED-PCM-500,32.5,156,2.5,0,0
2026-07-05,PHC-PUN-004,IND,MED-PCM-500,31.8,176,13.4,2,1
2026-07-06,PHC-PUN-004,IND,MED-PCM-500,33.7,198,3.3,4,0
2026-07-07,PHC-PUN-004,IND,MED-PCM-500,33.8,220,8.1,1,0
2026-07-08,PHC-PUN-004,IND,MED-PCM-500,31.0,285,1.4,0,0
2026-07-09,PHC-PUN-004,IND,MED-PCM-500,46.8,335,45.0,7,0
2026-07-10,PHC-PUN-004,IND,MED-PCM-500,30.5,285,7.1,4,0
2026-07-11,PHC-PUN-004,IND,MED-PCM-500,62.8,603,45.0,6,0
2026-07-12,PHC-PUN-004,IND,MED-PCM-500,26.3,160,4.6,1,1
2026-07-13,PHC-PUN-004,IND,MED-PCM-500,57.8,160,45.0,9,0
2026-07-14,PHC-PUN-004,IND,MED-PCM-500,29.3,133,3.1,0,0
2026-07-15,PHC-PUN-004,IND,MED-PCM-500,42.9,223,2.2,4,0
2026-07-16,PHC-PUN-004,IND,MED-PCM-500,37.7,189,12.5,6,0
2026-07-17,PHC-PUN-004,IND,MED-PCM-500,36.3,250,45.0,4,0
2026-07-18,PHC-PUN-004,IND,MED-PCM-500,59.7,423,45.0,9,0
2026-07-19,PHC-PUN-004,IND,MED-PCM-500,40.5,482,45.0,9,1
2026-07-20,PHC-PUN-004,IND,MED-PCM-500,41.2,479,9.5,0,0
2026-07-21,PHC-PUN-004,IND,MED-PCM-500,17.9,114,9.7,1,0
2026-07-22,PHC-PUN-004,IND,MED-PCM-500,52.1,561,45.0,5,0
2026-07-23,PHC-PUN-004,IND,MED-PCM-500,48.0,275,1.0,2,0
2026-07-24,PHC-PUN-004,IND,MED-PCM-500,23.2,37,8.8,2,0
2026-07-25,PHC-PUN-004,IND,MED-PCM-500,34.8,361,5.9,2,0
2026-07-26,PHC-PUN-004,IND,MED-PCM-500,32.8,93,2.8,2,1
2026-07-27,PHC-PUN-004,IND,MED-PCM-500,42.3,146,17.1,0,0
2026-07-28,PHC-PUN-004,IND,MED-PCM-500,52.0,623,45.0,4,0
2026-07-29,PHC-PUN-004,IND,MED-PCM-500,37.2,69,4.1,3,0
2026-07-30,PHC-PUN-004,IND,MED-PCM-500,49.7,483,9.2,5,0
2026-07-31,PHC-PUN-004,IND,MED-PCM-500,59.1,302,45.0,9,0
2026-08-01,PHC-PUN-004,IND,MED-PCM-500,29.2,183,5.5,2,0
2026-08-02,PHC-PUN-004,IND,MED-PCM-500,41.9,366,45.0,4,1
2026-08-03,PHC-PUN-004,IND,MED-PCM-500,45.0,328,45.0,5,0
2026-08-04,PHC-PUN-004,IND,MED-PCM-500,51.9,453,45.0,9,0
2026-08-05,PHC-PUN-004,IND,MED-PCM-500,27.4,46,1.6,1,0
2026-08-06,PHC-PUN-004,IND,MED-PCM-500,61.6,448,45.0,9,0
2026-08-07,PHC-PUN-004,IND,MED-PCM-500,51.8,574,45.0,8,0
2026-08-08,PHC-PUN-004,IND,MED-PCM-500,48.2,213,45.0,11,0
2026-08-09,PHC-PUN-004,IND,MED-PCM-500,45.1,435,45.0,7,1
2026-08-10,PHC-PUN-004,IND,MED-PCM-500,35.0,355,13.5,3,0
2026-08-11,PHC-PUN-004,IND,MED-PCM-500,57.5,177,45.0,11,0
2026-08-12,PHC-PUN-004,IND,MED-PCM-500,41.6,208,45.0,7,0
2026-08-13,PHC-PUN-004,IND,MED-PCM-500,45.0,479,45.0,11,0
2026-08-14,PHC-PUN-004,IND,MED-PCM-500,45.2,475,0.3,2,0
2026-08-15,PHC-PUN-004,IND,MED-PCM-500,49.7,576,45.0,8,0
2026-08-16,PHC-PUN-004,IND,MED-PCM-500,39.6,98,0.7,2,1
2026-08-17,PHC-PUN-004,IND,MED-PCM-500,50.3,309,45.0,8,0
2026-06-19,PHC-PUN-004,IND,MED-AMX-250,14.7,76,45.0,7,0
2026-06-20,PHC-PUN-004,IND,MED-AMX-250,16.3,91,45.0,9,0
2026-06-21,PHC-PUN-004,IND,MED-AMX-250,23.6,80,2.5,2,1
2026-06-22,PHC-PUN-004,IND,MED-AMX-250,16.0,51,45.0,12,0
2026-06-23,PHC-PUN-004,IND,MED-AMX-250,17.6,123,45.0,7,0
2026-06-24,PHC-PUN-004,IND,MED-AMX-250,14.1,32,6.1,1,0
2026-06-25,PHC-PUN-004,IND,MED-AMX-250,21.6,253,45.0,10,0
2026-06-26,PHC-PUN-004,IND,MED-AMX-250,15.5,32,45.0,11,0
2026-06-27,PHC-PUN-004,IND,MED-AMX-250,15.3,55,2.0,3,0
2026-06-28,PHC-PUN-004,IND,MED-AMX-250,13.7,86,8.7,3,1
2026-06-29,PHC-PUN-004,IND,MED-AMX-250,15.2,110,6.8,2,0
2026-06-30,PHC-PUN-004,IND,MED-AMX-250,16.7,134,45.0,10,0
2026-07-01,PHC-PUN-004,IND,MED-AMX-250,15.5,130,2.7,3,0
2026-07-02,PHC-PUN-004,IND,MED-AMX-250,16.8,36,1.9,4,0
2026-07-03,PHC-PUN-004,IND,MED-AMX-250,18.2,119,27.3,6,0
2026-07-04,PHC-PUN-004,IND,MED-AMX-250,16.8,142,6.8,4,0
2026-07-05,PHC-PUN-004,IND,MED-AMX-250,16.5,63,2.7,0,1
2026-07-06,PHC-PUN-004,IND,MED-AMX-250,18.1,153,2.6,3,0
2026-07-07,PHC-PUN-004,IND,MED-AMX-250,17.1,76,2.5,2,0
2026-07-08,PHC-PUN-004,IND,MED-AMX-250,14.5,154,0.8,3,0
2026-07-09,PHC-PUN-004,IND,MED-AMX-250,19.4,112,45.0,6,0
2026-07-10,PHC-PUN-004,IND,MED-AMX-250,13.4,91,0.6,3,0
2026-07-11,PHC-PUN-004,IND,MED-AMX-250,15.7,160,2.0,2,0
2026-07-12,PHC-PUN-004,IND,MED-AMX-250,15.6,83,2.8,1,1
2026-07-13,PHC-PUN-004,IND,MED-AMX-250,14.7,81,45.0,9,0
2026-07-14,PHC-PUN-004,IND,MED-AMX-250,15.0,40,45.0,6,0
2026-07-15,PHC-PUN-004,IND,MED-AMX-250,9.7,34,45.0,7,0
2026-07-16,PHC-PUN-004,IND,MED-AMX-250,14.1,140,45.0,11,0
2026-07-17,PHC-PUN-004,IND,MED-AMX-250,13.6,21,45.0,13,0
2026-07-18,PHC-PUN-004,IND,MED-AMX-250,22.4,196,7.9,2,0
2026-07-19,PHC-PUN-004,IND,MED-AMX-250,13.7,39,0.8,3,1
2026-07-20,PHC-PUN-004,IND,MED-AMX-250,14.9,94,1.0,1,0
2026-07-21,PHC-PUN-004,IND,MED-AMX-250,15.1,136,45.0,8,0
2026-07-22,PHC-PUN-004,IND,MED-AMX-250,15.7,174,4.0,1,0
2026-07-23,PHC-PUN-004,IND,MED-AMX-250,18.0,91,6.0,6,0
2026-07-24,PHC-PUN-004,IND,MED-AMX-250,17.0,176,5.4,4,0
2026-07-25,PHC-PUN-004,IND,MED-AMX-250,13.5,28,1.7,3,0
2026-07-26,PHC-PUN-004,IND,MED-AMX-250,15.7,139,11.3,1,1
2026-07-27,PHC-PUN-004,IND,MED-AMX-250,17.7,33,45.0,6,0
2026-07-28,PHC-PUN-004,IND,MED-AMX-250,15.3,91,11.1,3,0
2026-07-29,PHC-PUN-004,IND,MED-AMX-250,13.1,98,0.9,2,0
2026-07-30,PHC-PUN-004,IND,MED-AMX-250,13.6,143,4.8,3,0
2026-07-31,PHC-PUN-004,IND,MED-AMX-250,20.5,44,6.1,3,0
2026-08-01,PHC-PUN-004,IND,MED-AMX-250,14.8,34,2.7,2,0
2026-08-02,PHC-PUN-004,IND,MED-AMX-250,18.2,184,45.0,8,1
2026-08-03,PHC-PUN-004,IND,MED-AMX-250,16.2,75,45.0,6,0
2026-08-04,PHC-PUN-004,IND,MED-AMX-250,13.1,94,45.0,7,0
2026-08-05,PHC-PUN-004,IND,MED-AMX-250,12.5,125,1.8,2,0
2026-08-06,PHC-PUN-004,IND,MED-AMX-250,14.2,127,45.0,7,0
2026-08-07,PHC-PUN-004,IND,MED-AMX-250,16.7,96,45.0,6,0
2026-08-08,PHC-PUN-004,IND,MED-AMX-250,14.6,51,45.0,9,0
2026-08-09,PHC-PUN-004,IND,MED-AMX-250,14.5,125,13.9,2,1
2026-08-10,PHC-PUN-004,IND,MED-AMX-250,13.8,140,1.8,1,0
2026-08-11,PHC-PUN-004,IND,MED-AMX-250,16.2,78,45.0,7,0
2026-08-12,PHC-PUN-004,IND,MED-AMX-250,19.0,177,45.0,12,0
2026-08-13,PHC-PUN-004,IND,MED-AMX-250,14.2,138,45.0,7,0
2026-08-14,PHC-PUN-004,IND,MED-AMX-250,12.2,136,2.5,2,0
2026-08-15,PHC-PUN-004,IND,MED-AMX-250,16.0,27,45.0,5,0
2026-08-16,PHC-PUN-004,IND,MED-AMX-250,13.5,32,0.9,3,1
2026-08-17,PHC-PUN-004,IND,MED-AMX-250,15.1,93,2.4,3,0
2026-06-19,PHC-PUN-004,IND,MED-ORS-PKG,78.2,704,45.0,17,0
2026-06-20,PHC-PUN-004,IND,MED-ORS-PKG,45.6,496,4.3,2,0
2026-06-21,PHC-PUN-004,IND,MED-ORS-PKG,61.7,710,1.7,1,1
2026-06-22,PHC-PUN-004,IND,MED-ORS-PKG,69.2,641,45.0,11,0
2026-06-23,PHC-PUN-004,IND,MED-ORS-PKG,82.3,815,45.0,8,0
2026-06-24,PHC-PUN-004,IND,MED-ORS-PKG,54.3,455,2.2,4,0
2026-06-25,PHC-PUN-004,IND,MED-ORS-PKG,49.1,109,4.7,3,0
2026-06-26,PHC-PUN-004,IND,MED-ORS-PKG,59.3,178,0.1,1,0
2026-06-27,PHC-PUN-004,IND,MED-ORS-PKG,55.7,548,17.9,2,0
2026-06-28,PHC-PUN-004,IND,MED-ORS-PKG,49.8,108,11.3,2,1
2026-06-29,PHC-PUN-004,IND,MED-ORS-PKG,74.1,376,45.0,7,0
2026-06-30,PHC-PUN-004,IND,MED-ORS-PKG,49.2,404,0.1,4,0
2026-07-01,PHC-PUN-004,IND,MED-ORS-PKG,65.5,659,45.0,6,0
2026-07-02,PHC-PUN-004,IND,MED-ORS-PKG,72.8,284,45.0,7,0
2026-07-03,PHC-PUN-004,IND,MED-ORS-PKG,75.7,701,45.0,11,0
2026-07-04,PHC-PUN-004,IND,MED-ORS-PKG,46.2,535,3.2,4,0
2026-07-05,PHC-PUN-004,IND,MED-ORS-PKG,43.3,228,2.1,1,1
2026-07-06,PHC-PUN-004,IND,MED-ORS-PKG,68.7,764,45.0,9,0
2026-07-07,PHC-PUN-004,IND,MED-ORS-PKG,60.9,161,6.6,3,0
2026-07-08,PHC-PUN-004,IND,MED-ORS-PKG,63.4,705,3.7,3,0
2026-07-09,PHC-PUN-004,IND,MED-ORS-PKG,54.2,203,11.2,3,0
2026-07-10,PHC-PUN-004,IND,MED-ORS-PKG,56.7,596,45.0,13,0
2026-07-11,PHC-PUN-004,IND,MED-ORS-PKG,64.1,148,45.0,9,0
2026-07-12,PHC-PUN-004,IND,MED-ORS-PKG,64.9,647,45.0,12,1
2026-07-13,PHC-PUN-004,IND,MED-ORS-PKG,51.0,451,45.0,9,0
2026-07-14,PHC-PUN-004,IND,MED-ORS-PKG,82.1,918,45.0,3,0
2026-07-15,PHC-PUN-004,IND,MED-ORS-PKG,27.4,163,2.4,2,0
2026-07-16,PHC-PUN-004,IND,MED-ORS-PKG,60.5,369,4.4,2,0
2026-07-17,PHC-PUN-004,IND,MED-ORS-PKG,52.4,524,14.4,3,0
2026-07-18,PHC-PUN-004,IND,MED-ORS-PKG,57.3,661,45.0,7,0
2026-07-19,PHC-PUN-004,IND,MED-ORS-PKG,53.4,109,1.8,2,1
2026-07-20,PHC-PUN-004,IND,MED-ORS-PKG,70.2,569,45.0,7,0
2026-07-21,PHC-PUN-004,IND,MED-ORS-PKG,52.1,538,0.7,1,0
2026-07-22,PHC-PUN-004,IND,MED-ORS-PKG,32.3,108,1.0,3,0
2026-07-23,PHC-PUN-004,IND,MED-ORS-PKG,48.6,234,45.0,12,0
2026-07-24,PHC-PUN-004,IND,MED-ORS-PKG,59.0,274,45.0,6,0
2026-07-25,PHC-PUN-004,IND,MED-ORS-PKG,87.4,463,45.0,6,0
2026-07-26,PHC-PUN-004,IND,MED-ORS-PKG,84.7,452,45.0,6,1
2026-07-27,PHC-PUN-004,IND,MED-ORS-PKG,82.6,276,45.0,10,0
2026-07-28,PHC-PUN-004,IND,MED-ORS-PKG,56.5,208,1.4,2,0
2026-07-29,PHC-PUN-004,IND,MED-ORS-PKG,40.7,231,2.5,2,0
2026-07-30,PHC-PUN-004,IND,MED-ORS-PKG,35.6,104,1.5,1,0
2026-07-31,PHC-PUN-004,IND,MED-ORS-PKG,39.1,150,7.0,3,0
2026-08-01,PHC-PUN-004,IND,MED-ORS-PKG,73.6,612,45.0,16,0
2026-08-02,PHC-PUN-004,IND,MED-ORS-PKG,62.2,482,45.0,0,1
2026-08-03,PHC-PUN-004,IND,MED-ORS-PKG,58.4,241,1.5,3,0
2026-08-04,PHC-PUN-004,IND,MED-ORS-PKG,38.2,192,0.8,0,0
2026-08-05,PHC-PUN-004,IND,MED-ORS-PKG,60.7,196,2.8,1,0
2026-08-06,PHC-PUN-004,IND,MED-ORS-PKG,81.9,147,45.0,7,0
2026-08-07,PHC-PUN-004,IND,MED-ORS-PKG,40.1,438,10.4,2,0
2026-08-08,PHC-PUN-004,IND,MED-ORS-PKG,79.3,494,45.0,7,0
2026-08-09,PHC-PUN-004,IND,MED-ORS-PKG,61.3,219,45.0,4,1
2026-08-10,PHC-PUN-004,IND,MED-ORS-PKG,58.5,421,2.1,2,0
2026-08-11,PHC-PUN-004,IND,MED-ORS-PKG,70.7,706,3.2,2,0
2026-08-12,PHC-PUN-004,IND,MED-ORS-PKG,51.0,208,4.1,1,0
2026-08-13,PHC-PUN-004,IND,MED-ORS-PKG,58.1,123,12.7,2,0
2026-08-14,PHC-PUN-004,IND,MED-ORS-PKG,54.9,548,0.6,2,0
2026-08-15,PHC-PUN-004,IND,MED-ORS-PKG,40.2,367,1.9,2,0
2026-08-16,PHC-PUN-004,IND,MED-ORS-PKG,72.3,116,45.0,11,1
2026-08-17,PHC-PUN-004,IND,MED-ORS-PKG,51.6,504,5.5,0,0
2026-06-19,PHC-PUN-004,IND,MED-ART-60,6.9,76,6.5,0,0
2026-06-20,PHC-PUN-004,IND,MED-ART-60,5.0,59,9.7,3,0
2026-06-21,PHC-PUN-004,IND,MED-ART-60,6.4,13,2.5,2,1
2026-06-22,PHC-PUN-004,IND,MED-ART-60,9.6,18,45.0,8,0
2026-06-23,PHC-PUN-004,IND,MED-ART-60,6.6,20,45.0,8,0
2026-06-24,PHC-PUN-004,IND,MED-ART-60,5.8,49,45.0,8,0
2026-06-25,PHC-PUN-004,IND,MED-ART-60,7.7,41,45.0,5,0
2026-06-26,PHC-PUN-004,IND,MED-ART-60,7.9,15,7.1,3,0
2026-06-27,PHC-PUN-004,IND,MED-ART-60,9.1,85,45.0,3,0
2026-06-28,PHC-PUN-004,IND,MED-ART-60,7.9,75,12.7,3,1
2026-06-29,PHC-PUN-004,IND,MED-ART-60,11.3,20,2.1,1,0
2026-06-30,PHC-PUN-004,IND,MED-ART-60,5.3,45,45.0,8,0
2026-07-01,PHC-PUN-004,IND,MED-ART-60,8.6,69,0.8,2,0
2026-07-02,PHC-PUN-004,IND,MED-ART-60,6.4,56,45.0,8,0
2026-07-03,PHC-PUN-004,IND,MED-ART-60,7.1,64,45.0,4,0
2026-07-04,PHC-PUN-004,IND,MED-ART-60,8.0,87,45.0,9,0
2026-07-05,PHC-PUN-004,IND,MED-ART-60,5.7,47,45.0,7,1
2026-07-06,PHC-PUN-004,IND,MED-ART-60,7.4,53,45.0,7,0
2026-07-07,PHC-PUN-004,IND,MED-ART-60,10.8,49,9.3,2,0
2026-07-08,PHC-PUN-004,IND,MED-ART-60,8.6,48,8.8,2,0
2026-07-09,PHC-PUN-004,IND,MED-ART-60,6.5,22,45.0,13,0
2026-07-10,PHC-PUN-004,IND,MED-ART-60,5.7,44,6.2,3,0
2026-07-11,PHC-PUN-004,IND,MED-ART-60,6.2,25,0.5,0,0
2026-07-12,PHC-PUN-004,IND,MED-ART-60,8.3,53,8.1,0,1
2026-07-13,PHC-PUN-004,IND,MED-ART-60,8.3,70,14.9,3,0
2026-07-14,PHC-PUN-004,IND,MED-ART-60,8.0,50,8.6,4,0
2026-07-15,PHC-PUN-004,IND,MED-ART-60,6.2,37,3.7,0,0
2026-07-16,PHC-PUN-004,IND,MED-ART-60,11.0,91,45.0,6,0
2026-07-17,PHC-PUN-004,IND,MED-ART-60,6.5,31,1.3,1,0
2026-07-18,PHC-PUN-004,IND,MED-ART-60,7.6,60,9.1,3,0
2026-07-19,PHC-PUN-004,IND,MED-ART-60,9.3,61,0.9,0,1
2026-07-20,PHC-PUN-004,IND,MED-ART-60,9.6,17,45.0,8,0
2026-07-21,PHC-PUN-004,IND,MED-ART-60,7.2,18,9.8,2,0
2026-07-22,PHC-PUN-004,IND,MED-ART-60,8.2,58,7.2,1,0
2026-07-23,PHC-PUN-004,IND,MED-ART-60,4.8,51,45.0,12,0
2026-07-24,PHC-PUN-004,IND,MED-ART-60,7.6,23,2.0,1,0
2026-07-25,PHC-PUN-004,IND,MED-ART-60,7.7,64,3.7,0,0
2026-07-26,PHC-PUN-004,IND,MED-ART-60,8.1,86,45.0,11,1
2026-07-27,PHC-PUN-004,IND,MED-ART-60,6.8,25,1.1,3,0
2026-07-28,PHC-PUN-004,IND,MED-ART-60,9.7,42,45.0,8,0
2026-07-29,PHC-PUN-004,IND,MED-ART-60,8.1,84,7.0,2,0
2026-07-30,PHC-PUN-004,IND,MED-ART-60,7.4,75,3.6,1,0
2026-07-31,PHC-PUN-004,IND,MED-ART-60,6.8,31,45.0,6,0
2026-08-01,PHC-PUN-004,IND,MED-ART-60,8.0,50,45.0,6,0
2026-08-02,PHC-PUN-004,IND,MED-ART-60,7.1,61,45.0,6,1
2026-08-03,PHC-PUN-004,IND,MED-ART-60,10.9,33,14.8,1,0
2026-08-04,PHC-PUN-004,IND,MED-ART-60,7.1,67,16.8,3,0
2026-08-05,PHC-PUN-004,IND,MED-ART-60,7.7,88,8.1,0,0
2026-08-06,PHC-PUN-004,IND,MED-ART-60,6.9,41,0.9,1,0
2026-08-07,PHC-PUN-004,IND,MED-ART-60,6.5,68,3.6,4,0
2026-08-08,PHC-PUN-004,IND,MED-ART-60,4.7,49,45.0,5,0
2026-08-09,PHC-PUN-004,IND,MED-ART-60,8.4,77,0.7,1,1
2026-08-10,PHC-PUN-004,IND,MED-ART-60,7.1,11,6.3,1,0
2026-08-11,PHC-PUN-004,IND,MED-ART-60,6.0,67,0.3,1,0
2026-08-12,PHC-PUN-004,IND,MED-ART-60,7.9,15,3.1,3,0
2026-08-13,PHC-PUN-004,IND,MED-ART-60,8.7,40,3.0,0,0
2026-08-14,PHC-PUN-004,IND,MED-ART-60,8.5,93,3.2,5,0
2026-08-15,PHC-PUN-004,IND,MED-ART-60,6.7,24,45.0,8,0
2026-08-16,PHC-PUN-004,IND,MED-ART-60,6.4,28,45.0,9,1
2026-08-17,PHC-PUN-004,IND,MED-ART-60,6.6,13,8.1,3,0
2026-06-19,PHC-PUN-004,IND,MED-INS-REG,8.4,41,45.0,8,0
2026-06-20,PHC-PUN-004,IND,MED-INS-REG,7.1,10,45.0,8,0
2026-06-21,PHC-PUN-004,IND,MED-INS-REG,5.7,10,45.0,8,1
2026-06-22,PHC-PUN-004,IND,MED-INS-REG,8.1,31,2.9,3,0
2026-06-23,PHC-PUN-004,IND,MED-INS-REG,6.4,43,16.7,1,0
2026-06-24,PHC-PUN-004,IND,MED-INS-REG,9.5,41,4.8,2,0
2026-06-25,PHC-PUN-004,IND,MED-INS-REG,9.6,80,0.3,2,0
2026-06-26,PHC-PUN-004,IND,MED-INS-REG,7.0,53,6.6,1,0
2026-06-27,PHC-PUN-004,IND,MED-INS-REG,6.5,62,4.0,0,0
2026-06-28,PHC-PUN-004,IND,MED-INS-REG,6.5,76,45.0,12,1
2026-06-29,PHC-PUN-004,IND,MED-INS-REG,9.0,76,4.6,2,0
2026-06-30,PHC-PUN-004,IND,MED-INS-REG,8.8,25,5.9,0,0
2026-07-01,PHC-PUN-004,IND,MED-INS-REG,5.7,31,13.2,2,0
2026-07-02,PHC-PUN-004,IND,MED-INS-REG,8.1,35,1.0,2,0
2026-07-03,PHC-PUN-004,IND,MED-INS-REG,11.2,55,45.0,8,0
2026-07-04,PHC-PUN-004,IND,MED-INS-REG,8.1,15,45.0,7,0
2026-07-05,PHC-PUN-004,IND,MED-INS-REG,8.1,91,45.0,13,1
2026-07-06,PHC-PUN-004,IND,MED-INS-REG,10.5,108,45.0,3,0
2026-07-07,PHC-PUN-004,IND,MED-INS-REG,7.6,28,0.2,1,0
2026-07-08,PHC-PUN-004,IND,MED-INS-REG,4.8,43,45.0,6,0
2026-07-09,PHC-PUN-004,IND,MED-INS-REG,9.3,103,45.0,9,0
2026-07-10,PHC-PUN-004,IND,MED-INS-REG,8.0,17,15.1,3,0
2026-07-11,PHC-PUN-004,IND,MED-INS-REG,8.7,58,2.1,3,0
2026-07-12,PHC-PUN-004,IND,MED-INS-REG,9.2,50,2.7,2,1
2026-07-13,PHC-PUN-004,IND,MED-INS-REG,10.3,110,2.3,2,0
2026-07-14,PHC-PUN-004,IND,MED-INS-REG,9.3,90,8.6,5,0
2026-07-15,PHC-PUN-004,IND,MED-INS-REG,10.9,89,2.0,1,0
2026-07-16,PHC-PUN-004,IND,MED-INS-REG,8.4,79,45.0,9,0
2026-07-17,PHC-PUN-004,IND,MED-INS-REG,9.5,31,7.0,1,0
2026-07-18,PHC-PUN-004,IND,MED-INS-REG,7.1,47,45.0,9,0
2026-07-19,PHC-PUN-004,IND,MED-INS-REG,8.2,57,16.1,3,1
2026-07-20,PHC-PUN-004,IND,MED-INS-REG,10.7,32,45.0,16,0
2026-07-21,PHC-PUN-004,IND,MED-INS-REG,9.6,74,5.2,4,0
2026-07-22,PHC-PUN-004,IND,MED-INS-REG,10.2,67,0.1,3,0
2026-07-23,PHC-PUN-004,IND,MED-INS-REG,8.2,23,6.0,2,0
2026-07-24,PHC-PUN-004,IND,MED-INS-REG,9.6,97,6.6,0,0
2026-07-25,PHC-PUN-004,IND,MED-INS-REG,11.9,98,45.0,8,0
2026-07-26,PHC-PUN-004,IND,MED-INS-REG,4.3,15,12.3,1,1
2026-07-27,PHC-PUN-004,IND,MED-INS-REG,7.6,73,45.0,3,0
2026-07-28,PHC-PUN-004,IND,MED-INS-REG,6.8,15,45.0,8,0
2026-07-29,PHC-PUN-004,IND,MED-INS-REG,8.4,48,2.5,2,0
2026-07-30,PHC-PUN-004,IND,MED-INS-REG,7.0,41,45.0,10,0
2026-07-31,PHC-PUN-004,IND,MED-INS-REG,5.2,16,10.0,2,0
2026-08-01,PHC-PUN-004,IND,MED-INS-REG,6.6,78,2.9,5,0
2026-08-02,PHC-PUN-004,IND,MED-INS-REG,8.0,72,45.0,7,1
2026-08-03,PHC-PUN-004,IND,MED-INS-REG,6.2,69,0.2,0,0
2026-08-04,PHC-PUN-004,IND,MED-INS-REG,8.0,82,7.9,2,0
2026-08-05,PHC-PUN-004,IND,MED-INS-REG,7.4,79,0.1,1,0
2026-08-06,PHC-PUN-004,IND,MED-INS-REG,4.9,33,45.0,8,0
2026-08-07,PHC-PUN-004,IND,MED-INS-REG,8.2,90,3.7,3,0
2026-08-08,PHC-PUN-004,IND,MED-INS-REG,7.3,36,2.8,3,0
2026-08-09,PHC-PUN-004,IND,MED-INS-REG,7.3,30,45.0,9,1
2026-08-10,PHC-PUN-004,IND,MED-INS-REG,7.0,21,6.6,3,0
2026-08-11,PHC-PUN-004,IND,MED-INS-REG,9.8,22,45.0,11,0
2026-08-12,PHC-PUN-004,IND,MED-INS-REG,6.4,48,45.0,7,0
2026-08-13,PHC-PUN-004,IND,MED-INS-REG,10.6,77,45.0,7,0
2026-08-14,PHC-PUN-004,IND,MED-INS-REG,10.3,88,4.0,1,0
2026-08-15,PHC-PUN-004,IND,MED-INS-REG,9.0,20,6.8,2,0
2026-08-16,PHC-PUN-004,IND,MED-INS-REG,6.7,74,4.1,2,1
2026-08-17,PHC-PUN-004,IND,MED-INS-REG,9.0,62,1.0,2,0
2026-06-19,PHC-PUN-005,IND,MED-PCM-500,31.4,262,12.0,2,0
2026-06-20,PHC-PUN-005,IND,MED-PCM-500,33.2,111,1.1,2,0
2026-06-21,PHC-PUN-005,IND,MED-PCM-500,60.8,512,2.6,3,1
2026-06-22,PHC-PUN-005,IND,MED-PCM-500,35.0,341,6.6,3,0
2026-06-23,PHC-PUN-005,IND,MED-PCM-500,44.6,509,45.0,11,0
2026-06-24,PHC-PUN-005,IND,MED-PCM-500,37.4,443,3.9,1,0
2026-06-25,PHC-PUN-005,IND,MED-PCM-500,29.8,103,1.5,2,0
2026-06-26,PHC-PUN-005,IND,MED-PCM-500,50.4,141,45.0,7,0
2026-06-27,PHC-PUN-005,IND,MED-PCM-500,38.3,106,1.1,3,0
2026-06-28,PHC-PUN-005,IND,MED-PCM-500,47.7,278,3.9,2,1
2026-06-29,PHC-PUN-005,IND,MED-PCM-500,62.1,409,45.0,5,0
2026-06-30,PHC-PUN-005,IND,MED-PCM-500,43.3,316,45.0,10,0
2026-07-01,PHC-PUN-005,IND,MED-PCM-500,60.8,577,45.0,8,0
2026-07-02,PHC-PUN-005,IND,MED-PCM-500,29.8,243,8.5,0,0
2026-07-03,PHC-PUN-005,IND,MED-PCM-500,65.3,459,45.0,6,0
2026-07-04,PHC-PUN-005,IND,MED-PCM-500,47.1,173,1.3,1,0
2026-07-05,PHC-PUN-005,IND,MED-PCM-500,62.7,357,45.0,6,1
2026-07-06,PHC-PUN-005,IND,MED-PCM-500,44.5,271,0.5,6,0
2026-07-07,PHC-PUN-005,IND,MED-PCM-500,54.2,266,45.0,5,0
2026-07-08,PHC-PUN-005,IND,MED-PCM-500,41.4,173,45.0,6,0
2026-07-09,PHC-PUN-005,IND,MED-PCM-500,61.0,624,45.0,6,0
2026-07-10,PHC-PUN-005,IND,MED-PCM-500,48.4,260,45.0,8,0
2026-07-11,PHC-PUN-005,IND,MED-PCM-500,44.5,154,45.0,10,0
2026-07-12,PHC-PUN-005,IND,MED-PCM-500,39.0,395,0.4,4,1
2026-07-13,PHC-PUN-005,IND,MED-PCM-500,51.5,314,11.6,2,0
2026-07-14,PHC-PUN-005,IND,MED-PCM-500,38.9,444,0.0,2,0
2026-07-15,PHC-PUN-005,IND,MED-PCM-500,32.8,341,0.4,3,0
2026-07-16,PHC-PUN-005,IND,MED-PCM-500,37.2,245,0.2,3,0
2026-07-17,PHC-PUN-005,IND,MED-PCM-500,33.6,315,0.0,1,0
2026-07-18,PHC-PUN-005,IND,MED-PCM-500,34.9,368,8.6,3,0
2026-07-19,PHC-PUN-005,IND,MED-PCM-500,40.7,110,4.8,1,1
2026-07-20,PHC-PUN-005,IND,MED-PCM-500,58.4,105,45.0,11,0
2026-07-21,PHC-PUN-005,IND,MED-PCM-500,52.3,267,45.0,6,0
2026-07-22,PHC-PUN-005,IND,MED-PCM-500,30.9,109,7.5,0,0
2026-07-23,PHC-PUN-005,IND,MED-PCM-500,44.3,410,10.2,0,0
2026-07-24,PHC-PUN-005,IND,MED-PCM-500,38.3,456,6.2,1,0
2026-07-25,PHC-PUN-005,IND,MED-PCM-500,36.6,403,0.6,1,0
2026-07-26,PHC-PUN-005,IND,MED-PCM-500,37.4,411,45.0,4,1
2026-07-27,PHC-PUN-005,IND,MED-PCM-500,53.6,206,45.0,12,0
2026-07-28,PHC-PUN-005,IND,MED-PCM-500,53.8,418,45.0,6,0
2026-07-29,PHC-PUN-005,IND,MED-PCM-500,35.0,376,6.5,2,0
2026-07-30,PHC-PUN-005,IND,MED-PCM-500,43.7,441,45.0,7,0
2026-07-31,PHC-PUN-005,IND,MED-PCM-500,32.3,59,2.7,1,0
2026-08-01,PHC-PUN-005,IND,MED-PCM-500,36.6,344,0.1,4,0
2026-08-02,PHC-PUN-005,IND,MED-PCM-500,39.8,259,2.3,1,1
2026-08-03,PHC-PUN-005,IND,MED-PCM-500,53.7,578,45.0,8,0
2026-08-04,PHC-PUN-005,IND,MED-PCM-500,51.0,167,45.0,6,0
2026-08-05,PHC-PUN-005,IND,MED-PCM-500,35.4,247,3.7,1,0
2026-08-06,PHC-PUN-005,IND,MED-PCM-500,54.3,613,45.0,4,0
2026-08-07,PHC-PUN-005,IND,MED-PCM-500,39.2,232,0.8,1,0
2026-08-08,PHC-PUN-005,IND,MED-PCM-500,39.4,460,5.8,3,0
2026-08-09,PHC-PUN-005,IND,MED-PCM-500,36.7,273,14.2,4,1
2026-08-10,PHC-PUN-005,IND,MED-PCM-500,38.3,111,0.6,4,0
2026-08-11,PHC-PUN-005,IND,MED-PCM-500,52.5,327,45.0,4,0
2026-08-12,PHC-PUN-005,IND,MED-PCM-500,38.9,89,0.2,3,0
2026-08-13,PHC-PUN-005,IND,MED-PCM-500,46.5,153,3.0,2,0
2026-08-14,PHC-PUN-005,IND,MED-PCM-500,50.2,163,45.0,8,0
2026-08-15,PHC-PUN-005,IND,MED-PCM-500,16.8,148,4.3,5,0
2026-08-16,PHC-PUN-005,IND,MED-PCM-500,32.4,163,1.9,1,1
2026-08-17,PHC-PUN-005,IND,MED-PCM-500,37.0,437,45.0,2,0
2026-06-19,PHC-PUN-005,IND,MED-AMX-250,12.4,133,45.0,6,0
2026-06-20,PHC-PUN-005,IND,MED-AMX-250,14.1,131,45.0,8,0
2026-06-21,PHC-PUN-005,IND,MED-AMX-250,16.6,33,45.0,5,1
2026-06-22,PHC-PUN-005,IND,MED-AMX-250,16.4,52,45.0,4,0
2026-06-23,PHC-PUN-005,IND,MED-AMX-250,12.8,24,4.6,5,0
2026-06-24,PHC-PUN-005,IND,MED-AMX-250,13.4,57,1.1,2,0
2026-06-25,PHC-PUN-005,IND,MED-AMX-250,17.7,173,45.0,8,0
2026-06-26,PHC-PUN-005,IND,MED-AMX-250,15.2,53,1.1,2,0
2026-06-27,PHC-PUN-005,IND,MED-AMX-250,16.1,89,13.4,0,0
2026-06-28,PHC-PUN-005,IND,MED-AMX-250,14.2,85,7.5,3,1
2026-06-29,PHC-PUN-005,IND,MED-AMX-250,17.0,51,3.4,3,0
2026-06-30,PHC-PUN-005,IND,MED-AMX-250,12.2,107,45.0,6,0
2026-07-01,PHC-PUN-005,IND,MED-AMX-250,13.2,88,2.2,1,0
2026-07-02,PHC-PUN-005,IND,MED-AMX-250,22.3,228,45.0,6,0
2026-07-03,PHC-PUN-005,IND,MED-AMX-250,18.2,53,45.0,6,0
2026-07-04,PHC-PUN-005,IND,MED-AMX-250,15.1,26,45.0,9,0
2026-07-05,PHC-PUN-005,IND,MED-AMX-250,14.8,30,45.0,7,1
2026-07-06,PHC-PUN-005,IND,MED-AMX-250,15.2,104,2.2,0,0
2026-07-07,PHC-PUN-005,IND,MED-AMX-250,14.6,122,3.7,1,0
2026-07-08,PHC-PUN-005,IND,MED-AMX-250,17.2,184,1.8,0,0
2026-07-09,PHC-PUN-005,IND,MED-AMX-250,13.5,44,45.0,8,0
2026-07-10,PHC-PUN-005,IND,MED-AMX-250,18.5,155,45.0,4,0
2026-07-11,PHC-PUN-005,IND,MED-AMX-250,15.2,97,45.0,10,0
2026-07-12,PHC-PUN-005,IND,MED-AMX-250,16.6,57,45.0,6,1
2026-07-13,PHC-PUN-005,IND,MED-AMX-250,15.7,50,45.0,8,0
2026-07-14,PHC-PUN-005,IND,MED-AMX-250,20.5,33,8.4,4,0
2026-07-15,PHC-PUN-005,IND,MED-AMX-250,14.1,124,0.8,0,0
2026-07-16,PHC-PUN-005,IND,MED-AMX-250,15.1,171,5.8,0,0
2026-07-17,PHC-PUN-005,IND,MED-AMX-250,20.3,189,2.2,5,0
2026-07-18,PHC-PUN-005,IND,MED-AMX-250,16.5,123,45.0,13,0
2026-07-19,PHC-PUN-005,IND,MED-AMX-250,14.8,132,2.1,0,1
2026-07-20,PHC-PUN-005,IND,MED-AMX-250,13.0,67,1.4,2,0
2026-07-21,PHC-PUN-005,IND,MED-AMX-250,18.7,123,5.6,2,0
2026-07-22,PHC-PUN-005,IND,MED-AMX-250,11.5,35,45.0,5,0
2026-07-23,PHC-PUN-005,IND,MED-AMX-250,14.2,47,11.7,1,0
2026-07-24,PHC-PUN-005,IND,MED-AMX-250,11.6,99,45.0,6,0
2026-07-25,PHC-PUN-005,IND,MED-AMX-250,15.2,147,45.0,9,0
2026-07-26,PHC-PUN-005,IND,MED-AMX-250,12.8,93,3.3,3,1
2026-07-27,PHC-PUN-005,IND,MED-AMX-250,21.4,240,45.0,7,0
2026-07-28,PHC-PUN-005,IND,MED-AMX-250,13.5,144,3.1,4,0
2026-07-29,PHC-PUN-005,IND,MED-AMX-250,9.7,25,45.0,10,0
2026-07-30,PHC-PUN-005,IND,MED-AMX-250,14.7,172,45.0,7,0
2026-07-31,PHC-PUN-005,IND,MED-AMX-250,11.0,48,45.0,8,0
2026-08-01,PHC-PUN-005,IND,MED-AMX-250,11.0,28,45.0,4,0
2026-08-02,PHC-PUN-005,IND,MED-AMX-250,17.4,61,45.0,10,1
2026-08-03,PHC-PUN-005,IND,MED-AMX-250,15.3,158,45.0,10,0
2026-08-04,PHC-PUN-005,IND,MED-AMX-250,11.3,70,45.0,6,0
2026-08-05,PHC-PUN-005,IND,MED-AMX-250,9.0,26,4.0,3,0
2026-08-06,PHC-PUN-005,IND,MED-AMX-250,15.1,108,45.0,12,0
2026-08-07,PHC-PUN-005,IND,MED-AMX-250,16.0,167,4.1,1,0
2026-08-08,PHC-PUN-005,IND,MED-AMX-250,15.0,25,3.1,3,0
2026-08-09,PHC-PUN-005,IND,MED-AMX-250,18.3,46,13.8,2,1
2026-08-10,PHC-PUN-005,IND,MED-AMX-250,19.7,143,45.0,11,0
2026-08-11,PHC-PUN-005,IND,MED-AMX-250,10.4,73,0.9,2,0
2026-08-12,PHC-PUN-005,IND,MED-AMX-250,15.6,173,3.4,3,0
2026-08-13,PHC-PUN-005,IND,MED-AMX-250,18.0,203,45.0,10,0
2026-08-14,PHC-PUN-005,IND,MED-AMX-250,12.2,42,45.0,9,0
2026-08-15,PHC-PUN-005,IND,MED-AMX-250,13.6,64,2.3,2,0
2026-08-16,PHC-PUN-005,IND,MED-AMX-250,15.5,83,5.8,1,1
2026-08-17,PHC-PUN-005,IND,MED-AMX-250,17.0,77,27.0,10,0
2026-06-19,PHC-PUN-005,IND,MED-ORS-PKG,54.6,621,4.4,1,0
2026-06-20,PHC-PUN-005,IND,MED-ORS-PKG,56.2,240,3.4,1,0
2026-06-21,PHC-PUN-005,IND,MED-ORS-PKG,59.0,237,45.0,6,1
2026-06-22,PHC-PUN-005,IND,MED-ORS-PKG,55.1,137,4.3,1,0
2026-06-23,PHC-PUN-005,IND,MED-ORS-PKG,68.5,573,45.0,8,0
2026-06-24,PHC-PUN-005,IND,MED-ORS-PKG,53.5,587,0.7,2,0
2026-06-25,PHC-PUN-005,IND,MED-ORS-PKG,49.0,573,5.9,1,0
2026-06-26,PHC-PUN-005,IND,MED-ORS-PKG,62.1,594,3.1,0,0
2026-06-27,PHC-PUN-005,IND,MED-ORS-PKG,53.1,151,45.0,6,0
2026-06-28,PHC-PUN-005,IND,MED-ORS-PKG,39.7,328,2.8,2,1
2026-06-29,PHC-PUN-005,IND,MED-ORS-PKG,60.5,649,1.9,3,0
2026-06-30,PHC-PUN-005,IND,MED-ORS-PKG,53.9,258,4.1,6,0
2026-07-01,PHC-PUN-005,IND,MED-ORS-PKG,85.5,616,45.0,9,0
2026-07-02,PHC-PUN-005,IND,MED-ORS-PKG,45.8,455,3.0,2,0
2026-07-03,PHC-PUN-005,IND,MED-ORS-PKG,72.5,727,45.0,11,0
2026-07-04,PHC-PUN-005,IND,MED-ORS-PKG,58.6,534,2.3,5,0
2026-07-05,PHC-PUN-005,IND,MED-ORS-PKG,48.7,322,9.4,0,1
2026-07-06,PHC-PUN-005,IND,MED-ORS-PKG,39.2,414,0.4,1,0
2026-07-07,PHC-PUN-005,IND,MED-ORS-PKG,81.9,942,45.0,8,0
2026-07-08,PHC-PUN-005,IND,MED-ORS-PKG,38.8,387,2.8,1,0
2026-07-09,PHC-PUN-005,IND,MED-ORS-PKG,51.1,347,1.7,0,0
2026-07-10,PHC-PUN-005,IND,MED-ORS-PKG,52.7,454,2.2,0,0
2026-07-11,PHC-PUN-005,IND,MED-ORS-PKG,40.0,160,0.9,1,0
2026-07-12,PHC-PUN-005,IND,MED-ORS-PKG,50.1,539,4.2,1,1
2026-07-13,PHC-PUN-005,IND,MED-ORS-PKG,46.5,153,45.0,9,0
2026-07-14,PHC-PUN-005,IND,MED-ORS-PKG,67.7,533,45.0,9,0
2026-07-15,PHC-PUN-005,IND,MED-ORS-PKG,52.3,603,11.3,1,0
2026-07-16,PHC-PUN-005,IND,MED-ORS-PKG,63.7,272,19.4,0,0
2026-07-17,PHC-PUN-005,IND,MED-ORS-PKG,53.6,121,45.0,4,0
2026-07-18,PHC-PUN-005,IND,MED-ORS-PKG,59.4,541,45.0,9,0
2026-07-19,PHC-PUN-005,IND,MED-ORS-PKG,46.4,78,4.5,2,1
2026-07-20,PHC-PUN-005,IND,MED-ORS-PKG,43.5,208,10.1,3,0
2026-07-21,PHC-PUN-005,IND,MED-ORS-PKG,62.4,131,6.0,2,0
2026-07-22,PHC-PUN-005,IND,MED-ORS-PKG,59.8,467,45.0,3,0
2026-07-23,PHC-PUN-005,IND,MED-ORS-PKG,34.4,59,2.9,1,0
2026-07-24,PHC-PUN-005,IND,MED-ORS-PKG,73.1,834,17.2,6,0
2026-07-25,PHC-PUN-005,IND,MED-ORS-PKG,76.7,459,45.0,5,0
2026-07-26,PHC-PUN-005,IND,MED-ORS-PKG,45.9,452,4.3,0,1
2026-07-27,PHC-PUN-005,IND,MED-ORS-PKG,55.7,145,0.7,2,0
2026-07-28,PHC-PUN-005,IND,MED-ORS-PKG,63.0,230,45.0,15,0
2026-07-29,PHC-PUN-005,IND,MED-ORS-PKG,69.4,602,45.0,10,0
2026-07-30,PHC-PUN-005,IND,MED-ORS-PKG,51.8,279,2.0,2,0
2026-07-31,PHC-PUN-005,IND,MED-ORS-PKG,48.2,570,3.9,2,0
2026-08-01,PHC-PUN-005,IND,MED-ORS-PKG,62.0,387,0.4,3,0
2026-08-02,PHC-PUN-005,IND,MED-ORS-PKG,61.4,367,45.0,11,1
2026-08-03,PHC-PUN-005,IND,MED-ORS-PKG,54.8,329,3.0,4,0
2026-08-04,PHC-PUN-005,IND,MED-ORS-PKG,48.7,570,6.9,6,0
2026-08-05,PHC-PUN-005,IND,MED-ORS-PKG,60.0,542,4.0,0,0
2026-08-06,PHC-PUN-005,IND,MED-ORS-PKG,54.5,551,1.5,2,0
2026-08-07,PHC-PUN-005,IND,MED-ORS-PKG,31.7,335,3.4,4,0
2026-08-08,PHC-PUN-005,IND,MED-ORS-PKG,60.0,528,45.0,8,0
2026-08-09,PHC-PUN-005,IND,MED-ORS-PKG,62.3,316,45.0,7,1
2026-08-10,PHC-PUN-005,IND,MED-ORS-PKG,69.7,708,45.0,9,0
2026-08-11,PHC-PUN-005,IND,MED-ORS-PKG,37.2,236,5.2,0,0
2026-08-12,PHC-PUN-005,IND,MED-ORS-PKG,58.2,697,8.2,3,0
2026-08-13,PHC-PUN-005,IND,MED-ORS-PKG,66.3,738,5.2,2,0
2026-08-14,PHC-PUN-005,IND,MED-ORS-PKG,85.6,304,45.0,11,0
2026-08-15,PHC-PUN-005,IND,MED-ORS-PKG,71.7,202,45.0,8,0
2026-08-16,PHC-PUN-005,IND,MED-ORS-PKG,66.4,607,45.0,10,1
2026-08-17,PHC-PUN-005,IND,MED-ORS-PKG,74.3,868,45.0,8,0
2026-06-19,PHC-PUN-005,IND,MED-ART-60,9.1,51,45.0,8,0
2026-06-20,PHC-PUN-005,IND,MED-ART-60,6.8,74,0.8,0,0
2026-06-21,PHC-PUN-005,IND,MED-ART-60,8.7,103,8.3,0,1
2026-06-22,PHC-PUN-005,IND,MED-ART-60,7.6,73,45.0,9,0
2026-06-23,PHC-PUN-005,IND,MED-ART-60,9.0,104,45.0,8,0
2026-06-24,PHC-PUN-005,IND,MED-ART-60,5.3,17,6.9,1,0
2026-06-25,PHC-PUN-005,IND,MED-ART-60,5.9,69,0.0,0,0
2026-06-26,PHC-PUN-005,IND,MED-ART-60,6.8,30,45.0,12,0
2026-06-27,PHC-PUN-005,IND,MED-ART-60,10.0,75,6.2,1,0
2026-06-28,PHC-PUN-005,IND,MED-ART-60,9.3,17,45.0,2,1
2026-06-29,PHC-PUN-005,IND,MED-ART-60,9.4,81,45.0,9,0
2026-06-30,PHC-PUN-005,IND,MED-ART-60,8.6,31,2.9,0,0
2026-07-01,PHC-PUN-005,IND,MED-ART-60,10.5,83,45.0,7,0
2026-07-02,PHC-PUN-005,IND,MED-ART-60,7.1,40,45.0,7,0
2026-07-03,PHC-PUN-005,IND,MED-ART-60,7.3,47,45.0,7,0
2026-07-04,PHC-PUN-005,IND,MED-ART-60,7.3,47,45.0,4,0
2026-07-05,PHC-PUN-005,IND,MED-ART-60,6.9,36,18.7,3,1
2026-07-06,PHC-PUN-005,IND,MED-ART-60,8.7,28,45.0,11,0
2026-07-07,PHC-PUN-005,IND,MED-ART-60,10.2,99,45.0,9,0
2026-07-08,PHC-PUN-005,IND,MED-ART-60,9.7,50,8.5,2,0
2026-07-09,PHC-PUN-005,IND,MED-ART-60,6.7,13,45.0,8,0
2026-07-10,PHC-PUN-005,IND,MED-ART-60,10.5,116,6.9,3,0
2026-07-11,PHC-PUN-005,IND,MED-ART-60,7.4,46,14.8,1,0
2026-07-12,PHC-PUN-005,IND,MED-ART-60,7.9,71,1.5,1,1
2026-07-13,PHC-PUN-005,IND,MED-ART-60,8.0,54,0.1,1,0
2026-07-14,PHC-PUN-005,IND,MED-ART-60,8.4,43,0.0,1,0
2026-07-15,PHC-PUN-005,IND,MED-ART-60,8.6,61,0.5,2,0
2026-07-16,PHC-PUN-005,IND,MED-ART-60,8.1,95,9.2,5,0
2026-07-17,PHC-PUN-005,IND,MED-ART-60,9.8,115,45.0,4,0
2026-07-18,PHC-PUN-005,IND,MED-ART-60,6.5,30,4.8,2,0
2026-07-19,PHC-PUN-005,IND,MED-ART-60,9.5,111,2.8,0,1
2026-07-20,PHC-PUN-005,IND,MED-ART-60,7.7,12,45.0,8,0
2026-07-21,PHC-PUN-005,IND,MED-ART-60,7.9,34,5.5,0,0
2026-07-22,PHC-PUN-005,IND,MED-ART-60,9.2,21,45.0,3,0
2026-07-23,PHC-PUN-005,IND,MED-ART-60,5.3,12,45.0,7,0
2026-07-24,PHC-PUN-005,IND,MED-ART-60,10.5,68,26.8,8,0
2026-07-25,PHC-PUN-005,IND,MED-ART-60,8.7,28,1.0,2,0
2026-07-26,PHC-PUN-005,IND,MED-ART-60,11.1,65,6.3,2,1
2026-07-27,PHC-PUN-005,IND,MED-ART-60,6.0,47,45.0,7,0
2026-07-28,PHC-PUN-005,IND,MED-ART-60,8.3,35,8.8,2,0
2026-07-29,PHC-PUN-005,IND,MED-ART-60,6.5,28,7.8,2,0
2026-07-30,PHC-PUN-005,IND,MED-ART-60,5.6,48,45.0,7,0
2026-07-31,PHC-PUN-005,IND,MED-ART-60,6.5,69,0.9,2,0
2026-08-01,PHC-PUN-005,IND,MED-ART-60,7.0,81,45.0,10,0
2026-08-02,PHC-PUN-005,IND,MED-ART-60,6.1,70,45.0,9,1
2026-08-03,PHC-PUN-005,IND,MED-ART-60,7.5,52,3.5,0,0
2026-08-04,PHC-PUN-005,IND,MED-ART-60,8.4,49,9.4,2,0
2026-08-05,PHC-PUN-005,IND,MED-ART-60,11.8,113,1.6,0,0
2026-08-06,PHC-PUN-005,IND,MED-ART-60,11.5,25,0.9,1,0
2026-08-07,PHC-PUN-005,IND,MED-ART-60,3.6,31,9.8,1,0
2026-08-08,PHC-PUN-005,IND,MED-ART-60,7.3,24,1.8,6,0
2026-08-09,PHC-PUN-005,IND,MED-ART-60,7.7,82,7.8,3,1
2026-08-10,PHC-PUN-005,IND,MED-ART-60,11.0,114,45.0,12,0
2026-08-11,PHC-PUN-005,IND,MED-ART-60,5.1,8,5.3,1,0
2026-08-12,PHC-PUN-005,IND,MED-ART-60,8.7,72,2.9,3,0
2026-08-13,PHC-PUN-005,IND,MED-ART-60,8.7,36,45.0,11,0
2026-08-14,PHC-PUN-005,IND,MED-ART-60,9.2,95,2.8,2,0
2026-08-15,PHC-PUN-005,IND,MED-ART-60,11.8,33,3.3,2,0
2026-08-16,PHC-PUN-005,IND,MED-ART-60,13.6,92,45.0,12,1
2026-08-17,PHC-PUN-005,IND,MED-ART-60,8.4,84,45.0,7,0
2026-06-19,PHC-PUN-005,IND,MED-INS-REG,7.8,79,2.8,2,0
2026-06-20,PHC-PUN-005,IND,MED-INS-REG,9.4,103,3.6,4,0
2026-06-21,PHC-PUN-005,IND,MED-INS-REG,6.4,20,1.9,2,1
2026-06-22,PHC-PUN-005,IND,MED-INS-REG,10.8,77,0.8,0,0
2026-06-23,PHC-PUN-005,IND,MED-INS-REG,11.8,48,45.0,12,0
2026-06-24,PHC-PUN-005,IND,MED-INS-REG,8.6,95,0.8,4,0
2026-06-25,PHC-PUN-005,IND,MED-INS-REG,9.5,69,2.1,1,0
2026-06-26,PHC-PUN-005,IND,MED-INS-REG,7.1,36,5.6,1,0
2026-06-27,PHC-PUN-005,IND,MED-INS-REG,7.0,57,9.9,1,0
2026-06-28,PHC-PUN-005,IND,MED-INS-REG,7.4,42,1.1,2,1
2026-06-29,PHC-PUN-005,IND,MED-INS-REG,7.5,80,9.8,2,0
2026-06-30,PHC-PUN-005,IND,MED-INS-REG,7.9,88,12.3,3,0
2026-07-01,PHC-PUN-005,IND,MED-INS-REG,6.8,10,6.9,3,0
2026-07-02,PHC-PUN-005,IND,MED-INS-REG,11.7,133,10.6,4,0
2026-07-03,PHC-PUN-005,IND,MED-INS-REG,6.8,19,4.8,2,0
2026-07-04,PHC-PUN-005,IND,MED-INS-REG,9.0,67,1.0,3,0
2026-07-05,PHC-PUN-005,IND,MED-INS-REG,8.7,91,45.0,9,1
2026-07-06,PHC-PUN-005,IND,MED-INS-REG,9.6,87,45.0,14,0
2026-07-07,PHC-PUN-005,IND,MED-INS-REG,9.1,105,5.7,1,0
2026-07-08,PHC-PUN-005,IND,MED-INS-REG,9.2,59,45.0,11,0
2026-07-09,PHC-PUN-005,IND,MED-INS-REG,8.4,13,3.8,2,0
2026-07-10,PHC-PUN-005,IND,MED-INS-REG,6.6,43,6.2,4,0
2026-07-11,PHC-PUN-005,IND,MED-INS-REG,7.3,66,45.0,5,0
2026-07-12,PHC-PUN-005,IND,MED-INS-REG,7.6,32,45.0,2,1
2026-07-13,PHC-PUN-005,IND,MED-INS-REG,7.4,12,0.3,2,0
2026-07-14,PHC-PUN-005,IND,MED-INS-REG,10.1,105,2.0,2,0
2026-07-15,PHC-PUN-005,IND,MED-INS-REG,7.3,50,3.4,3,0
2026-07-16,PHC-PUN-005,IND,MED-INS-REG,9.0,39,45.0,10,0
2026-07-17,PHC-PUN-005,IND,MED-INS-REG,6.6,64,0.6,2,0
2026-07-18,PHC-PUN-005,IND,MED-INS-REG,6.6,76,45.0,5,0
2026-07-19,PHC-PUN-005,IND,MED-INS-REG,10.5,54,12.1,6,1
2026-07-20,PHC-PUN-005,IND,MED-INS-REG,8.9,31,2.8,2,0
2026-07-21,PHC-PUN-005,IND,MED-INS-REG,9.7,106,25.1,3,0
2026-07-22,PHC-PUN-005,IND,MED-INS-REG,8.8,16,45.0,8,0
2026-07-23,PHC-PUN-005,IND,MED-INS-REG,5.6,62,45.0,9,0
2026-07-24,PHC-PUN-005,IND,MED-INS-REG,7.0,17,45.0,11,0
2026-07-25,PHC-PUN-005,IND,MED-INS-REG,9.5,92,45.0,9,0
2026-07-26,PHC-PUN-005,IND,MED-INS-REG,7.0,33,4.9,2,1
2026-07-27,PHC-PUN-005,IND,MED-INS-REG,8.9,24,45.0,10,0
2026-07-28,PHC-PUN-005,IND,MED-INS-REG,11.4,17,45.0,7,0
2026-07-29,PHC-PUN-005,IND,MED-INS-REG,9.7,93,45.0,15,0
2026-07-30,PHC-PUN-005,IND,MED-INS-REG,8.9,67,5.5,3,0
2026-07-31,PHC-PUN-005,IND,MED-INS-REG,8.4,64,17.6,3,0
2026-08-01,PHC-PUN-005,IND,MED-INS-REG,5.3,31,13.4,2,0
2026-08-02,PHC-PUN-005,IND,MED-INS-REG,5.2,39,45.0,8,1
2026-08-03,PHC-PUN-005,IND,MED-INS-REG,5.5,38,0.7,2,0
2026-08-04,PHC-PUN-005,IND,MED-INS-REG,8.4,52,45.0,10,0
2026-08-05,PHC-PUN-005,IND,MED-INS-REG,6.2,14,45.0,12,0
2026-08-06,PHC-PUN-005,IND,MED-INS-REG,10.4,20,5.8,1,0
2026-08-07,PHC-PUN-005,IND,MED-INS-REG,7.9,60,45.0,11,0
2026-08-08,PHC-PUN-005,IND,MED-INS-REG,9.1,81,2.8,0,0
2026-08-09,PHC-PUN-005,IND,MED-INS-REG,8.5,85,45.0,8,1
2026-08-10,PHC-PUN-005,IND,MED-INS-REG,6.5,69,45.0,12,0
2026-08-11,PHC-PUN-005,IND,MED-INS-REG,9.0,57,0.2,1,0
2026-08-12,PHC-PUN-005,IND,MED-INS-REG,4.7,44,45.0,6,0
2026-08-13,PHC-PUN-005,IND,MED-INS-REG,10.1,73,45.0,8,0
2026-08-14,PHC-PUN-005,IND,MED-INS-REG,8.5,79,6.3,2,0
2026-08-15,PHC-PUN-005,IND,MED-INS-REG,5.9,65,45.0,15,0
2026-08-16,PHC-PUN-005,IND,MED-INS-REG,8.0,52,1.2,0,1
2026-08-17,PHC-PUN-005,IND,MED-INS-REG,9.0,96,45.0,6,0
2026-06-19,PHC-PUN-006,IND,MED-PCM-500,33.7,393,9.7,5,0
2026-06-20,PHC-PUN-006,IND,MED-PCM-500,49.8,158,45.0,9,0
2026-06-21,PHC-PUN-006,IND,MED-PCM-500,41.3,315,10.0,1,1
2026-06-22,PHC-PUN-006,IND,MED-PCM-500,58.8,96,45.0,6,0
2026-06-23,PHC-PUN-006,IND,MED-PCM-500,35.2,373,45.0,12,0
2026-06-24,PHC-PUN-006,IND,MED-PCM-500,40.3,275,0.6,2,0
2026-06-25,PHC-PUN-006,IND,MED-PCM-500,33.8,394,0.0,2,0
2026-06-26,PHC-PUN-006,IND,MED-PCM-500,44.0,281,45.0,12,0
2026-06-27,PHC-PUN-006,IND,MED-PCM-500,50.7,201,45.0,12,0
2026-06-28,PHC-PUN-006,IND,MED-PCM-500,42.2,448,2.0,3,1
2026-06-29,PHC-PUN-006,IND,MED-PCM-500,39.8,231,1.2,1,0
2026-06-30,PHC-PUN-006,IND,MED-PCM-500,51.8,110,45.0,8,0
2026-07-01,PHC-PUN-006,IND,MED-PCM-500,36.3,317,12.4,1,0
2026-07-02,PHC-PUN-006,IND,MED-PCM-500,37.2,79,1.1,2,0
2026-07-03,PHC-PUN-006,IND,MED-PCM-500,40.2,215,6.4,2,0
2026-07-04,PHC-PUN-006,IND,MED-PCM-500,49.5,80,14.3,2,0
2026-07-05,PHC-PUN-006,IND,MED-PCM-500,52.9,102,45.0,11,1
2026-07-06,PHC-PUN-006,IND,MED-PCM-500,36.8,201,3.1,3,0
2026-07-07,PHC-PUN-006,IND,MED-PCM-500,49.5,569,45.0,9,0
2026-07-08,PHC-PUN-006,IND,MED-PCM-500,47.9,150,1.6,0,0
2026-07-09,PHC-PUN-006,IND,MED-PCM-500,33.3,279,0.8,3,0
2026-07-10,PHC-PUN-006,IND,MED-PCM-500,34.3,343,5.5,3,0
2026-07-11,PHC-PUN-006,IND,MED-PCM-500,35.5,369,3.4,0,0
2026-07-12,PHC-PUN-006,IND,MED-PCM-500,37.0,370,1.5,0,1
2026-07-13,PHC-PUN-006,IND,MED-PCM-500,57.8,299,45.0,11,0
2026-07-14,PHC-PUN-006,IND,MED-PCM-500,34.8,91,0.6,3,0
2026-07-15,PHC-PUN-006,IND,MED-PCM-500,33.1,106,0.3,0,0
2026-07-16,PHC-PUN-006,IND,MED-PCM-500,58.9,600,45.0,6,0
2026-07-17,PHC-PUN-006,IND,MED-PCM-500,32.4,224,2.2,3,0
2026-07-18,PHC-PUN-006,IND,MED-PCM-500,67.6,313,45.0,9,0
2026-07-19,PHC-PUN-006,IND,MED-PCM-500,52.3,153,45.0,6,1
2026-07-20,PHC-PUN-006,IND,MED-PCM-500,39.8,298,0.1,2,0
2026-07-21,PHC-PUN-006,IND,MED-PCM-500,49.1,381,11.6,2,0
2026-07-22,PHC-PUN-006,IND,MED-PCM-500,29.9,84,5.1,2,0
2026-07-23,PHC-PUN-006,IND,MED-PCM-500,48.6,441,45.0,4,0
2026-07-24,PHC-PUN-006,IND,MED-PCM-500,49.1,81,6.8,2,0
2026-07-25,PHC-PUN-006,IND,MED-PCM-500,68.4,144,45.0,9,0
2026-07-26,PHC-PUN-006,IND,MED-PCM-500,23.3,158,0.4,2,1
2026-07-27,PHC-PUN-006,IND,MED-PCM-500,45.8,511,45.0,9,0
2026-07-28,PHC-PUN-006,IND,MED-PCM-500,48.9,546,45.0,6,0
2026-07-29,PHC-PUN-006,IND,MED-PCM-500,57.7,184,45.0,9,0
2026-07-30,PHC-PUN-006,IND,MED-PCM-500,46.4,167,45.0,8,0
2026-07-31,PHC-PUN-006,IND,MED-PCM-500,45.7,512,1.9,3,0
2026-08-01,PHC-PUN-006,IND,MED-PCM-500,50.2,256,45.0,8,0
2026-08-02,PHC-PUN-006,IND,MED-PCM-500,57.7,195,45.0,2,1
2026-08-03,PHC-PUN-006,IND,MED-PCM-500,36.7,327,0.6,3,0
2026-08-04,PHC-PUN-006,IND,MED-PCM-500,33.7,354,45.0,7,0
2026-08-05,PHC-PUN-006,IND,MED-PCM-500,40.6,359,45.0,13,0
2026-08-06,PHC-PUN-006,IND,MED-PCM-500,56.7,87,45.0,9,0
2026-08-07,PHC-PUN-006,IND,MED-PCM-500,58.8,203,45.0,9,0
2026-08-08,PHC-PUN-006,IND,MED-PCM-500,40.6,438,13.0,2,0
2026-08-09,PHC-PUN-006,IND,MED-PCM-500,41.2,467,10.0,4,1
2026-08-10,PHC-PUN-006,IND,MED-PCM-500,57.2,605,45.0,8,0
2026-08-11,PHC-PUN-006,IND,MED-PCM-500,46.9,230,17.4,1,0
2026-08-12,PHC-PUN-006,IND,MED-PCM-500,52.4,304,45.0,4,0
2026-08-13,PHC-PUN-006,IND,MED-PCM-500,30.9,296,7.7,1,0
2026-08-14,PHC-PUN-006,IND,MED-PCM-500,68.6,592,45.0,11,0
2026-08-15,PHC-PUN-006,IND,MED-PCM-500,32.1,182,1.8,1,0
2026-08-16,PHC-PUN-006,IND,MED-PCM-500,56.5,573,45.0,6,1
2026-08-17,PHC-PUN-006,IND,MED-PCM-500,40.6,318,4.2,0,0
2026-06-19,PHC-PUN-006,IND,MED-AMX-250,14.2,65,4.6,2,0
2026-06-20,PHC-PUN-006,IND,MED-AMX-250,17.9,169,6.8,4,0
2026-06-21,PHC-PUN-006,IND,MED-AMX-250,13.4,120,5.5,3,1
2026-06-22,PHC-PUN-006,IND,MED-AMX-250,16.0,94,45.0,7,0
2026-06-23,PHC-PUN-006,IND,MED-AMX-250,22.3,209,45.0,7,0
2026-06-24,PHC-PUN-006,IND,MED-AMX-250,14.7,122,45.0,4,0
2026-06-25,PHC-PUN-006,IND,MED-AMX-250,22.4,186,17.8,2,0
2026-06-26,PHC-PUN-006,IND,MED-AMX-250,20.4,60,45.0,10,0
2026-06-27,PHC-PUN-006,IND,MED-AMX-250,16.7,104,1.3,0,0
2026-06-28,PHC-PUN-006,IND,MED-AMX-250,17.1,67,45.0,9,1
2026-06-29,PHC-PUN-006,IND,MED-AMX-250,11.9,59,4.2,2,0
2026-06-30,PHC-PUN-006,IND,MED-AMX-250,21.2,173,3.0,3,0
2026-07-01,PHC-PUN-006,IND,MED-AMX-250,15.0,144,0.9,3,0
2026-07-02,PHC-PUN-006,IND,MED-AMX-250,16.3,62,16.9,4,0
2026-07-03,PHC-PUN-006,IND,MED-AMX-250,16.3,92,3.4,2,0
2026-07-04,PHC-PUN-006,IND,MED-AMX-250,16.5,47,45.0,9,0
2026-07-05,PHC-PUN-006,IND,MED-AMX-250,12.1,103,3.9,1,1
2026-07-06,PHC-PUN-006,IND,MED-AMX-250,13.0,92,4.2,3,0
2026-07-07,PHC-PUN-006,IND,MED-AMX-250,11.1,25,4.4,0,0
2026-07-08,PHC-PUN-006,IND,MED-AMX-250,16.3,113,45.0,13,0
2026-07-09,PHC-PUN-006,IND,MED-AMX-250,12.1,50,1.9,0,0
2026-07-10,PHC-PUN-006,IND,MED-AMX-250,16.6,162,45.0,9,0
2026-07-11,PHC-PUN-006,IND,MED-AMX-250,11.5,24,45.0,9,0
2026-07-12,PHC-PUN-006,IND,MED-AMX-250,11.2,97,45.0,5,1
2026-07-13,PHC-PUN-006,IND,MED-AMX-250,14.8,171,45.0,3,0
2026-07-14,PHC-PUN-006,IND,MED-AMX-250,19.0,164,0.6,1,0
2026-07-15,PHC-PUN-006,IND,MED-AMX-250,17.0,134,6.7,4,0
2026-07-16,PHC-PUN-006,IND,MED-AMX-250,14.5,98,45.0,7,0
2026-07-17,PHC-PUN-006,IND,MED-AMX-250,18.9,164,1.0,3,0
2026-07-18,PHC-PUN-006,IND,MED-AMX-250,11.5,69,5.0,2,0
2026-07-19,PHC-PUN-006,IND,MED-AMX-250,14.5,133,11.8,5,1
2026-07-20,PHC-PUN-006,IND,MED-AMX-250,18.7,155,3.0,3,0
2026-07-21,PHC-PUN-006,IND,MED-AMX-250,16.0,71,12.4,2,0
2026-07-22,PHC-PUN-006,IND,MED-AMX-250,15.1,44,45.0,11,0
2026-07-23,PHC-PUN-006,IND,MED-AMX-250,2.8,9,0.0,2,0
2026-07-24,PHC-PUN-006,IND,MED-AMX-250,16.3,128,2.8,2,0
2026-07-25,PHC-PUN-006,IND,MED-AMX-250,17.4,52,2.1,3,0
2026-07-26,PHC-PUN-006,IND,MED-AMX-250,11.7,119,1.5,5,1
2026-07-27,PHC-PUN-006,IND,MED-AMX-250,11.6,70,45.0,4,0
2026-07-28,PHC-PUN-006,IND,MED-AMX-250,14.8,164,45.0,10,0
2026-07-29,PHC-PUN-006,IND,MED-AMX-250,16.3,47,9.9,2,0
2026-07-30,PHC-PUN-006,IND,MED-AMX-250,11.9,133,45.0,3,0
2026-07-31,PHC-PUN-006,IND,MED-AMX-250,12.5,63,45.0,9,0
2026-08-01,PHC-PUN-006,IND,MED-AMX-250,17.2,30,9.0,2,0
2026-08-02,PHC-PUN-006,IND,MED-AMX-250,12.9,126,45.0,8,1
2026-08-03,PHC-PUN-006,IND,MED-AMX-250,18.0,101,3.2,1,0
2026-08-04,PHC-PUN-006,IND,MED-AMX-250,17.9,64,9.7,1,0
2026-08-05,PHC-PUN-006,IND,MED-AMX-250,15.8,122,45.0,10,0
2026-08-06,PHC-PUN-006,IND,MED-AMX-250,16.9,162,45.0,13,0
2026-08-07,PHC-PUN-006,IND,MED-AMX-250,17.5,100,45.0,6,0
2026-08-08,PHC-PUN-006,IND,MED-AMX-250,14.4,104,14.5,1,0
2026-08-09,PHC-PUN-006,IND,MED-AMX-250,9.3,110,1.8,1,1
2026-08-10,PHC-PUN-006,IND,MED-AMX-250,17.1,91,4.5,2,0
2026-08-11,PHC-PUN-006,IND,MED-AMX-250,18.2,162,4.7,1,0
2026-08-12,PHC-PUN-006,IND,MED-AMX-250,14.6,136,45.0,7,0
2026-08-13,PHC-PUN-006,IND,MED-AMX-250,19.7,172,3.1,1,0
2026-08-14,PHC-PUN-006,IND,MED-AMX-250,15.5,58,4.1,4,0
2026-08-15,PHC-PUN-006,IND,MED-AMX-250,23.4,124,12.9,1,0
2026-08-16,PHC-PUN-006,IND,MED-AMX-250,8.0,91,1.2,0,1
2026-08-17,PHC-PUN-006,IND,MED-AMX-250,16.0,126,45.0,5,0
2026-06-19,PHC-PUN-006,IND,MED-ORS-PKG,50.4,395,12.4,2,0
2026-06-20,PHC-PUN-006,IND,MED-ORS-PKG,43.3,294,3.5,2,0
2026-06-21,PHC-PUN-006,IND,MED-ORS-PKG,61.2,303,1.3,3,1
2026-06-22,PHC-PUN-006,IND,MED-ORS-PKG,52.7,185,3.7,6,0
2026-06-23,PHC-PUN-006,IND,MED-ORS-PKG,49.2,123,0.2,3,0
2026-06-24,PHC-PUN-006,IND,MED-ORS-PKG,58.6,107,2.7,1,0
2026-06-25,PHC-PUN-006,IND,MED-ORS-PKG,66.0,411,45.0,4,0
2026-06-26,PHC-PUN-006,IND,MED-ORS-PKG,66.8,706,45.0,11,0
2026-06-27,PHC-PUN-006,IND,MED-ORS-PKG,73.3,135,45.0,12,0
2026-06-28,PHC-PUN-006,IND,MED-ORS-PKG,70.6,700,45.0,4,1
2026-06-29,PHC-PUN-006,IND,MED-ORS-PKG,74.1,368,45.0,5,0
2026-06-30,PHC-PUN-006,IND,MED-ORS-PKG,67.1,225,45.0,8,0
2026-07-01,PHC-PUN-006,IND,MED-ORS-PKG,78.8,505,45.0,4,0
2026-07-02,PHC-PUN-006,IND,MED-ORS-PKG,39.3,452,0.6,2,0
2026-07-03,PHC-PUN-006,IND,MED-ORS-PKG,56.9,663,12.7,6,0
2026-07-04,PHC-PUN-006,IND,MED-ORS-PKG,42.6,88,0.2,2,0
2026-07-05,PHC-PUN-006,IND,MED-ORS-PKG,50.9,298,7.4,4,1
2026-07-06,PHC-PUN-006,IND,MED-ORS-PKG,63.4,472,45.0,12,0
2026-07-07,PHC-PUN-006,IND,MED-ORS-PKG,77.7,617,45.0,11,0
2026-07-08,PHC-PUN-006,IND,MED-ORS-PKG,51.3,98,15.9,0,0
2026-07-09,PHC-PUN-006,IND,MED-ORS-PKG,62.0,299,45.0,14,0
2026-07-10,PHC-PUN-006,IND,MED-ORS-PKG,45.8,243,4.4,2,0
2026-07-11,PHC-PUN-006,IND,MED-ORS-PKG,45.1,261,2.4,1,0
2026-07-12,PHC-PUN-006,IND,MED-ORS-PKG,55.9,86,2.9,3,1
2026-07-13,PHC-PUN-006,IND,MED-ORS-PKG,82.4,910,45.0,7,0
2026-07-14,PHC-PUN-006,IND,MED-ORS-PKG,68.1,393,9.2,0,0
2026-07-15,PHC-PUN-006,IND,MED-ORS-PKG,61.7,232,45.0,7,0
2026-07-16,PHC-PUN-006,IND,MED-ORS-PKG,59.1,626,45.0,8,0
2026-07-17,PHC-PUN-006,IND,MED-ORS-PKG,66.1,675,45.0,9,0
2026-07-18,PHC-PUN-006,IND,MED-ORS-PKG,69.2,826,5.5,2,0
2026-07-19,PHC-PUN-006,IND,MED-ORS-PKG,57.4,344,45.0,11,1
2026-07-20,PHC-PUN-006,IND,MED-ORS-PKG,66.3,100,0.7,4,0
2026-07-21,PHC-PUN-006,IND,MED-ORS-PKG,63.8,505,0.5,2,0
2026-07-22,PHC-PUN-006,IND,MED-ORS-PKG,62.5,474,7.9,2,0
2026-07-23,PHC-PUN-006,IND,MED-ORS-PKG,54.4,457,0.1,1,0
2026-07-24,PHC-PUN-006,IND,MED-ORS-PKG,72.4,152,45.0,10,0
2026-07-25,PHC-PUN-006,IND,MED-ORS-PKG,70.2,238,1.7,3,0
2026-07-26,PHC-PUN-006,IND,MED-ORS-PKG,49.2,175,45.0,7,1
2026-07-27,PHC-PUN-006,IND,MED-ORS-PKG,43.0,227,1.1,1,0
2026-07-28,PHC-PUN-006,IND,MED-ORS-PKG,72.6,398,45.0,7,0
2026-07-29,PHC-PUN-006,IND,MED-ORS-PKG,45.6,134,45.0,8,0
2026-07-30,PHC-PUN-006,IND,MED-ORS-PKG,58.7,494,45.0,6,0
2026-07-31,PHC-PUN-006,IND,MED-ORS-PKG,69.0,732,45.0,8,0
2026-08-01,PHC-PUN-006,IND,MED-ORS-PKG,70.9,746,1.0,2,0
2026-08-02,PHC-PUN-006,IND,MED-ORS-PKG,37.7,381,5.2,0,1
2026-08-03,PHC-PUN-006,IND,MED-ORS-PKG,58.3,612,9.3,0,0
2026-08-04,PHC-PUN-006,IND,MED-ORS-PKG,59.7,614,1.1,1,0
2026-08-05,PHC-PUN-006,IND,MED-ORS-PKG,47.5,176,1.3,2,0
2026-08-06,PHC-PUN-006,IND,MED-ORS-PKG,53.7,178,6.9,1,0
2026-08-07,PHC-PUN-006,IND,MED-ORS-PKG,36.3,434,1.3,2,0
2026-08-08,PHC-PUN-006,IND,MED-ORS-PKG,76.9,403,45.0,11,0
2026-08-09,PHC-PUN-006,IND,MED-ORS-PKG,59.5,575,3.6,3,1
2026-08-10,PHC-PUN-006,IND,MED-ORS-PKG,69.5,268,45.0,8,0
2026-08-11,PHC-PUN-006,IND,MED-ORS-PKG,60.1,494,2.0,0,0
2026-08-12,PHC-PUN-006,IND,MED-ORS-PKG,77.0,859,45.0,5,0
2026-08-13,PHC-PUN-006,IND,MED-ORS-PKG,41.4,168,0.9,2,0
2026-08-14,PHC-PUN-006,IND,MED-ORS-PKG,64.2,317,45.0,10,0
2026-08-15,PHC-PUN-006,IND,MED-ORS-PKG,68.9,756,45.0,9,0
2026-08-16,PHC-PUN-006,IND,MED-ORS-PKG,60.9,377,45.0,7,1
2026-08-17,PHC-PUN-006,IND,MED-ORS-PKG,64.3,105,45.0,9,0
2026-06-19,PHC-PUN-006,IND,MED-ART-60,9.3,54,0.8,7,0
2026-06-20,PHC-PUN-006,IND,MED-ART-60,8.5,35,2.8,3,0
2026-06-21,PHC-PUN-006,IND,MED-ART-60,8.8,35,11.1,1,1
2026-06-22,PHC-PUN-006,IND,MED-ART-60,9.1,87,2.4,2,0
2026-06-23,PHC-PUN-006,IND,MED-ART-60,7.7,26,1.5,1,0
2026-06-24,PHC-PUN-006,IND,MED-ART-60,10.0,48,3.4,1,0
2026-06-25,PHC-PUN-006,IND,MED-ART-60,8.9,57,45.0,4,0
2026-06-26,PHC-PUN-006,IND,MED-ART-60,7.7,71,0.8,6,0
2026-06-27,PHC-PUN-006,IND,MED-ART-60,6.7,61,3.9,2,0
2026-06-28,PHC-PUN-006,IND,MED-ART-60,6.5,25,3.1,1,1
2026-06-29,PHC-PUN-006,IND,MED-ART-60,7.7,58,45.0,13,0
2026-06-30,PHC-PUN-006,IND,MED-ART-60,7.8,64,15.5,4,0
2026-07-01,PHC-PUN-006,IND,MED-ART-60,7.5,36,0.8,1,0
2026-07-02,PHC-PUN-006,IND,MED-ART-60,12.1,101,45.0,12,0
2026-07-03,PHC-PUN-006,IND,MED-ART-60,8.6,19,45.0,5,0
2026-07-04,PHC-PUN-006,IND,MED-ART-60,3.6,16,1.8,3,0
2026-07-05,PHC-PUN-006,IND,MED-ART-60,9.1,27,45.0,12,1
2026-07-06,PHC-PUN-006,IND,MED-ART-60,9.3,41,45.0,8,0
2026-07-07,PHC-PUN-006,IND,MED-ART-60,7.5,41,2.5,4,0
2026-07-08,PHC-PUN-006,IND,MED-ART-60,7.5,11,1.3,1,0
2026-07-09,PHC-PUN-006,IND,MED-ART-60,9.5,30,45.0,12,0
2026-07-10,PHC-PUN-006,IND,MED-ART-60,7.9,36,4.9,5,0
2026-07-11,PHC-PUN-006,IND,MED-ART-60,8.3,51,2.1,7,0
2026-07-12,PHC-PUN-006,IND,MED-ART-60,7.5,83,4.0,3,1
2026-07-13,PHC-PUN-006,IND,MED-ART-60,5.2,20,45.0,4,0
2026-07-14,PHC-PUN-006,IND,MED-ART-60,6.6,22,45.0,7,0
2026-07-15,PHC-PUN-006,IND,MED-ART-60,8.3,15,45.0,4,0
2026-07-16,PHC-PUN-006,IND,MED-ART-60,9.0,91,1.9,0,0
2026-07-17,PHC-PUN-006,IND,MED-ART-60,5.9,60,45.0,3,0
2026-07-18,PHC-PUN-006,IND,MED-ART-60,8.2,30,45.0,10,0
2026-07-19,PHC-PUN-006,IND,MED-ART-60,8.3,80,8.4,2,1
2026-07-20,PHC-PUN-006,IND,MED-ART-60,9.8,27,45.0,6,0
2026-07-21,PHC-PUN-006,IND,MED-ART-60,11.1,96,4.3,0,0
2026-07-22,PHC-PUN-006,IND,MED-ART-60,9.6,84,4.8,1,0
2026-07-23,PHC-PUN-006,IND,MED-ART-60,6.8,39,3.1,3,0
2026-07-24,PHC-PUN-006,IND,MED-ART-60,7.5,22,16.4,5,0
2026-07-25,PHC-PUN-006,IND,MED-ART-60,9.5,73,45.0,13,0
2026-07-26,PHC-PUN-006,IND,MED-ART-60,5.5,30,1.5,2,1
2026-07-27,PHC-PUN-006,IND,MED-ART-60,8.6,65,45.0,13,0
2026-07-28,PHC-PUN-006,IND,MED-ART-60,4.3,11,0.9,1,0
2026-07-29,PHC-PUN-006,IND,MED-ART-60,7.3,26,45.0,7,0
2026-07-30,PHC-PUN-006,IND,MED-ART-60,8.1,80,45.0,7,0
2026-07-31,PHC-PUN-006,IND,MED-ART-60,9.6,21,1.0,2,0
2026-08-01,PHC-PUN-006,IND,MED-ART-60,6.3,18,45.0,10,0
2026-08-02,PHC-PUN-006,IND,MED-ART-60,5.9,56,7.2,1,1
2026-08-03,PHC-PUN-006,IND,MED-ART-60,7.9,90,6.8,7,0
2026-08-04,PHC-PUN-006,IND,MED-ART-60,10.0,116,45.0,4,0
2026-08-05,PHC-PUN-006,IND,MED-ART-60,8.5,63,8.6,4,0
2026-08-06,PHC-PUN-006,IND,MED-ART-60,6.1,46,19.8,3,0
2026-08-07,PHC-PUN-006,IND,MED-ART-60,7.0,44,2.7,1,0
2026-08-08,PHC-PUN-006,IND,MED-ART-60,8.1,30,0.4,2,0
2026-08-09,PHC-PUN-006,IND,MED-ART-60,8.4,61,1.3,3,1
2026-08-10,PHC-PUN-006,IND,MED-ART-60,10.2,74,0.7,1,0
2026-08-11,PHC-PUN-006,IND,MED-ART-60,8.5,68,1.5,0,0
2026-08-12,PHC-PUN-006,IND,MED-ART-60,11.1,106,45.0,4,0
2026-08-13,PHC-PUN-006,IND,MED-ART-60,6.9,19,0.3,2,0
2026-08-14,PHC-PUN-006,IND,MED-ART-60,8.8,77,0.7,4,0
2026-08-15,PHC-PUN-006,IND,MED-ART-60,9.0,34,0.8,4,0
2026-08-16,PHC-PUN-006,IND,MED-ART-60,4.5,38,45.0,13,1
2026-08-17,PHC-PUN-006,IND,MED-ART-60,8.7,52,45.0,8,0
2026-06-19,PHC-PUN-006,IND,MED-INS-REG,8.2,97,45.0,6,0
2026-06-20,PHC-PUN-006,IND,MED-INS-REG,9.8,20,1.8,1,0
2026-06-21,PHC-PUN-006,IND,MED-INS-REG,10.2,33,4.6,1,1
2026-06-22,PHC-PUN-006,IND,MED-INS-REG,7.4,75,7.7,0,0
2026-06-23,PHC-PUN-006,IND,MED-INS-REG,7.5,62,5.8,2,0
2026-06-24,PHC-PUN-006,IND,MED-INS-REG,6.9,29,45.0,6,0
2026-06-25,PHC-PUN-006,IND,MED-INS-REG,7.3,60,4.3,6,0
2026-06-26,PHC-PUN-006,IND,MED-INS-REG,3.8,45,8.8,0,0
2026-06-27,PHC-PUN-006,IND,MED-INS-REG,6.4,15,45.0,9,0
2026-06-28,PHC-PUN-006,IND,MED-INS-REG,8.0,69,5.7,3,1
2026-06-29,PHC-PUN-006,IND,MED-INS-REG,9.6,96,7.8,4,0
2026-06-30,PHC-PUN-006,IND,MED-INS-REG,4.2,17,2.4,2,0
2026-07-01,PHC-PUN-006,IND,MED-INS-REG,7.2,40,45.0,8,0
2026-07-02,PHC-PUN-006,IND,MED-INS-REG,8.2,37,45.0,12,0
2026-07-03,PHC-PUN-006,IND,MED-INS-REG,9.1,42,1.0,1,0
2026-07-04,PHC-PUN-006,IND,MED-INS-REG,7.0,75,1.7,1,0
2026-07-05,PHC-PUN-006,IND,MED-INS-REG,7.9,93,45.0,4,1
2026-07-06,PHC-PUN-006,IND,MED-INS-REG,10.3,72,2.8,0,0
2026-07-07,PHC-PUN-006,IND,MED-INS-REG,8.5,15,0.4,7,0
2026-07-08,PHC-PUN-006,IND,MED-INS-REG,9.5,52,45.0,18,0
2026-07-09,PHC-PUN-006,IND,MED-INS-REG,6.8,34,45.0,6,0
2026-07-10,PHC-PUN-006,IND,MED-INS-REG,10.3,49,8.0,2,0
2026-07-11,PHC-PUN-006,IND,MED-INS-REG,5.7,43,45.0,4,0
2026-07-12,PHC-PUN-006,IND,MED-INS-REG,12.8,70,45.0,6,1
2026-07-13,PHC-PUN-006,IND,MED-INS-REG,7.2,25,3.1,3,0
2026-07-14,PHC-PUN-006,IND,MED-INS-REG,8.4,99,45.0,8,0
2026-07-15,PHC-PUN-006,IND,MED-INS-REG,9.3,103,4.4,2,0
2026-07-16,PHC-PUN-006,IND,MED-INS-REG,7.4,72,5.4,3,0
2026-07-17,PHC-PUN-006,IND,MED-INS-REG,7.2,21,45.0,5,0
2026-07-18,PHC-PUN-006,IND,MED-INS-REG,8.0,46,4.7,0,0
2026-07-19,PHC-PUN-006,IND,MED-INS-REG,7.7,55,6.0,2,1
2026-07-20,PHC-PUN-006,IND,MED-INS-REG,10.5,47,45.0,13,0
2026-07-21,PHC-PUN-006,IND,MED-INS-REG,6.9,57,45.0,2,0
2026-07-22,PHC-PUN-006,IND,MED-INS-REG,6.2,52,1.7,1,0
2026-07-23,PHC-PUN-006,IND,MED-INS-REG,6.7,79,45.0,9,0
2026-07-24,PHC-PUN-006,IND,MED-INS-REG,8.7,27,45.0,7,0
2026-07-25,PHC-PUN-006,IND,MED-INS-REG,5.9,9,45.0,12,0
2026-07-26,PHC-PUN-006,IND,MED-INS-REG,11.0,110,13.6,0,1
2026-07-27,PHC-PUN-006,IND,MED-INS-REG,9.0,41,45.0,12,0
2026-07-28,PHC-PUN-006,IND,MED-INS-REG,7.8,27,0.9,2,0
2026-07-29,PHC-PUN-006,IND,MED-INS-REG,9.1,49,45.0,6,0
2026-07-30,PHC-PUN-006,IND,MED-INS-REG,10.2,113,24.3,1,0
2026-07-31,PHC-PUN-006,IND,MED-INS-REG,7.1,67,5.4,0,0
2026-08-01,PHC-PUN-006,IND,MED-INS-REG,11.9,138,4.9,1,0
2026-08-02,PHC-PUN-006,IND,MED-INS-REG,7.3,22,4.7,1,1
2026-08-03,PHC-PUN-006,IND,MED-INS-REG,6.8,27,10.9,1,0
2026-08-04,PHC-PUN-006,IND,MED-INS-REG,7.9,14,45.0,11,0
2026-08-05,PHC-PUN-006,IND,MED-INS-REG,10.2,89,0.5,1,0
2026-08-06,PHC-PUN-006,IND,MED-INS-REG,4.0,23,5.5,1,0
2026-08-07,PHC-PUN-006,IND,MED-INS-REG,6.4,66,4.1,2,0
2026-08-08,PHC-PUN-006,IND,MED-INS-REG,8.2,63,45.0,12,0
2026-08-09,PHC-PUN-006,IND,MED-INS-REG,8.9,27,45.0,6,1
2026-08-10,PHC-PUN-006,IND,MED-INS-REG,7.8,21,0.0,3,0
2026-08-11,PHC-PUN-006,IND,MED-INS-REG,8.6,50,1.1,1,0
2026-08-12,PHC-PUN-006,IND,MED-INS-REG,6.6,74,45.0,11,0
2026-08-13,PHC-PUN-006,IND,MED-INS-REG,10.0,112,1.0,2,0
2026-08-14,PHC-PUN-006,IND,MED-INS-REG,8.7,96,5.1,4,0
2026-08-15,PHC-PUN-006,IND,MED-INS-REG,10.1,57,11.4,1,0
2026-08-16,PHC-PUN-006,IND,MED-INS-REG,10.1,22,6.7,1,1
2026-08-17,PHC-PUN-006,IND,MED-INS-REG,9.5,101,1.1,1,0
2026-06-19,PHC-PUN-007,IND,MED-PCM-500,40.0,61,3.5,0,0
2026-06-20,PHC-PUN-007,IND,MED-PCM-500,42.3,185,13.2,1,0
2026-06-21,PHC-PUN-007,IND,MED-PCM-500,39.3,221,2.1,2,1
2026-06-22,PHC-PUN-007,IND,MED-PCM-500,44.6,416,1.2,4,0
2026-06-23,PHC-PUN-007,IND,MED-PCM-500,28.5,307,2.9,0,0
2026-06-24,PHC-PUN-007,IND,MED-PCM-500,30.1,89,2.8,0,0
2026-06-25,PHC-PUN-007,IND,MED-PCM-500,45.1,459,45.0,7,0
2026-06-26,PHC-PUN-007,IND,MED-PCM-500,26.1,267,0.7,2,0
2026-06-27,PHC-PUN-007,IND,MED-PCM-500,23.0,173,0.6,1,0
2026-06-28,PHC-PUN-007,IND,MED-PCM-500,50.6,287,45.0,6,1
2026-06-29,PHC-PUN-007,IND,MED-PCM-500,50.3,216,14.2,2,0
2026-06-30,PHC-PUN-007,IND,MED-PCM-500,43.6,469,9.3,2,0
2026-07-01,PHC-PUN-007,IND,MED-PCM-500,61.3,596,45.0,10,0
2026-07-02,PHC-PUN-007,IND,MED-PCM-500,39.1,408,45.0,5,0
2026-07-03,PHC-PUN-007,IND,MED-PCM-500,35.1,362,45.0,9,0
2026-07-04,PHC-PUN-007,IND,MED-PCM-500,42.0,398,3.8,5,0
2026-07-05,PHC-PUN-007,IND,MED-PCM-500,44.1,309,16.8,1,1
2026-07-06,PHC-PUN-007,IND,MED-PCM-500,58.4,449,45.0,10,0
2026-07-07,PHC-PUN-007,IND,MED-PCM-500,32.4,378,6.4,0,0
2026-07-08,PHC-PUN-007,IND,MED-PCM-500,21.2,68,0.3,2,0
2026-07-09,PHC-PUN-007,IND,MED-PCM-500,29.9,125,0.6,3,0
2026-07-10,PHC-PUN-007,IND,MED-PCM-500,48.1,456,45.0,14,0
2026-07-11,PHC-PUN-007,IND,MED-PCM-500,27.8,68,1.0,0,0
2026-07-12,PHC-PUN-007,IND,MED-PCM-500,55.2,164,45.0,7,1
2026-07-13,PHC-PUN-007,IND,MED-PCM-500,25.5,39,2.3,2,0
2026-07-14,PHC-PUN-007,IND,MED-PCM-500,50.7,471,0.3,0,0
2026-07-15,PHC-PUN-007,IND,MED-PCM-500,38.5,138,4.0,1,0
2026-07-16,PHC-PUN-007,IND,MED-PCM-500,43.5,113,3.3,1,0
2026-07-17,PHC-PUN-007,IND,MED-PCM-500,36.8,431,3.8,2,0
2026-07-18,PHC-PUN-007,IND,MED-PCM-500,36.7,391,3.5,1,0
2026-07-19,PHC-PUN-007,IND,MED-PCM-500,50.2,571,0.2,2,1
2026-07-20,PHC-PUN-007,IND,MED-PCM-500,30.9,314,0.7,1,0
2026-07-21,PHC-PUN-007,IND,MED-PCM-500,37.3,282,4.9,1,0
2026-07-22,PHC-PUN-007,IND,MED-PCM-500,33.6,281,2.1,4,0
2026-07-23,PHC-PUN-007,IND,MED-PCM-500,38.9,106,5.2,0,0
2026-07-24,PHC-PUN-007,IND,MED-PCM-500,31.9,159,45.0,5,0
2026-07-25,PHC-PUN-007,IND,MED-PCM-500,45.3,154,9.1,2,0
2026-07-26,PHC-PUN-007,IND,MED-PCM-500,58.4,211,45.0,9,1
2026-07-27,PHC-PUN-007,IND,MED-PCM-500,40.0,418,2.2,3,0
2026-07-28,PHC-PUN-007,IND,MED-PCM-500,36.5,398,13.8,1,0
2026-07-29,PHC-PUN-007,IND,MED-PCM-500,43.4,451,21.6,3,0
2026-07-30,PHC-PUN-007,IND,MED-PCM-500,55.6,624,45.0,7,0
2026-07-31,PHC-PUN-007,IND,MED-PCM-500,41.6,360,12.8,2,0
2026-08-01,PHC-PUN-007,IND,MED-PCM-500,43.9,126,15.0,3,0
2026-08-02,PHC-PUN-007,IND,MED-PCM-500,28.5,292,3.8,3,1
2026-08-03,PHC-PUN-007,IND,MED-PCM-500,56.7,340,45.0,7,0
2026-08-04,PHC-PUN-007,IND,MED-PCM-500,54.7,436,45.0,10,0
2026-08-05,PHC-PUN-007,IND,MED-PCM-500,30.3,296,1.1,0,0
2026-08-06,PHC-PUN-007,IND,MED-PCM-500,32.1,279,1.8,0,0
2026-08-07,PHC-PUN-007,IND,MED-PCM-500,31.7,206,1.6,1,0
2026-08-08,PHC-PUN-007,IND,MED-PCM-500,52.0,490,45.0,5,0
2026-08-09,PHC-PUN-007,IND,MED-PCM-500,38.6,417,0.8,0,1
2026-08-10,PHC-PUN-007,IND,MED-PCM-500,48.2,314,45.0,8,0
2026-08-11,PHC-PUN-007,IND,MED-PCM-500,24.2,166,5.5,1,0
2026-08-12,PHC-PUN-007,IND,MED-PCM-500,39.0,205,0.2,1,0
2026-08-13,PHC-PUN-007,IND,MED-PCM-500,37.8,452,7.6,0,0
2026-08-14,PHC-PUN-007,IND,MED-PCM-500,32.9,245,0.3,2,0
2026-08-15,PHC-PUN-007,IND,MED-PCM-500,34.9,143,12.5,0,0
2026-08-16,PHC-PUN-007,IND,MED-PCM-500,64.9,255,45.0,9,1
2026-08-17,PHC-PUN-007,IND,MED-PCM-500,40.7,466,3.1,2,0
2026-06-19,PHC-PUN-007,IND,MED-AMX-250,15.0,109,45.0,13,0
2026-06-20,PHC-PUN-007,IND,MED-AMX-250,14.8,121,3.9,5,0
2026-06-21,PHC-PUN-007,IND,MED-AMX-250,14.1,52,45.0,6,1
2026-06-22,PHC-PUN-007,IND,MED-AMX-250,14.2,31,17.7,2,0
2026-06-23,PHC-PUN-007,IND,MED-AMX-250,16.6,168,1.4,0,0
2026-06-24,PHC-PUN-007,IND,MED-AMX-250,15.7,109,45.0,10,0
2026-06-25,PHC-PUN-007,IND,MED-AMX-250,9.1,73,14.3,1,0
2026-06-26,PHC-PUN-007,IND,MED-AMX-250,15.5,119,0.7,2,0
2026-06-27,PHC-PUN-007,IND,MED-AMX-250,11.1,82,3.4,1,0
2026-06-28,PHC-PUN-007,IND,MED-AMX-250,6.5,10,3.6,4,1
2026-06-29,PHC-PUN-007,IND,MED-AMX-250,17.6,186,8.4,3,0
2026-06-30,PHC-PUN-007,IND,MED-AMX-250,21.2,43,8.2,0,0
2026-07-01,PHC-PUN-007,IND,MED-AMX-250,15.5,104,26.2,5,0
2026-07-02,PHC-PUN-007,IND,MED-AMX-250,18.0,76,9.6,2,0
2026-07-03,PHC-PUN-007,IND,MED-AMX-250,6.1,33,45.0,5,0
2026-07-04,PHC-PUN-007,IND,MED-AMX-250,13.9,26,0.6,1,0
2026-07-05,PHC-PUN-007,IND,MED-AMX-250,17.6,92,2.1,2,1
2026-07-06,PHC-PUN-007,IND,MED-AMX-250,11.0,34,6.4,5,0
2026-07-07,PHC-PUN-007,IND,MED-AMX-250,17.0,42,1.7,2,0
2026-07-08,PHC-PUN-007,IND,MED-AMX-250,16.4,31,3.7,2,0
2026-07-09,PHC-PUN-007,IND,MED-AMX-250,14.6,106,5.7,3,0
2026-07-10,PHC-PUN-007,IND,MED-AMX-250,13.8,109,10.4,1,0
2026-07-11,PHC-PUN-007,IND,MED-AMX-250,11.3,126,45.0,8,0
2026-07-12,PHC-PUN-007,IND,MED-AMX-250,18.9,83,8.4,1,1
2026-07-13,PHC-PUN-007,IND,MED-AMX-250,16.3,48,1.2,3,0
2026-07-14,PHC-PUN-007,IND,MED-AMX-250,15.3,25,45.0,12,0
2026-07-15,PHC-PUN-007,IND,MED-AMX-250,16.9,194,45.0,14,0
2026-07-16,PHC-PUN-007,IND,MED-AMX-250,13.8,157,0.7,3,0
2026-07-17,PHC-PUN-007,IND,MED-AMX-250,16.0,102,45.0,9,0
2026-07-18,PHC-PUN-007,IND,MED-AMX-250,15.2,67,45.0,7,0
2026-07-19,PHC-PUN-007,IND,MED-AMX-250,16.6,87,2.0,5,1
2026-07-20,PHC-PUN-007,IND,MED-AMX-250,15.2,122,45.0,5,0
2026-07-21,PHC-PUN-007,IND,MED-AMX-250,18.6,107,0.4,1,0
2026-07-22,PHC-PUN-007,IND,MED-AMX-250,16.8,90,2.2,0,0
2026-07-23,PHC-PUN-007,IND,MED-AMX-250,17.3,131,20.8,2,0
2026-07-24,PHC-PUN-007,IND,MED-AMX-250,15.5,149,6.2,1,0
2026-07-25,PHC-PUN-007,IND,MED-AMX-250,15.4,114,45.0,6,0
2026-07-26,PHC-PUN-007,IND,MED-AMX-250,14.0,111,11.5,6,1
2026-07-27,PHC-PUN-007,IND,MED-AMX-250,16.5,25,45.0,12,0
2026-07-28,PHC-PUN-007,IND,MED-AMX-250,11.9,99,0.3,1,0
2026-07-29,PHC-PUN-007,IND,MED-AMX-250,15.2,123,45.0,5,0
2026-07-30,PHC-PUN-007,IND,MED-AMX-250,17.0,86,13.6,3,0
2026-07-31,PHC-PUN-007,IND,MED-AMX-250,12.8,24,1.0,0,0
2026-08-01,PHC-PUN-007,IND,MED-AMX-250,13.8,23,45.0,6,0
2026-08-02,PHC-PUN-007,IND,MED-AMX-250,17.5,40,4.6,2,1
2026-08-03,PHC-PUN-007,IND,MED-AMX-250,16.3,54,45.0,9,0
2026-08-04,PHC-PUN-007,IND,MED-AMX-250,13.7,130,45.0,8,0
2026-08-05,PHC-PUN-007,IND,MED-AMX-250,13.2,147,45.0,13,0
2026-08-06,PHC-PUN-007,IND,MED-AMX-250,13.2,130,12.2,2,0
2026-08-07,PHC-PUN-007,IND,MED-AMX-250,16.0,32,45.0,12,0
2026-08-08,PHC-PUN-007,IND,MED-AMX-250,12.8,32,45.0,6,0
2026-08-09,PHC-PUN-007,IND,MED-AMX-250,13.4,128,45.0,11,1
2026-08-10,PHC-PUN-007,IND,MED-AMX-250,15.4,81,45.0,3,0
2026-08-11,PHC-PUN-007,IND,MED-AMX-250,18.1,139,45.0,8,0
2026-08-12,PHC-PUN-007,IND,MED-AMX-250,13.6,70,10.1,3,0
2026-08-13,PHC-PUN-007,IND,MED-AMX-250,17.5,81,2.9,0,0
2026-08-14,PHC-PUN-007,IND,MED-AMX-250,15.2,163,10.3,1,0
2026-08-15,PHC-PUN-007,IND,MED-AMX-250,16.8,193,45.0,8,0
2026-08-16,PHC-PUN-007,IND,MED-AMX-250,17.3,53,4.5,0,1
2026-08-17,PHC-PUN-007,IND,MED-AMX-250,20.2,155,45.0,10,0
2026-06-19,PHC-PUN-007,IND,MED-ORS-PKG,63.9,663,45.0,5,0
2026-06-20,PHC-PUN-007,IND,MED-ORS-PKG,53.1,299,0.8,2,0
2026-06-21,PHC-PUN-007,IND,MED-ORS-PKG,65.8,565,45.0,6,1
2026-06-22,PHC-PUN-007,IND,MED-ORS-PKG,79.7,749,45.0,11,0
2026-06-23,PHC-PUN-007,IND,MED-ORS-PKG,55.2,512,8.5,2,0
2026-06-24,PHC-PUN-007,IND,MED-ORS-PKG,48.9,434,3.4,0,0
2026-06-25,PHC-PUN-007,IND,MED-ORS-PKG,82.8,159,45.0,9,0
2026-06-26,PHC-PUN-007,IND,MED-ORS-PKG,44.9,223,8.7,2,0
2026-06-27,PHC-PUN-007,IND,MED-ORS-PKG,67.6,287,45.0,6,0
2026-06-28,PHC-PUN-007,IND,MED-ORS-PKG,43.1,376,6.7,3,1
2026-06-29,PHC-PUN-007,IND,MED-ORS-PKG,57.4,559,0.1,1,0
2026-06-30,PHC-PUN-007,IND,MED-ORS-PKG,70.1,610,45.0,9,0
2026-07-01,PHC-PUN-007,IND,MED-ORS-PKG,67.0,363,2.0,6,0
2026-07-02,PHC-PUN-007,IND,MED-ORS-PKG,55.9,163,8.7,1,0
2026-07-03,PHC-PUN-007,IND,MED-ORS-PKG,60.6,392,17.2,4,0
2026-07-04,PHC-PUN-007,IND,MED-ORS-PKG,49.2,142,2.8,4,0
2026-07-05,PHC-PUN-007,IND,MED-ORS-PKG,58.4,173,45.0,6,1
2026-07-06,PHC-PUN-007,IND,MED-ORS-PKG,40.2,383,9.2,2,0
2026-07-07,PHC-PUN-007,IND,MED-ORS-PKG,42.2,418,3.7,2,0
2026-07-08,PHC-PUN-007,IND,MED-ORS-PKG,65.6,230,6.8,0,0
2026-07-09,PHC-PUN-007,IND,MED-ORS-PKG,84.5,704,45.0,9,0
2026-07-10,PHC-PUN-007,IND,MED-ORS-PKG,74.3,572,45.0,13,0
2026-07-11,PHC-PUN-007,IND,MED-ORS-PKG,57.8,411,7.3,1,0
2026-07-12,PHC-PUN-007,IND,MED-ORS-PKG,65.9,297,11.3,3,1
2026-07-13,PHC-PUN-007,IND,MED-ORS-PKG,56.6,334,45.0,9,0
2026-07-14,PHC-PUN-007,IND,MED-ORS-PKG,35.8,86,4.9,1,0
2026-07-15,PHC-PUN-007,IND,MED-ORS-PKG,43.4,470,1.1,1,0
2026-07-16,PHC-PUN-007,IND,MED-ORS-PKG,52.1,615,1.1,0,0
2026-07-17,PHC-PUN-007,IND,MED-ORS-PKG,76.8,839,45.0,6,0
2026-07-18,PHC-PUN-007,IND,MED-ORS-PKG,47.4,429,6.7,2,0
2026-07-19,PHC-PUN-007,IND,MED-ORS-PKG,66.0,508,45.0,6,1
2026-07-20,PHC-PUN-007,IND,MED-ORS-PKG,43.5,503,3.5,4,0
2026-07-21,PHC-PUN-007,IND,MED-ORS-PKG,49.5,342,45.0,6,0
2026-07-22,PHC-PUN-007,IND,MED-ORS-PKG,59.9,416,25.8,7,0
2026-07-23,PHC-PUN-007,IND,MED-ORS-PKG,59.7,361,45.0,12,0
2026-07-24,PHC-PUN-007,IND,MED-ORS-PKG,64.9,512,8.6,1,0
2026-07-25,PHC-PUN-007,IND,MED-ORS-PKG,69.0,427,45.0,8,0
2026-07-26,PHC-PUN-007,IND,MED-ORS-PKG,72.7,431,45.0,8,1
2026-07-27,PHC-PUN-007,IND,MED-ORS-PKG,63.3,725,2.6,2,0
2026-07-28,PHC-PUN-007,IND,MED-ORS-PKG,58.7,374,45.0,9,0
2026-07-29,PHC-PUN-007,IND,MED-ORS-PKG,75.9,839,45.0,6,0
2026-07-30,PHC-PUN-007,IND,MED-ORS-PKG,63.7,413,45.0,4,0
2026-07-31,PHC-PUN-007,IND,MED-ORS-PKG,57.3,570,4.6,3,0
2026-08-01,PHC-PUN-007,IND,MED-ORS-PKG,71.7,147,45.0,6,0
2026-08-02,PHC-PUN-007,IND,MED-ORS-PKG,48.2,302,2.0,2,1
2026-08-03,PHC-PUN-007,IND,MED-ORS-PKG,71.8,506,45.0,9,0
2026-08-04,PHC-PUN-007,IND,MED-ORS-PKG,41.9,367,3.9,1,0
2026-08-05,PHC-PUN-007,IND,MED-ORS-PKG,76.5,135,45.0,10,0
2026-08-06,PHC-PUN-007,IND,MED-ORS-PKG,51.6,575,0.1,1,0
2026-08-07,PHC-PUN-007,IND,MED-ORS-PKG,44.8,361,13.8,4,0
2026-08-08,PHC-PUN-007,IND,MED-ORS-PKG,69.0,555,1.3,2,0
2026-08-09,PHC-PUN-007,IND,MED-ORS-PKG,43.9,495,1.6,5,1
2026-08-10,PHC-PUN-007,IND,MED-ORS-PKG,81.5,684,45.0,4,0
2026-08-11,PHC-PUN-007,IND,MED-ORS-PKG,54.0,515,14.2,4,0
2026-08-12,PHC-PUN-007,IND,MED-ORS-PKG,69.6,271,45.0,13,0
2026-08-13,PHC-PUN-007,IND,MED-ORS-PKG,71.9,716,45.0,8,0
2026-08-14,PHC-PUN-007,IND,MED-ORS-PKG,55.7,282,8.5,0,0
2026-08-15,PHC-PUN-007,IND,MED-ORS-PKG,51.9,188,2.6,2,0
2026-08-16,PHC-PUN-007,IND,MED-ORS-PKG,51.5,614,45.0,4,1
2026-08-17,PHC-PUN-007,IND,MED-ORS-PKG,65.1,203,45.0,11,0
2026-06-19,PHC-PUN-007,IND,MED-ART-60,9.1,64,45.0,7,0
2026-06-20,PHC-PUN-007,IND,MED-ART-60,7.6,78,1.5,1,0
2026-06-21,PHC-PUN-007,IND,MED-ART-60,6.5,71,5.2,3,1
2026-06-22,PHC-PUN-007,IND,MED-ART-60,6.4,11,45.0,8,0
2026-06-23,PHC-PUN-007,IND,MED-ART-60,6.4,70,0.5,3,0
2026-06-24,PHC-PUN-007,IND,MED-ART-60,5.8,68,14.0,2,0
2026-06-25,PHC-PUN-007,IND,MED-ART-60,5.0,22,2.2,2,0
2026-06-26,PHC-PUN-007,IND,MED-ART-60,8.0,18,5.5,5,0
2026-06-27,PHC-PUN-007,IND,MED-ART-60,10.3,60,0.2,4,0
2026-06-28,PHC-PUN-007,IND,MED-ART-60,9.5,85,45.0,7,1
2026-06-29,PHC-PUN-007,IND,MED-ART-60,8.1,95,3.2,1,0
2026-06-30,PHC-PUN-007,IND,MED-ART-60,8.1,34,3.1,3,0
2026-07-01,PHC-PUN-007,IND,MED-ART-60,8.9,73,0.7,4,0
2026-07-02,PHC-PUN-007,IND,MED-ART-60,8.8,75,45.0,7,0
2026-07-03,PHC-PUN-007,IND,MED-ART-60,5.0,41,7.7,2,0
2026-07-04,PHC-PUN-007,IND,MED-ART-60,7.1,39,45.0,6,0
2026-07-05,PHC-PUN-007,IND,MED-ART-60,9.9,103,3.7,1,1
2026-07-06,PHC-PUN-007,IND,MED-ART-60,8.8,64,45.0,6,0
2026-07-07,PHC-PUN-007,IND,MED-ART-60,9.5,54,0.4,1,0
2026-07-08,PHC-PUN-007,IND,MED-ART-60,10.8,38,14.0,2,0
2026-07-09,PHC-PUN-007,IND,MED-ART-60,10.2,81,2.5,4,0
2026-07-10,PHC-PUN-007,IND,MED-ART-60,5.7,57,45.0,14,0
2026-07-11,PHC-PUN-007,IND,MED-ART-60,8.2,96,2.3,1,0
2026-07-12,PHC-PUN-007,IND,MED-ART-60,6.6,19,45.0,9,1
2026-07-13,PHC-PUN-007,IND,MED-ART-60,8.5,89,3.2,3,0
2026-07-14,PHC-PUN-007,IND,MED-ART-60,5.9,66,8.8,0,0
2026-07-15,PHC-PUN-007,IND,MED-ART-60,8.6,80,1.1,4,0
2026-07-16,PHC-PUN-007,IND,MED-ART-60,10.8,18,45.0,12,0
2026-07-17,PHC-PUN-007,IND,MED-ART-60,9.2,90,0.3,0,0
2026-07-18,PHC-PUN-007,IND,MED-ART-60,6.3,35,6.5,3,0
2026-07-19,PHC-PUN-007,IND,MED-ART-60,10.8,60,45.0,4,1
2026-07-20,PHC-PUN-007,IND,MED-ART-60,9.4,71,45.0,7,0
2026-07-21,PHC-PUN-007,IND,MED-ART-60,8.0,17,45.0,11,0
2026-07-22,PHC-PUN-007,IND,MED-ART-60,7.7,88,3.4,4,0
2026-07-23,PHC-PUN-007,IND,MED-ART-60,8.6,59,45.0,10,0
2026-07-24,PHC-PUN-007,IND,MED-ART-60,7.5,15,45.0,9,0
2026-07-25,PHC-PUN-007,IND,MED-ART-60,9.1,91,45.0,5,0
2026-07-26,PHC-PUN-007,IND,MED-ART-60,9.3,68,6.1,2,1
2026-07-27,PHC-PUN-007,IND,MED-ART-60,7.4,44,45.0,10,0
2026-07-28,PHC-PUN-007,IND,MED-ART-60,6.7,46,45.0,6,0
2026-07-29,PHC-PUN-007,IND,MED-ART-60,7.5,39,6.9,1,0
2026-07-30,PHC-PUN-007,IND,MED-ART-60,6.4,58,0.1,3,0
2026-07-31,PHC-PUN-007,IND,MED-ART-60,7.3,83,10.6,1,0
2026-08-01,PHC-PUN-007,IND,MED-ART-60,6.9,52,0.3,0,0
2026-08-02,PHC-PUN-007,IND,MED-ART-60,7.7,32,45.0,6,1
2026-08-03,PHC-PUN-007,IND,MED-ART-60,7.5,20,45.0,7,0
2026-08-04,PHC-PUN-007,IND,MED-ART-60,8.9,29,45.0,11,0
2026-08-05,PHC-PUN-007,IND,MED-ART-60,7.7,56,1.9,3,0
2026-08-06,PHC-PUN-007,IND,MED-ART-60,9.1,23,45.0,10,0
2026-08-07,PHC-PUN-007,IND,MED-ART-60,9.4,17,6.9,2,0
2026-08-08,PHC-PUN-007,IND,MED-ART-60,9.7,74,9.3,1,0
2026-08-09,PHC-PUN-007,IND,MED-ART-60,6.2,60,45.0,9,1
2026-08-10,PHC-PUN-007,IND,MED-ART-60,3.4,7,1.7,6,0
2026-08-11,PHC-PUN-007,IND,MED-ART-60,9.9,43,45.0,7,0
2026-08-12,PHC-PUN-007,IND,MED-ART-60,7.4,12,2.5,1,0
2026-08-13,PHC-PUN-007,IND,MED-ART-60,8.6,102,45.0,6,0
2026-08-14,PHC-PUN-007,IND,MED-ART-60,6.5,27,1.4,1,0
2026-08-15,PHC-PUN-007,IND,MED-ART-60,7.9,88,2.2,4,0
2026-08-16,PHC-PUN-007,IND,MED-ART-60,8.0,41,45.0,11,1
2026-08-17,PHC-PUN-007,IND,MED-ART-60,7.3,39,45.0,4,0
2026-06-19,PHC-PUN-007,IND,MED-INS-REG,7.5,69,2.4,5,0
2026-06-20,PHC-PUN-007,IND,MED-INS-REG,9.2,50,8.3,2,0
2026-06-21,PHC-PUN-007,IND,MED-INS-REG,12.0,95,3.9,1,1
2026-06-22,PHC-PUN-007,IND,MED-INS-REG,9.3,99,2.4,2,0
2026-06-23,PHC-PUN-007,IND,MED-INS-REG,9.6,103,2.2,2,0
2026-06-24,PHC-PUN-007,IND,MED-INS-REG,9.9,20,4.5,1,0
2026-06-25,PHC-PUN-007,IND,MED-INS-REG,10.4,111,0.6,4,0
2026-06-26,PHC-PUN-007,IND,MED-INS-REG,7.9,91,45.0,4,0
2026-06-27,PHC-PUN-007,IND,MED-INS-REG,8.7,60,0.2,2,0
2026-06-28,PHC-PUN-007,IND,MED-INS-REG,7.8,33,45.0,6,1
2026-06-29,PHC-PUN-007,IND,MED-INS-REG,7.1,15,1.6,0,0
2026-06-30,PHC-PUN-007,IND,MED-INS-REG,8.9,102,0.6,3,0
2026-07-01,PHC-PUN-007,IND,MED-INS-REG,7.5,57,5.4,1,0
2026-07-02,PHC-PUN-007,IND,MED-INS-REG,8.7,18,45.0,12,0
2026-07-03,PHC-PUN-007,IND,MED-INS-REG,7.5,89,3.6,3,0
2026-07-04,PHC-PUN-007,IND,MED-INS-REG,7.7,19,2.5,2,0
2026-07-05,PHC-PUN-007,IND,MED-INS-REG,5.9,50,45.0,13,1
2026-07-06,PHC-PUN-007,IND,MED-INS-REG,8.1,91,13.8,5,0
2026-07-07,PHC-PUN-007,IND,MED-INS-REG,7.6,48,45.0,8,0
2026-07-08,PHC-PUN-007,IND,MED-INS-REG,5.9,44,45.0,12,0
2026-07-09,PHC-PUN-007,IND,MED-INS-REG,7.3,28,9.1,1,0
2026-07-10,PHC-PUN-007,IND,MED-INS-REG,10.0,115,45.0,8,0
2026-07-11,PHC-PUN-007,IND,MED-INS-REG,7.4,69,45.0,5,0
2026-07-12,PHC-PUN-007,IND,MED-INS-REG,6.9,33,45.0,5,1
2026-07-13,PHC-PUN-007,IND,MED-INS-REG,8.7,68,45.0,8,0
2026-07-14,PHC-PUN-007,IND,MED-INS-REG,11.3,55,2.6,0,0
2026-07-15,PHC-PUN-007,IND,MED-INS-REG,8.9,55,3.9,2,0
2026-07-16,PHC-PUN-007,IND,MED-INS-REG,7.5,81,4.0,3,0
2026-07-17,PHC-PUN-007,IND,MED-INS-REG,9.7,99,7.7,1,0
2026-07-18,PHC-PUN-007,IND,MED-INS-REG,7.9,70,10.2,4,0
2026-07-19,PHC-PUN-007,IND,MED-INS-REG,9.3,91,45.0,5,1
2026-07-20,PHC-PUN-007,IND,MED-INS-REG,10.3,54,0.6,0,0
2026-07-21,PHC-PUN-007,IND,MED-INS-REG,10.1,25,1.3,1,0
2026-07-22,PHC-PUN-007,IND,MED-INS-REG,8.4,65,45.0,16,0
2026-07-23,PHC-PUN-007,IND,MED-INS-REG,9.3,28,45.0,9,0
2026-07-24,PHC-PUN-007,IND,MED-INS-REG,6.9,11,4.2,2,0
2026-07-25,PHC-PUN-007,IND,MED-INS-REG,9.5,61,0.6,3,0
2026-07-26,PHC-PUN-007,IND,MED-INS-REG,7.1,57,15.4,5,1
2026-07-27,PHC-PUN-007,IND,MED-INS-REG,5.2,29,10.1,2,0
2026-07-28,PHC-PUN-007,IND,MED-INS-REG,9.3,109,0.4,2,0
2026-07-29,PHC-PUN-007,IND,MED-INS-REG,6.1,19,45.0,9,0
2026-07-30,PHC-PUN-007,IND,MED-INS-REG,5.8,20,3.0,3,0
2026-07-31,PHC-PUN-007,IND,MED-INS-REG,8.2,61,45.0,9,0
2026-08-01,PHC-PUN-007,IND,MED-INS-REG,6.8,15,45.0,8,0
2026-08-02,PHC-PUN-007,IND,MED-INS-REG,10.0,15,11.3,0,1
2026-08-03,PHC-PUN-007,IND,MED-INS-REG,6.7,30,45.0,9,0
2026-08-04,PHC-PUN-007,IND,MED-INS-REG,9.5,84,45.0,9,0
2026-08-05,PHC-PUN-007,IND,MED-INS-REG,6.6,23,12.2,2,0
2026-08-06,PHC-PUN-007,IND,MED-INS-REG,8.1,53,45.0,10,0
2026-08-07,PHC-PUN-007,IND,MED-INS-REG,8.7,86,4.3,1,0
2026-08-08,PHC-PUN-007,IND,MED-INS-REG,7.3,77,45.0,10,0
2026-08-09,PHC-PUN-007,IND,MED-INS-REG,8.1,45,4.2,1,1
2026-08-10,PHC-PUN-007,IND,MED-INS-REG,10.9,82,45.0,8,0
2026-08-11,PHC-PUN-007,IND,MED-INS-REG,9.4,104,0.2,3,0
2026-08-12,PHC-PUN-007,IND,MED-INS-REG,6.6,49,45.0,11,0
2026-08-13,PHC-PUN-007,IND,MED-INS-REG,5.9,35,45.0,6,0
2026-08-14,PHC-PUN-007,IND,MED-INS-REG,9.4,69,45.0,9,0
2026-08-15,PHC-PUN-007,IND,MED-INS-REG,7.7,13,45.0,9,0
2026-08-16,PHC-PUN-007,IND,MED-INS-REG,6.7,40,0.3,0,1
2026-08-17,PHC-PUN-007,IND,MED-INS-REG,9.4,84,45.0,4,0
2026-06-19,PHC-PUN-008,IND,MED-PCM-500,38.4,405,5.7,2,0
2026-06-20,PHC-PUN-008,IND,MED-PCM-500,31.1,72,16.6,2,0
2026-06-21,PHC-PUN-008,IND,MED-PCM-500,52.1,176,45.0,6,1
2026-06-22,PHC-PUN-008,IND,MED-PCM-500,40.8,120,45.0,12,0
2026-06-23,PHC-PUN-008,IND,MED-PCM-500,53.0,283,10.0,1,0
2026-06-24,PHC-PUN-008,IND,MED-PCM-500,39.2,394,3.4,6,0
2026-06-25,PHC-PUN-008,IND,MED-PCM-500,44.4,264,0.0,3,0
2026-06-26,PHC-PUN-008,IND,MED-PCM-500,42.5,451,7.2,2,0
2026-06-27,PHC-PUN-008,IND,MED-PCM-500,48.6,139,45.0,5,0
2026-06-28,PHC-PUN-008,IND,MED-PCM-500,35.9,216,4.5,1,1
2026-06-29,PHC-PUN-008,IND,MED-PCM-500,42.6,136,16.5,2,0
2026-06-30,PHC-PUN-008,IND,MED-PCM-500,45.6,98,45.0,10,0
2026-07-01,PHC-PUN-008,IND,MED-PCM-500,25.2,85,0.7,1,0
2026-07-02,PHC-PUN-008,IND,MED-PCM-500,37.2,314,6.0,4,0
2026-07-03,PHC-PUN-008,IND,MED-PCM-500,38.8,294,1.4,1,0
2026-07-04,PHC-PUN-008,IND,MED-PCM-500,42.4,359,11.1,3,0
2026-07-05,PHC-PUN-008,IND,MED-PCM-500,38.0,407,1.5,0,1
2026-07-06,PHC-PUN-008,IND,MED-PCM-500,39.9,153,1.7,2,0
2026-07-07,PHC-PUN-008,IND,MED-PCM-500,39.0,293,0.1,4,0
2026-07-08,PHC-PUN-008,IND,MED-PCM-500,32.0,89,1.4,2,0
2026-07-09,PHC-PUN-008,IND,MED-PCM-500,42.0,334,5.8,1,0
2026-07-10,PHC-PUN-008,IND,MED-PCM-500,56.4,358,45.0,19,0
2026-07-11,PHC-PUN-008,IND,MED-PCM-500,23.8,254,1.1,2,0
2026-07-12,PHC-PUN-008,IND,MED-PCM-500,50.6,286,45.0,13,1
2026-07-13,PHC-PUN-008,IND,MED-PCM-500,66.3,398,45.0,6,0
2026-07-14,PHC-PUN-008,IND,MED-PCM-500,55.6,227,45.0,8,0
2026-07-15,PHC-PUN-008,IND,MED-PCM-500,41.9,315,45.0,5,0
2026-07-16,PHC-PUN-008,IND,MED-PCM-500,50.4,96,45.0,7,0
2026-07-17,PHC-PUN-008,IND,MED-PCM-500,46.3,311,45.0,4,0
2026-07-18,PHC-PUN-008,IND,MED-PCM-500,55.2,169,45.0,11,0
2026-07-19,PHC-PUN-008,IND,MED-PCM-500,44.6,419,7.4,4,1
2026-07-20,PHC-PUN-008,IND,MED-PCM-500,29.0,92,3.4,1,0
2026-07-21,PHC-PUN-008,IND,MED-PCM-500,44.2,494,13.3,3,0
2026-07-22,PHC-PUN-008,IND,MED-PCM-500,28.3,302,3.8,1,0
2026-07-23,PHC-PUN-008,IND,MED-PCM-500,60.7,670,45.0,8,0
2026-07-24,PHC-PUN-008,IND,MED-PCM-500,38.4,65,8.4,1,0
2026-07-25,PHC-PUN-008,IND,MED-PCM-500,43.1,250,3.4,4,0
2026-07-26,PHC-PUN-008,IND,MED-PCM-500,45.3,476,9.7,4,1
2026-07-27,PHC-PUN-008,IND,MED-PCM-500,46.3,476,45.0,7,0
2026-07-28,PHC-PUN-008,IND,MED-PCM-500,63.9,504,45.0,13,0
2026-07-29,PHC-PUN-008,IND,MED-PCM-500,53.3,558,45.0,13,0
2026-07-30,PHC-PUN-008,IND,MED-PCM-500,48.3,461,45.0,13,0
2026-07-31,PHC-PUN-008,IND,MED-PCM-500,56.1,478,45.0,8,0
2026-08-01,PHC-PUN-008,IND,MED-PCM-500,37.7,66,1.0,0,0
2026-08-02,PHC-PUN-008,IND,MED-PCM-500,52.6,526,45.0,10,1
2026-08-03,PHC-PUN-008,IND,MED-PCM-500,32.1,241,8.1,5,0
2026-08-04,PHC-PUN-008,IND,MED-PCM-500,49.2,483,14.4,4,0
2026-08-05,PHC-PUN-008,IND,MED-PCM-500,39.3,67,5.6,5,0
2026-08-06,PHC-PUN-008,IND,MED-PCM-500,43.1,258,2.4,2,0
2026-08-07,PHC-PUN-008,IND,MED-PCM-500,41.3,398,1.4,0,0
2026-08-08,PHC-PUN-008,IND,MED-PCM-500,43.7,79,7.3,2,0
2026-08-09,PHC-PUN-008,IND,MED-PCM-500,49.2,362,45.0,3,1
2026-08-10,PHC-PUN-008,IND,MED-PCM-500,61.6,268,45.0,14,0
2026-08-11,PHC-PUN-008,IND,MED-PCM-500,26.4,309,4.4,4,0
2026-08-12,PHC-PUN-008,IND,MED-PCM-500,41.6,245,4.9,1,0
2026-08-13,PHC-PUN-008,IND,MED-PCM-500,40.3,476,0.3,1,0
2026-08-14,PHC-PUN-008,IND,MED-PCM-500,37.1,324,1.6,3,0
2026-08-15,PHC-PUN-008,IND,MED-PCM-500,45.3,138,45.0,9,0
2026-08-16,PHC-PUN-008,IND,MED-PCM-500,46.5,259,45.0,8,1
2026-08-17,PHC-PUN-008,IND,MED-PCM-500,38.5,341,0.6,3,0
2026-06-19,PHC-PUN-008,IND,MED-AMX-250,18.8,125,2.2,2,0
2026-06-20,PHC-PUN-008,IND,MED-AMX-250,14.2,146,8.8,3,0
2026-06-21,PHC-PUN-008,IND,MED-AMX-250,12.3,79,3.1,1,1
2026-06-22,PHC-PUN-008,IND,MED-AMX-250,16.0,65,17.2,2,0
2026-06-23,PHC-PUN-008,IND,MED-AMX-250,12.6,96,0.1,2,0
2026-06-24,PHC-PUN-008,IND,MED-AMX-250,14.3,69,45.0,8,0
2026-06-25,PHC-PUN-008,IND,MED-AMX-250,11.2,23,4.6,3,0
2026-06-26,PHC-PUN-008,IND,MED-AMX-250,10.4,88,10.0,1,0
2026-06-27,PHC-PUN-008,IND,MED-AMX-250,11.7,135,45.0,8,0
2026-06-28,PHC-PUN-008,IND,MED-AMX-250,14.0,116,0.0,1,1
2026-06-29,PHC-PUN-008,IND,MED-AMX-250,16.9,158,45.0,8,0
2026-06-30,PHC-PUN-008,IND,MED-AMX-250,15.8,178,3.5,5,0
2026-07-01,PHC-PUN-008,IND,MED-AMX-250,17.2,61,45.0,7,0
2026-07-02,PHC-PUN-008,IND,MED-AMX-250,19.0,149,2.8,0,0
2026-07-03,PHC-PUN-008,IND,MED-AMX-250,19.8,44,8.1,3,0
2026-07-04,PHC-PUN-008,IND,MED-AMX-250,11.6,77,0.5,1,0
2026-07-05,PHC-PUN-008,IND,MED-AMX-250,14.2,134,45.0,4,1
2026-07-06,PHC-PUN-008,IND,MED-AMX-250,13.5,96,5.0,0,0
2026-07-07,PHC-PUN-008,IND,MED-AMX-250,10.2,96,45.0,15,0
2026-07-08,PHC-PUN-008,IND,MED-AMX-250,12.9,42,7.4,4,0
2026-07-09,PHC-PUN-008,IND,MED-AMX-250,12.9,132,45.0,6,0
2026-07-10,PHC-PUN-008,IND,MED-AMX-250,15.1,59,45.0,14,0
2026-07-11,PHC-PUN-008,IND,MED-AMX-250,16.6,196,0.8,2,0
2026-07-12,PHC-PUN-008,IND,MED-AMX-250,13.4,140,1.8,0,1
2026-07-13,PHC-PUN-008,IND,MED-AMX-250,13.9,48,0.2,0,0
2026-07-14,PHC-PUN-008,IND,MED-AMX-250,17.0,32,45.0,10,0
2026-07-15,PHC-PUN-008,IND,MED-AMX-250,10.9,79,7.3,2,0
2026-07-16,PHC-PUN-008,IND,MED-AMX-250,13.2,62,5.9,2,0
2026-07-17,PHC-PUN-008,IND,MED-AMX-250,14.1,30,7.4,2,0
2026-07-18,PHC-PUN-008,IND,MED-AMX-250,13.0,40,45.0,4,0
2026-07-19,PHC-PUN-008,IND,MED-AMX-250,8.1,68,45.0,6,1
2026-07-20,PHC-PUN-008,IND,MED-AMX-250,13.5,44,9.6,3,0
2026-07-21,PHC-PUN-008,IND,MED-AMX-250,17.3,84,0.8,1,0
2026-07-22,PHC-PUN-008,IND,MED-AMX-250,19.4,108,45.0,6,0
2026-07-23,PHC-PUN-008,IND,MED-AMX-250,15.9,167,5.8,3,0
2026-07-24,PHC-PUN-008,IND,MED-AMX-250,10.5,66,10.8,4,0
2026-07-25,PHC-PUN-008,IND,MED-AMX-250,15.2,143,1.3,2,0
2026-07-26,PHC-PUN-008,IND,MED-AMX-250,10.3,46,45.0,8,1
2026-07-27,PHC-PUN-008,IND,MED-AMX-250,12.0,74,1.1,2,0
2026-07-28,PHC-PUN-008,IND,MED-AMX-250,16.9,155,0.5,3,0
2026-07-29,PHC-PUN-008,IND,MED-AMX-250,21.1,243,45.0,4,0
2026-07-30,PHC-PUN-008,IND,MED-AMX-250,23.0,223,6.6,2,0
2026-07-31,PHC-PUN-008,IND,MED-AMX-250,17.5,123,10.5,0,0
2026-08-01,PHC-PUN-008,IND,MED-AMX-250,13.5,108,45.0,5,0
2026-08-02,PHC-PUN-008,IND,MED-AMX-250,13.3,24,45.0,6,1
2026-08-03,PHC-PUN-008,IND,MED-AMX-250,13.7,43,13.1,1,0
2026-08-04,PHC-PUN-008,IND,MED-AMX-250,19.2,48,45.0,4,0
2026-08-05,PHC-PUN-008,IND,MED-AMX-250,14.3,118,45.0,3,0
2026-08-06,PHC-PUN-008,IND,MED-AMX-250,14.6,77,45.0,7,0
2026-08-07,PHC-PUN-008,IND,MED-AMX-250,12.6,74,2.3,1,0
2026-08-08,PHC-PUN-008,IND,MED-AMX-250,14.7,103,45.0,16,0
2026-08-09,PHC-PUN-008,IND,MED-AMX-250,17.2,161,45.0,11,1
2026-08-10,PHC-PUN-008,IND,MED-AMX-250,14.7,51,45.0,7,0
2026-08-11,PHC-PUN-008,IND,MED-AMX-250,21.4,119,45.0,7,0
2026-08-12,PHC-PUN-008,IND,MED-AMX-250,11.1,64,6.9,3,0
2026-08-13,PHC-PUN-008,IND,MED-AMX-250,14.4,160,45.0,6,0
2026-08-14,PHC-PUN-008,IND,MED-AMX-250,13.9,111,45.0,15,0
2026-08-15,PHC-PUN-008,IND,MED-AMX-250,13.3,137,45.0,7,0
2026-08-16,PHC-PUN-008,IND,MED-AMX-250,15.4,43,45.0,8,1
2026-08-17,PHC-PUN-008,IND,MED-AMX-250,17.7,207,45.0,7,0
2026-06-19,PHC-PUN-008,IND,MED-ORS-PKG,43.7,372,10.4,2,0
2026-06-20,PHC-PUN-008,IND,MED-ORS-PKG,53.0,181,0.5,4,0
2026-06-21,PHC-PUN-008,IND,MED-ORS-PKG,45.7,315,4.1,2,1
2026-06-22,PHC-PUN-008,IND,MED-ORS-PKG,39.1,313,1.3,1,0
2026-06-23,PHC-PUN-008,IND,MED-ORS-PKG,68.5,739,45.0,5,0
2026-06-24,PHC-PUN-008,IND,MED-ORS-PKG,64.2,342,1.1,2,0
2026-06-25,PHC-PUN-008,IND,MED-ORS-PKG,36.1,58,4.5,1,0
2026-06-26,PHC-PUN-008,IND,MED-ORS-PKG,65.6,700,22.1,1,0
2026-06-27,PHC-PUN-008,IND,MED-ORS-PKG,71.8,578,7.4,3,0
2026-06-28,PHC-PUN-008,IND,MED-ORS-PKG,36.6,62,1.9,5,1
2026-06-29,PHC-PUN-008,IND,MED-ORS-PKG,81.7,775,45.0,3,0
2026-06-30,PHC-PUN-008,IND,MED-ORS-PKG,58.4,332,6.0,2,0
2026-07-01,PHC-PUN-008,IND,MED-ORS-PKG,92.5,485,45.0,9,0
2026-07-02,PHC-PUN-008,IND,MED-ORS-PKG,37.5,417,0.6,4,0
2026-07-03,PHC-PUN-008,IND,MED-ORS-PKG,68.8,344,45.0,5,0
2026-07-04,PHC-PUN-008,IND,MED-ORS-PKG,67.1,282,10.5,2,0
2026-07-05,PHC-PUN-008,IND,MED-ORS-PKG,62.7,203,0.2,0,1
2026-07-06,PHC-PUN-008,IND,MED-ORS-PKG,79.2,727,1.1,2,0
2026-07-07,PHC-PUN-008,IND,MED-ORS-PKG,66.3,216,45.0,9,0
2026-07-08,PHC-PUN-008,IND,MED-ORS-PKG,73.4,775,45.0,7,0
2026-07-09,PHC-PUN-008,IND,MED-ORS-PKG,65.7,236,22.2,1,0
2026-07-10,PHC-PUN-008,IND,MED-ORS-PKG,69.7,404,45.0,7,0
2026-07-11,PHC-PUN-008,IND,MED-ORS-PKG,54.3,82,2.0,1,0
2026-07-12,PHC-PUN-008,IND,MED-ORS-PKG,67.2,583,45.0,6,1
2026-07-13,PHC-PUN-008,IND,MED-ORS-PKG,81.3,702,45.0,8,0
2026-07-14,PHC-PUN-008,IND,MED-ORS-PKG,60.8,498,11.7,3,0
2026-07-15,PHC-PUN-008,IND,MED-ORS-PKG,63.2,496,45.0,12,0
2026-07-16,PHC-PUN-008,IND,MED-ORS-PKG,54.1,588,3.0,1,0
2026-07-17,PHC-PUN-008,IND,MED-ORS-PKG,58.1,327,5.0,2,0
2026-07-18,PHC-PUN-008,IND,MED-ORS-PKG,59.1,226,45.0,7,0
2026-07-19,PHC-PUN-008,IND,MED-ORS-PKG,48.5,230,2.1,0,1
2026-07-20,PHC-PUN-008,IND,MED-ORS-PKG,36.3,217,1.3,3,0
2026-07-21,PHC-PUN-008,IND,MED-ORS-PKG,47.7,391,1.1,1,0
2026-07-22,PHC-PUN-008,IND,MED-ORS-PKG,40.0,203,11.0,4,0
2026-07-23,PHC-PUN-008,IND,MED-ORS-PKG,55.7,328,45.0,8,0
2026-07-24,PHC-PUN-008,IND,MED-ORS-PKG,59.9,686,0.6,2,0
2026-07-25,PHC-PUN-008,IND,MED-ORS-PKG,71.2,133,45.0,6,0
2026-07-26,PHC-PUN-008,IND,MED-ORS-PKG,38.2,143,0.8,2,1
2026-07-27,PHC-PUN-008,IND,MED-ORS-PKG,52.9,137,0.8,4,0
2026-07-28,PHC-PUN-008,IND,MED-ORS-PKG,40.4,80,1.9,4,0
2026-07-29,PHC-PUN-008,IND,MED-ORS-PKG,58.8,225,45.0,8,0
2026-07-30,PHC-PUN-008,IND,MED-ORS-PKG,35.6,94,4.9,1,0
2026-07-31,PHC-PUN-008,IND,MED-ORS-PKG,54.9,440,0.8,2,0
2026-08-01,PHC-PUN-008,IND,MED-ORS-PKG,61.6,695,3.4,1,0
2026-08-02,PHC-PUN-008,IND,MED-ORS-PKG,47.5,185,23.4,5,1
2026-08-03,PHC-PUN-008,IND,MED-ORS-PKG,88.5,753,45.0,5,0
2026-08-04,PHC-PUN-008,IND,MED-ORS-PKG,47.9,78,8.8,3,0
2026-08-05,PHC-PUN-008,IND,MED-ORS-PKG,65.6,521,45.0,4,0
2026-08-06,PHC-PUN-008,IND,MED-ORS-PKG,63.8,388,4.6,2,0
2026-08-07,PHC-PUN-008,IND,MED-ORS-PKG,43.9,180,4.5,3,0
2026-08-08,PHC-PUN-008,IND,MED-ORS-PKG,56.6,624,7.5,3,0
2026-08-09,PHC-PUN-008,IND,MED-ORS-PKG,46.6,518,1.8,4,1
2026-08-10,PHC-PUN-008,IND,MED-ORS-PKG,63.2,435,22.5,1,0
2026-08-11,PHC-PUN-008,IND,MED-ORS-PKG,70.9,765,45.0,11,0
2026-08-12,PHC-PUN-008,IND,MED-ORS-PKG,46.2,137,0.8,2,0
2026-08-13,PHC-PUN-008,IND,MED-ORS-PKG,62.4,455,45.0,12,0
2026-08-14,PHC-PUN-008,IND,MED-ORS-PKG,39.9,210,0.2,1,0
2026-08-15,PHC-PUN-008,IND,MED-ORS-PKG,58.6,370,1.6,3,0
2026-08-16,PHC-PUN-008,IND,MED-ORS-PKG,60.7,251,45.0,4,1
2026-08-17,PHC-PUN-008,IND,MED-ORS-PKG,50.1,449,4.2,1,0
2026-06-19,PHC-PUN-008,IND,MED-ART-60,8.0,86,2.6,0,0
2026-06-20,PHC-PUN-008,IND,MED-ART-60,11.5,27,45.0,6,0
2026-06-21,PHC-PUN-008,IND,MED-ART-60,9.2,63,3.3,5,1
2026-06-22,PHC-PUN-008,IND,MED-ART-60,5.8,66,45.0,8,0
2026-06-23,PHC-PUN-008,IND,MED-ART-60,9.0,41,0.6,1,0
2026-06-24,PHC-PUN-008,IND,MED-ART-60,8.1,32,2.7,2,0
2026-06-25,PHC-PUN-008,IND,MED-ART-60,10.3,118,0.7,0,0
2026-06-26,PHC-PUN-008,IND,MED-ART-60,5.6,11,45.0,7,0
2026-06-27,PHC-PUN-008,IND,MED-ART-60,8.4,70,45.0,7,0
2026-06-28,PHC-PUN-008,IND,MED-ART-60,10.7,90,45.0,7,1
2026-06-29,PHC-PUN-008,IND,MED-ART-60,9.0,29,45.0,9,0
2026-06-30,PHC-PUN-008,IND,MED-ART-60,10.0,23,9.3,4,0
2026-07-01,PHC-PUN-008,IND,MED-ART-60,8.9,34,45.0,7,0
2026-07-02,PHC-PUN-008,IND,MED-ART-60,11.0,63,45.0,6,0
2026-07-03,PHC-PUN-008,IND,MED-ART-60,9.9,29,3.1,2,0
2026-07-04,PHC-PUN-008,IND,MED-ART-60,6.2,41,45.0,5,0
2026-07-05,PHC-PUN-008,IND,MED-ART-60,9.8,58,6.0,3,1
2026-07-06,PHC-PUN-008,IND,MED-ART-60,9.9,77,1.2,2,0
2026-07-07,PHC-PUN-008,IND,MED-ART-60,6.9,36,45.0,15,0
2026-07-08,PHC-PUN-008,IND,MED-ART-60,8.1,90,4.0,4,0
2026-07-09,PHC-PUN-008,IND,MED-ART-60,8.8,90,0.5,3,0
2026-07-10,PHC-PUN-008,IND,MED-ART-60,9.3,36,45.0,12,0
2026-07-11,PHC-PUN-008,IND,MED-ART-60,10.2,79,12.9,3,0
2026-07-12,PHC-PUN-008,IND,MED-ART-60,10.2,26,7.1,1,1
2026-07-13,PHC-PUN-008,IND,MED-ART-60,9.5,66,45.0,9,0
2026-07-14,PHC-PUN-008,IND,MED-ART-60,7.9,59,2.0,2,0
2026-07-15,PHC-PUN-008,IND,MED-ART-60,9.2,41,10.3,2,0
2026-07-16,PHC-PUN-008,IND,MED-ART-60,7.8,80,5.1,4,0
2026-07-17,PHC-PUN-008,IND,MED-ART-60,6.3,65,10.5,0,0
2026-07-18,PHC-PUN-008,IND,MED-ART-60,6.4,50,17.0,2,0
2026-07-19,PHC-PUN-008,IND,MED-ART-60,8.9,89,0.1,2,1
2026-07-20,PHC-PUN-008,IND,MED-ART-60,8.8,100,8.3,2,0
2026-07-21,PHC-PUN-008,IND,MED-ART-60,8.1,80,4.7,1,0
2026-07-22,PHC-PUN-008,IND,MED-ART-60,7.8,39,3.0,0,0
2026-07-23,PHC-PUN-008,IND,MED-ART-60,8.8,73,4.2,1,0
2026-07-24,PHC-PUN-008,IND,MED-ART-60,7.8,17,45.0,9,0
2026-07-25,PHC-PUN-008,IND,MED-ART-60,8.5,54,5.1,1,0
2026-07-26,PHC-PUN-008,IND,MED-ART-60,6.7,17,45.0,12,1
2026-07-27,PHC-PUN-008,IND,MED-ART-60,5.8,13,45.0,8,0
2026-07-28,PHC-PUN-008,IND,MED-ART-60,6.0,47,5.2,2,0
2026-07-29,PHC-PUN-008,IND,MED-ART-60,9.9,78,0.2,3,0
2026-07-30,PHC-PUN-008,IND,MED-ART-60,7.5,33,45.0,17,0
2026-07-31,PHC-PUN-008,IND,MED-ART-60,9.2,72,2.5,2,0
2026-08-01,PHC-PUN-008,IND,MED-ART-60,4.9,26,2.8,5,0
2026-08-02,PHC-PUN-008,IND,MED-ART-60,8.1,85,45.0,7,1
2026-08-03,PHC-PUN-008,IND,MED-ART-60,6.8,49,0.0,2,0
2026-08-04,PHC-PUN-008,IND,MED-ART-60,4.9,37,4.1,5,0
2026-08-05,PHC-PUN-008,IND,MED-ART-60,9.7,83,4.2,2,0
2026-08-06,PHC-PUN-008,IND,MED-ART-60,5.9,30,4.3,4,0
2026-08-07,PHC-PUN-008,IND,MED-ART-60,8.6,14,1.0,1,0
2026-08-08,PHC-PUN-008,IND,MED-ART-60,6.3,69,1.4,1,0
2026-08-09,PHC-PUN-008,IND,MED-ART-60,6.1,35,45.0,6,1
2026-08-10,PHC-PUN-008,IND,MED-ART-60,9.3,53,1.6,4,0
2026-08-11,PHC-PUN-008,IND,MED-ART-60,9.9,68,13.7,2,0
2026-08-12,PHC-PUN-008,IND,MED-ART-60,10.1,32,45.0,7,0
2026-08-13,PHC-PUN-008,IND,MED-ART-60,8.7,63,45.0,8,0
2026-08-14,PHC-PUN-008,IND,MED-ART-60,6.5,40,3.9,3,0
2026-08-15,PHC-PUN-008,IND,MED-ART-60,7.6,78,14.2,3,0
2026-08-16,PHC-PUN-008,IND,MED-ART-60,6.7,62,45.0,18,1
2026-08-17,PHC-PUN-008,IND,MED-ART-60,6.5,73,6.4,5,0
2026-06-19,PHC-PUN-008,IND,MED-INS-REG,9.3,29,2.9,3,0
2026-06-20,PHC-PUN-008,IND,MED-INS-REG,6.8,23,0.1,0,0
2026-06-21,PHC-PUN-008,IND,MED-INS-REG,8.5,88,5.4,4,1
2026-06-22,PHC-PUN-008,IND,MED-INS-REG,8.1,59,4.4,3,0
2026-06-23,PHC-PUN-008,IND,MED-INS-REG,8.4,27,0.1,2,0
2026-06-24,PHC-PUN-008,IND,MED-INS-REG,10.0,112,0.4,1,0
2026-06-25,PHC-PUN-008,IND,MED-INS-REG,9.7,30,4.5,4,0
2026-06-26,PHC-PUN-008,IND,MED-INS-REG,9.2,48,0.9,4,0
2026-06-27,PHC-PUN-008,IND,MED-INS-REG,7.3,55,4.1,3,0
2026-06-28,PHC-PUN-008,IND,MED-INS-REG,7.8,66,2.3,0,1
2026-06-29,PHC-PUN-008,IND,MED-INS-REG,7.3,76,45.0,8,0
2026-06-30,PHC-PUN-008,IND,MED-INS-REG,10.0,86,45.0,12,0
2026-07-01,PHC-PUN-008,IND,MED-INS-REG,7.6,57,7.0,3,0
2026-07-02,PHC-PUN-008,IND,MED-INS-REG,7.4,51,45.0,10,0
2026-07-03,PHC-PUN-008,IND,MED-INS-REG,6.9,33,45.0,9,0
2026-07-04,PHC-PUN-008,IND,MED-INS-REG,5.7,40,0.7,3,0
2026-07-05,PHC-PUN-008,IND,MED-INS-REG,10.3,58,4.4,2,1
2026-07-06,PHC-PUN-008,IND,MED-INS-REG,11.1,127,3.5,1,0
2026-07-07,PHC-PUN-008,IND,MED-INS-REG,8.0,84,18.3,4,0
2026-07-08,PHC-PUN-008,IND,MED-INS-REG,9.7,95,6.1,2,0
2026-07-09,PHC-PUN-008,IND,MED-INS-REG,6.9,61,2.6,0,0
2026-07-10,PHC-PUN-008,IND,MED-INS-REG,10.2,81,45.0,11,0
2026-07-11,PHC-PUN-008,IND,MED-INS-REG,5.3,35,45.0,9,0
2026-07-12,PHC-PUN-008,IND,MED-INS-REG,7.7,13,45.0,4,1
2026-07-13,PHC-PUN-008,IND,MED-INS-REG,8.3,86,1.0,5,0
2026-07-14,PHC-PUN-008,IND,MED-INS-REG,8.2,19,1.7,0,0
2026-07-15,PHC-PUN-008,IND,MED-INS-REG,6.5,51,45.0,10,0
2026-07-16,PHC-PUN-008,IND,MED-INS-REG,7.4,43,45.0,9,0
2026-07-17,PHC-PUN-008,IND,MED-INS-REG,6.8,75,1.1,2,0
2026-07-18,PHC-PUN-008,IND,MED-INS-REG,6.2,59,45.0,7,0
2026-07-19,PHC-PUN-008,IND,MED-INS-REG,8.4,38,0.1,0,1
2026-07-20,PHC-PUN-008,IND,MED-INS-REG,8.9,103,45.0,9,0
2026-07-21,PHC-PUN-008,IND,MED-INS-REG,7.7,79,2.9,3,0
2026-07-22,PHC-PUN-008,IND,MED-INS-REG,7.6,15,0.7,3,0
2026-07-23,PHC-PUN-008,IND,MED-INS-REG,8.9,75,45.0,8,0
2026-07-24,PHC-PUN-008,IND,MED-INS-REG,6.5,52,5.4,1,0
2026-07-25,PHC-PUN-008,IND,MED-INS-REG,8.5,57,45.0,9,0
2026-07-26,PHC-PUN-008,IND,MED-INS-REG,8.0,80,45.0,9,1
2026-07-27,PHC-PUN-008,IND,MED-INS-REG,9.7,90,1.1,2,0
2026-07-28,PHC-PUN-008,IND,MED-INS-REG,8.7,47,45.0,10,0
2026-07-29,PHC-PUN-008,IND,MED-INS-REG,8.5,89,45.0,6,0
2026-07-30,PHC-PUN-008,IND,MED-INS-REG,10.1,32,2.4,4,0
2026-07-31,PHC-PUN-008,IND,MED-INS-REG,9.1,96,1.2,1,0
2026-08-01,PHC-PUN-008,IND,MED-INS-REG,8.0,94,45.0,12,0
2026-08-02,PHC-PUN-008,IND,MED-INS-REG,5.1,18,0.7,0,1
2026-08-03,PHC-PUN-008,IND,MED-INS-REG,9.4,103,5.3,5,0
2026-08-04,PHC-PUN-008,IND,MED-INS-REG,10.2,21,2.5,1,0
2026-08-05,PHC-PUN-008,IND,MED-INS-REG,7.8,24,7.3,2,0
2026-08-06,PHC-PUN-008,IND,MED-INS-REG,9.6,33,45.0,16,0
2026-08-07,PHC-PUN-008,IND,MED-INS-REG,6.2,14,1.3,4,0
2026-08-08,PHC-PUN-008,IND,MED-INS-REG,7.6,38,2.7,1,0
2026-08-09,PHC-PUN-008,IND,MED-INS-REG,9.0,99,3.6,2,1
2026-08-10,PHC-PUN-008,IND,MED-INS-REG,5.9,61,1.4,2,0
2026-08-11,PHC-PUN-008,IND,MED-INS-REG,9.6,54,3.7,4,0
2026-08-12,PHC-PUN-008,IND,MED-INS-REG,6.1,55,0.3,5,0
2026-08-13,PHC-PUN-008,IND,MED-INS-REG,9.6,63,0.5,3,0
2026-08-14,PHC-PUN-008,IND,MED-INS-REG,8.1,52,10.5,1,0
2026-08-15,PHC-PUN-008,IND,MED-INS-REG,4.9,50,1.5,3,0
2026-08-16,PHC-PUN-008,IND,MED-INS-REG,7.5,73,9.2,5,1
2026-08-17,PHC-PUN-008,IND,MED-INS-REG,8.9,104,45.0,11,0
2026-06-19,PHC-PUN-009,IND,MED-PCM-500,54.0,623,45.0,8,0
2026-06-20,PHC-PUN-009,IND,MED-PCM-500,46.8,195,1.2,2,0
2026-06-21,PHC-PUN-009,IND,MED-PCM-500,59.6,98,45.0,11,1
2026-06-22,PHC-PUN-009,IND,MED-PCM-500,37.2,293,2.6,2,0
2026-06-23,PHC-PUN-009,IND,MED-PCM-500,30.6,59,0.2,2,0
2026-06-24,PHC-PUN-009,IND,MED-PCM-500,58.4,356,45.0,7,0
2026-06-25,PHC-PUN-009,IND,MED-PCM-500,55.2,509,45.0,7,0
2026-06-26,PHC-PUN-009,IND,MED-PCM-500,46.7,142,4.6,0,0
2026-06-27,PHC-PUN-009,IND,MED-PCM-500,29.3,138,0.9,0,0
2026-06-28,PHC-PUN-009,IND,MED-PCM-500,53.6,619,45.0,9,1
2026-06-29,PHC-PUN-009,IND,MED-PCM-500,63.3,104,45.0,6,0
2026-06-30,PHC-PUN-009,IND,MED-PCM-500,47.4,505,45.0,9,0
2026-07-01,PHC-PUN-009,IND,MED-PCM-500,52.5,223,45.0,7,0
2026-07-02,PHC-PUN-009,IND,MED-PCM-500,53.3,432,45.0,7,0
2026-07-03,PHC-PUN-009,IND,MED-PCM-500,49.2,348,45.0,6,0
2026-07-04,PHC-PUN-009,IND,MED-PCM-500,56.1,167,45.0,10,0
2026-07-05,PHC-PUN-009,IND,MED-PCM-500,37.7,117,1.8,0,1
2026-07-06,PHC-PUN-009,IND,MED-PCM-500,39.6,301,12.2,2,0
2026-07-07,PHC-PUN-009,IND,MED-PCM-500,31.5,355,2.6,2,0
2026-07-08,PHC-PUN-009,IND,MED-PCM-500,57.1,329,45.0,8,0
2026-07-09,PHC-PUN-009,IND,MED-PCM-500,54.1,435,45.0,11,0
2026-07-10,PHC-PUN-009,IND,MED-PCM-500,47.7,76,45.0,13,0
2026-07-11,PHC-PUN-009,IND,MED-PCM-500,54.7,193,45.0,13,0
2026-07-12,PHC-PUN-009,IND,MED-PCM-500,50.3,88,19.9,0,1
2026-07-13,PHC-PUN-009,IND,MED-PCM-500,60.6,663,45.0,8,0
2026-07-14,PHC-PUN-009,IND,MED-PCM-500,38.9,172,2.8,2,0
2026-07-15,PHC-PUN-009,IND,MED-PCM-500,62.7,749,22.1,4,0
2026-07-16,PHC-PUN-009,IND,MED-PCM-500,44.6,393,45.0,7,0
2026-07-17,PHC-PUN-009,IND,MED-PCM-500,38.1,355,4.7,2,0
2026-07-18,PHC-PUN-009,IND,MED-PCM-500,38.3,402,2.9,6,0
2026-07-19,PHC-PUN-009,IND,MED-PCM-500,42.3,326,7.0,2,1
2026-07-20,PHC-PUN-009,IND,MED-PCM-500,40.6,299,6.1,1,0
2026-07-21,PHC-PUN-009,IND,MED-PCM-500,26.3,48,0.1,0,0
2026-07-22,PHC-PUN-009,IND,MED-PCM-500,40.4,411,5.0,3,0
2026-07-23,PHC-PUN-009,IND,MED-PCM-500,39.5,100,2.9,1,0
2026-07-24,PHC-PUN-009,IND,MED-PCM-500,45.3,379,10.4,4,0
2026-07-25,PHC-PUN-009,IND,MED-PCM-500,43.3,206,5.0,2,0
2026-07-26,PHC-PUN-009,IND,MED-PCM-500,68.2,323,45.0,8,1
2026-07-27,PHC-PUN-009,IND,MED-PCM-500,55.8,151,45.0,13,0
2026-07-28,PHC-PUN-009,IND,MED-PCM-500,29.8,67,4.2,2,0
2026-07-29,PHC-PUN-009,IND,MED-PCM-500,44.2,467,2.1,3,0
2026-07-30,PHC-PUN-009,IND,MED-PCM-500,28.9,213,14.2,3,0
2026-07-31,PHC-PUN-009,IND,MED-PCM-500,17.3,148,1.6,6,0
2026-08-01,PHC-PUN-009,IND,MED-PCM-500,47.9,206,45.0,10,0
2026-08-02,PHC-PUN-009,IND,MED-PCM-500,46.8,229,45.0,10,1
2026-08-03,PHC-PUN-009,IND,MED-PCM-500,49.4,397,17.1,2,0
2026-08-04,PHC-PUN-009,IND,MED-PCM-500,40.4,143,3.9,3,0
2026-08-05,PHC-PUN-009,IND,MED-PCM-500,41.3,145,10.3,3,0
2026-08-06,PHC-PUN-009,IND,MED-PCM-500,36.3,133,14.8,2,0
2026-08-07,PHC-PUN-009,IND,MED-PCM-500,41.1,319,5.8,0,0
2026-08-08,PHC-PUN-009,IND,MED-PCM-500,49.9,214,45.0,8,0
2026-08-09,PHC-PUN-009,IND,MED-PCM-500,46.8,468,10.9,0,1
2026-08-10,PHC-PUN-009,IND,MED-PCM-500,51.1,478,45.0,5,0
2026-08-11,PHC-PUN-009,IND,MED-PCM-500,65.0,433,45.0,10,0
2026-08-12,PHC-PUN-009,IND,MED-PCM-500,40.0,252,1.8,3,0
2026-08-13,PHC-PUN-009,IND,MED-PCM-500,41.4,447,45.0,8,0
2026-08-14,PHC-PUN-009,IND,MED-PCM-500,33.6,103,3.7,0,0
2026-08-15,PHC-PUN-009,IND,MED-PCM-500,54.4,344,45.0,9,0
2026-08-16,PHC-PUN-009,IND,MED-PCM-500,43.9,154,2.1,2,1
2026-08-17,PHC-PUN-009,IND,MED-PCM-500,41.6,228,1.4,3,0
2026-06-19,PHC-PUN-009,IND,MED-AMX-250,11.9,118,45.0,10,0
2026-06-20,PHC-PUN-009,IND,MED-AMX-250,16.7,61,6.8,3,0
2026-06-21,PHC-PUN-009,IND,MED-AMX-250,18.7,216,0.2,1,1
2026-06-22,PHC-PUN-009,IND,MED-AMX-250,18.8,51,0.9,4,0
2026-06-23,PHC-PUN-009,IND,MED-AMX-250,12.5,121,45.0,7,0
2026-06-24,PHC-PUN-009,IND,MED-AMX-250,16.1,112,45.0,4,0
2026-06-25,PHC-PUN-009,IND,MED-AMX-250,14.8,30,12.5,2,0
2026-06-26,PHC-PUN-009,IND,MED-AMX-250,13.5,97,0.8,3,0
2026-06-27,PHC-PUN-009,IND,MED-AMX-250,10.8,77,45.0,11,0
2026-06-28,PHC-PUN-009,IND,MED-AMX-250,12.2,143,45.0,7,1
2026-06-29,PHC-PUN-009,IND,MED-AMX-250,16.4,55,45.0,10,0
2026-06-30,PHC-PUN-009,IND,MED-AMX-250,11.1,127,6.1,2,0
2026-07-01,PHC-PUN-009,IND,MED-AMX-250,8.6,70,5.6,1,0
2026-07-02,PHC-PUN-009,IND,MED-AMX-250,11.5,126,5.3,0,0
2026-07-03,PHC-PUN-009,IND,MED-AMX-250,18.9,152,7.4,3,0
2026-07-04,PHC-PUN-009,IND,MED-AMX-250,18.6,83,7.3,1,0
2026-07-05,PHC-PUN-009,IND,MED-AMX-250,11.9,56,2.8,2,1
2026-07-06,PHC-PUN-009,IND,MED-AMX-250,17.1,162,45.0,7,0
2026-07-07,PHC-PUN-009,IND,MED-AMX-250,11.2,64,3.9,5,0
2026-07-08,PHC-PUN-009,IND,MED-AMX-250,20.3,57,45.0,9,0
2026-07-09,PHC-PUN-009,IND,MED-AMX-250,15.2,148,45.0,13,0
2026-07-10,PHC-PUN-009,IND,MED-AMX-250,7.8,65,2.3,3,0
2026-07-11,PHC-PUN-009,IND,MED-AMX-250,9.4,43,45.0,6,0
2026-07-12,PHC-PUN-009,IND,MED-AMX-250,16.3,86,4.7,3,1
2026-07-13,PHC-PUN-009,IND,MED-AMX-250,14.4,133,6.5,3,0
2026-07-14,PHC-PUN-009,IND,MED-AMX-250,18.0,194,45.0,10,0
2026-07-15,PHC-PUN-009,IND,MED-AMX-250,17.5,113,0.1,0,0
2026-07-16,PHC-PUN-009,IND,MED-AMX-250,11.5,91,45.0,7,0
2026-07-17,PHC-PUN-009,IND,MED-AMX-250,12.5,125,45.0,13,0
2026-07-18,PHC-PUN-009,IND,MED-AMX-250,12.0,91,5.7,1,0
2026-07-19,PHC-PUN-009,IND,MED-AMX-250,15.0,24,6.7,2,1
2026-07-20,PHC-PUN-009,IND,MED-AMX-250,14.4,96,45.0,9,0
2026-07-21,PHC-PUN-009,IND,MED-AMX-250,15.9,139,1.6,1,0
2026-07-22,PHC-PUN-009,IND,MED-AMX-250,12.1,55,10.7,4,0
2026-07-23,PHC-PUN-009,IND,MED-AMX-250,14.1,87,45.0,10,0
2026-07-24,PHC-PUN-009,IND,MED-AMX-250,13.7,46,2.3,1,0
2026-07-25,PHC-PUN-009,IND,MED-AMX-250,14.1,167,0.9,1,0
2026-07-26,PHC-PUN-009,IND,MED-AMX-250,17.9,147,4.1,3,1
2026-07-27,PHC-PUN-009,IND,MED-AMX-250,16.1,89,45.0,6,0
2026-07-28,PHC-PUN-009,IND,MED-AMX-250,10.4,46,1.9,2,0
2026-07-29,PHC-PUN-009,IND,MED-AMX-250,13.6,55,45.0,7,0
2026-07-30,PHC-PUN-009,IND,MED-AMX-250,15.2,39,45.0,5,0
2026-07-31,PHC-PUN-009,IND,MED-AMX-250,15.0,43,45.0,6,0
2026-08-01,PHC-PUN-009,IND,MED-AMX-250,10.7,127,45.0,12,0
2026-08-02,PHC-PUN-009,IND,MED-AMX-250,9.3,14,45.0,4,1
2026-08-03,PHC-PUN-009,IND,MED-AMX-250,14.9,144,45.0,4,0
2026-08-04,PHC-PUN-009,IND,MED-AMX-250,15.0,127,45.0,9,0
2026-08-05,PHC-PUN-009,IND,MED-AMX-250,18.5,50,45.0,13,0
2026-08-06,PHC-PUN-009,IND,MED-AMX-250,14.1,26,5.0,1,0
2026-08-07,PHC-PUN-009,IND,MED-AMX-250,22.9,125,3.0,2,0
2026-08-08,PHC-PUN-009,IND,MED-AMX-250,16.2,117,11.7,2,0
2026-08-09,PHC-PUN-009,IND,MED-AMX-250,15.2,104,2.0,5,1
2026-08-10,PHC-PUN-009,IND,MED-AMX-250,15.8,55,45.0,8,0
2026-08-11,PHC-PUN-009,IND,MED-AMX-250,8.2,43,2.9,1,0
2026-08-12,PHC-PUN-009,IND,MED-AMX-250,20.5,75,45.0,5,0
2026-08-13,PHC-PUN-009,IND,MED-AMX-250,15.6,170,3.9,3,0
2026-08-14,PHC-PUN-009,IND,MED-AMX-250,12.5,66,45.0,15,0
2026-08-15,PHC-PUN-009,IND,MED-AMX-250,18.3,201,11.7,4,0
2026-08-16,PHC-PUN-009,IND,MED-AMX-250,13.7,102,5.0,2,1
2026-08-17,PHC-PUN-009,IND,MED-AMX-250,18.0,41,3.0,4,0
2026-06-19,PHC-PUN-009,IND,MED-ORS-PKG,53.5,142,0.3,2,0
2026-06-20,PHC-PUN-009,IND,MED-ORS-PKG,95.2,560,45.0,8,0
2026-06-21,PHC-PUN-009,IND,MED-ORS-PKG,61.8,341,45.0,9,1
2026-06-22,PHC-PUN-009,IND,MED-ORS-PKG,67.1,643,45.0,6,0
2026-06-23,PHC-PUN-009,IND,MED-ORS-PKG,65.7,239,45.0,9,0
2026-06-24,PHC-PUN-009,IND,MED-ORS-PKG,71.9,403,45.0,8,0
2026-06-25,PHC-PUN-009,IND,MED-ORS-PKG,57.0,337,45.0,9,0
2026-06-26,PHC-PUN-009,IND,MED-ORS-PKG,40.9,488,3.0,1,0
2026-06-27,PHC-PUN-009,IND,MED-ORS-PKG,65.1,224,7.5,0,0
2026-06-28,PHC-PUN-009,IND,MED-ORS-PKG,49.4,514,12.1,3,1
2026-06-29,PHC-PUN-009,IND,MED-ORS-PKG,60.4,124,1.0,2,0
2026-06-30,PHC-PUN-009,IND,MED-ORS-PKG,46.7,132,0.9,2,0
2026-07-01,PHC-PUN-009,IND,MED-ORS-PKG,73.3,220,3.5,2,0
2026-07-02,PHC-PUN-009,IND,MED-ORS-PKG,61.0,649,45.0,8,0
2026-07-03,PHC-PUN-009,IND,MED-ORS-PKG,39.8,183,3.3,4,0
2026-07-04,PHC-PUN-009,IND,MED-ORS-PKG,57.2,290,45.0,8,0
2026-07-05,PHC-PUN-009,IND,MED-ORS-PKG,45.0,318,0.3,3,1
2026-07-06,PHC-PUN-009,IND,MED-ORS-PKG,46.4,317,0.6,1,0
2026-07-07,PHC-PUN-009,IND,MED-ORS-PKG,39.0,265,0.0,0,0
2026-07-08,PHC-PUN-009,IND,MED-ORS-PKG,80.0,520,45.0,9,0
2026-07-09,PHC-PUN-009,IND,MED-ORS-PKG,47.8,384,5.2,0,0
2026-07-10,PHC-PUN-009,IND,MED-ORS-PKG,73.9,485,45.0,14,0
2026-07-11,PHC-PUN-009,IND,MED-ORS-PKG,57.5,354,1.8,1,0
2026-07-12,PHC-PUN-009,IND,MED-ORS-PKG,52.3,107,14.8,2,1
2026-07-13,PHC-PUN-009,IND,MED-ORS-PKG,46.2,535,7.9,4,0
2026-07-14,PHC-PUN-009,IND,MED-ORS-PKG,49.7,87,13.7,1,0
2026-07-15,PHC-PUN-009,IND,MED-ORS-PKG,62.5,730,45.0,3,0
2026-07-16,PHC-PUN-009,IND,MED-ORS-PKG,54.8,128,45.0,9,0
2026-07-17,PHC-PUN-009,IND,MED-ORS-PKG,62.0,451,45.0,9,0
2026-07-18,PHC-PUN-009,IND,MED-ORS-PKG,52.5,404,2.4,4,0
2026-07-19,PHC-PUN-009,IND,MED-ORS-PKG,55.8,280,4.3,0,1
2026-07-20,PHC-PUN-009,IND,MED-ORS-PKG,43.4,251,13.3,1,0
2026-07-21,PHC-PUN-009,IND,MED-ORS-PKG,66.0,787,45.0,9,0
2026-07-22,PHC-PUN-009,IND,MED-ORS-PKG,57.4,379,2.3,1,0
2026-07-23,PHC-PUN-009,IND,MED-ORS-PKG,39.6,162,1.6,0,0
2026-07-24,PHC-PUN-009,IND,MED-ORS-PKG,48.0,212,0.8,0,0
2026-07-25,PHC-PUN-009,IND,MED-ORS-PKG,54.1,500,1.6,1,0
2026-07-26,PHC-PUN-009,IND,MED-ORS-PKG,81.0,126,45.0,10,1
2026-07-27,PHC-PUN-009,IND,MED-ORS-PKG,38.1,436,1.4,2,0
2026-07-28,PHC-PUN-009,IND,MED-ORS-PKG,62.4,226,0.5,2,0
2026-07-29,PHC-PUN-009,IND,MED-ORS-PKG,57.6,266,45.0,6,0
2026-07-30,PHC-PUN-009,IND,MED-ORS-PKG,48.4,497,45.0,5,0
2026-07-31,PHC-PUN-009,IND,MED-ORS-PKG,36.0,406,3.3,2,0
2026-08-01,PHC-PUN-009,IND,MED-ORS-PKG,72.9,571,45.0,7,0
2026-08-02,PHC-PUN-009,IND,MED-ORS-PKG,76.3,469,45.0,12,1
2026-08-03,PHC-PUN-009,IND,MED-ORS-PKG,62.6,400,45.0,7,0
2026-08-04,PHC-PUN-009,IND,MED-ORS-PKG,48.7,115,2.2,4,0
2026-08-05,PHC-PUN-009,IND,MED-ORS-PKG,55.9,655,4.1,4,0
2026-08-06,PHC-PUN-009,IND,MED-ORS-PKG,54.1,633,7.3,0,0
2026-08-07,PHC-PUN-009,IND,MED-ORS-PKG,54.8,221,12.8,5,0
2026-08-08,PHC-PUN-009,IND,MED-ORS-PKG,59.0,268,45.0,7,0
2026-08-09,PHC-PUN-009,IND,MED-ORS-PKG,69.7,485,45.0,8,1
2026-08-10,PHC-PUN-009,IND,MED-ORS-PKG,66.4,733,45.0,7,0
2026-08-11,PHC-PUN-009,IND,MED-ORS-PKG,52.4,134,0.5,4,0
2026-08-12,PHC-PUN-009,IND,MED-ORS-PKG,61.0,526,4.6,1,0
2026-08-13,PHC-PUN-009,IND,MED-ORS-PKG,64.5,327,36.5,6,0
2026-08-14,PHC-PUN-009,IND,MED-ORS-PKG,67.7,268,45.0,6,0
2026-08-15,PHC-PUN-009,IND,MED-ORS-PKG,51.5,488,4.1,2,0
2026-08-16,PHC-PUN-009,IND,MED-ORS-PKG,53.3,629,1.0,2,1
2026-08-17,PHC-PUN-009,IND,MED-ORS-PKG,58.3,669,45.0,10,0
2026-06-19,PHC-PUN-009,IND,MED-ART-60,6.9,66,10.2,4,0
2026-06-20,PHC-PUN-009,IND,MED-ART-60,9.6,104,45.0,11,0
2026-06-21,PHC-PUN-009,IND,MED-ART-60,9.6,47,45.0,4,1
2026-06-22,PHC-PUN-009,IND,MED-ART-60,6.4,19,2.5,2,0
2026-06-23,PHC-PUN-009,IND,MED-ART-60,6.0,39,5.1,1,0
2026-06-24,PHC-PUN-009,IND,MED-ART-60,9.1,49,45.0,10,0
2026-06-25,PHC-PUN-009,IND,MED-ART-60,8.4,47,45.0,10,0
2026-06-26,PHC-PUN-009,IND,MED-ART-60,8.8,15,2.8,2,0
2026-06-27,PHC-PUN-009,IND,MED-ART-60,6.3,11,3.0,1,0
2026-06-28,PHC-PUN-009,IND,MED-ART-60,8.7,90,45.0,7,1
2026-06-29,PHC-PUN-009,IND,MED-ART-60,9.3,101,45.0,8,0
2026-06-30,PHC-PUN-009,IND,MED-ART-60,8.4,24,45.0,10,0
2026-07-01,PHC-PUN-009,IND,MED-ART-60,6.1,61,1.8,2,0
2026-07-02,PHC-PUN-009,IND,MED-ART-60,9.6,70,6.4,6,0
2026-07-03,PHC-PUN-009,IND,MED-ART-60,8.5,13,7.7,3,0
2026-07-04,PHC-PUN-009,IND,MED-ART-60,8.6,79,0.3,3,0
2026-07-05,PHC-PUN-009,IND,MED-ART-60,9.0,104,0.3,4,1
2026-07-06,PHC-PUN-009,IND,MED-ART-60,6.8,70,45.0,4,0
2026-07-07,PHC-PUN-009,IND,MED-ART-60,8.6,59,3.4,0,0
2026-07-08,PHC-PUN-009,IND,MED-ART-60,7.4,61,9.6,1,0
2026-07-09,PHC-PUN-009,IND,MED-ART-60,9.3,94,45.0,18,0
2026-07-10,PHC-PUN-009,IND,MED-ART-60,8.9,22,4.7,3,0
2026-07-11,PHC-PUN-009,IND,MED-ART-60,7.4,84,9.9,3,0
2026-07-12,PHC-PUN-009,IND,MED-ART-60,9.2,18,45.0,9,1
2026-07-13,PHC-PUN-009,IND,MED-ART-60,7.8,50,3.7,1,0
2026-07-14,PHC-PUN-009,IND,MED-ART-60,8.3,71,45.0,12,0
2026-07-15,PHC-PUN-009,IND,MED-ART-60,4.8,47,45.0,11,0
2026-07-16,PHC-PUN-009,IND,MED-ART-60,8.0,34,45.0,6,0
2026-07-17,PHC-PUN-009,IND,MED-ART-60,8.0,50,45.0,13,0
2026-07-18,PHC-PUN-009,IND,MED-ART-60,8.2,82,11.4,1,0
2026-07-19,PHC-PUN-009,IND,MED-ART-60,9.4,36,45.0,6,1
2026-07-20,PHC-PUN-009,IND,MED-ART-60,6.2,17,45.0,3,0
2026-07-21,PHC-PUN-009,IND,MED-ART-60,7.7,85,13.5,1,0
2026-07-22,PHC-PUN-009,IND,MED-ART-60,8.9,41,45.0,6,0
2026-07-23,PHC-PUN-009,IND,MED-ART-60,5.4,50,45.0,2,0
2026-07-24,PHC-PUN-009,IND,MED-ART-60,8.9,33,3.5,1,0
2026-07-25,PHC-PUN-009,IND,MED-ART-60,7.9,65,45.0,3,0
2026-07-26,PHC-PUN-009,IND,MED-ART-60,10.1,55,12.7,2,1
2026-07-27,PHC-PUN-009,IND,MED-ART-60,7.7,59,1.0,2,0
2026-07-28,PHC-PUN-009,IND,MED-ART-60,7.4,38,6.4,1,0
2026-07-29,PHC-PUN-009,IND,MED-ART-60,6.4,16,0.6,0,0
2026-07-30,PHC-PUN-009,IND,MED-ART-60,3.8,18,0.6,1,0
2026-07-31,PHC-PUN-009,IND,MED-ART-60,6.6,59,45.0,7,0
2026-08-01,PHC-PUN-009,IND,MED-ART-60,8.9,86,45.0,9,0
2026-08-02,PHC-PUN-009,IND,MED-ART-60,7.9,44,45.0,11,1
2026-08-03,PHC-PUN-009,IND,MED-ART-60,7.4,37,45.0,9,0
2026-08-04,PHC-PUN-009,IND,MED-ART-60,5.8,24,16.4,5,0
2026-08-05,PHC-PUN-009,IND,MED-ART-60,6.8,36,45.0,10,0
2026-08-06,PHC-PUN-009,IND,MED-ART-60,9.1,21,45.0,10,0
2026-08-07,PHC-PUN-009,IND,MED-ART-60,6.9,68,1.5,1,0
2026-08-08,PHC-PUN-009,IND,MED-ART-60,10.6,49,1.4,2,0
2026-08-09,PHC-PUN-009,IND,MED-ART-60,7.4,30,13.0,3,1
2026-08-10,PHC-PUN-009,IND,MED-ART-60,9.3,72,45.0,7,0
2026-08-11,PHC-PUN-009,IND,MED-ART-60,9.6,16,45.0,10,0
2026-08-12,PHC-PUN-009,IND,MED-ART-60,11.3,90,3.5,1,0
2026-08-13,PHC-PUN-009,IND,MED-ART-60,7.8,43,7.4,4,0
2026-08-14,PHC-PUN-009,IND,MED-ART-60,8.9,26,45.0,6,0
2026-08-15,PHC-PUN-009,IND,MED-ART-60,5.6,62,3.7,1,0
2026-08-16,PHC-PUN-009,IND,MED-ART-60,6.8,20,45.0,7,1
2026-08-17,PHC-PUN-009,IND,MED-ART-60,7.8,35,6.6,2,0
2026-06-19,PHC-PUN-009,IND,MED-INS-REG,5.7,11,3.0,2,0
2026-06-20,PHC-PUN-009,IND,MED-INS-REG,7.7,20,45.0,15,0
2026-06-21,PHC-PUN-009,IND,MED-INS-REG,5.9,24,45.0,12,1
2026-06-22,PHC-PUN-009,IND,MED-INS-REG,8.0,13,9.8,1,0
2026-06-23,PHC-PUN-009,IND,MED-INS-REG,8.0,20,4.3,1,0
2026-06-24,PHC-PUN-009,IND,MED-INS-REG,5.9,48,1.2,0,0
2026-06-25,PHC-PUN-009,IND,MED-INS-REG,7.4,82,45.0,8,0
2026-06-26,PHC-PUN-009,IND,MED-INS-REG,9.4,79,2.0,2,0
2026-06-27,PHC-PUN-009,IND,MED-INS-REG,6.0,66,2.1,2,0
2026-06-28,PHC-PUN-009,IND,MED-INS-REG,5.5,10,7.7,1,1
2026-06-29,PHC-PUN-009,IND,MED-INS-REG,10.0,71,8.4,3,0
2026-06-30,PHC-PUN-009,IND,MED-INS-REG,8.3,72,45.0,10,0
2026-07-01,PHC-PUN-009,IND,MED-INS-REG,6.2,19,7.8,1,0
2026-07-02,PHC-PUN-009,IND,MED-INS-REG,10.8,98,11.0,0,0
2026-07-03,PHC-PUN-009,IND,MED-INS-REG,9.2,65,4.4,1,0
2026-07-04,PHC-PUN-009,IND,MED-INS-REG,7.4,75,1.6,7,0
2026-07-05,PHC-PUN-009,IND,MED-INS-REG,14.0,22,8.3,1,1
2026-07-06,PHC-PUN-009,IND,MED-INS-REG,10.5,41,45.0,5,0
2026-07-07,PHC-PUN-009,IND,MED-INS-REG,9.6,40,45.0,7,0
2026-07-08,PHC-PUN-009,IND,MED-INS-REG,6.7,39,0.9,1,0
2026-07-09,PHC-PUN-009,IND,MED-INS-REG,9.5,84,45.0,10,0
2026-07-10,PHC-PUN-009,IND,MED-INS-REG,8.6,48,0.9,0,0
2026-07-11,PHC-PUN-009,IND,MED-INS-REG,7.0,44,7.3,6,0
2026-07-12,PHC-PUN-009,IND,MED-INS-REG,9.6,50,1.7,2,1
2026-07-13,PHC-PUN-009,IND,MED-INS-REG,5.8,38,1.2,4,0
2026-07-14,PHC-PUN-009,IND,MED-INS-REG,6.4,67,2.1,1,0
2026-07-15,PHC-PUN-009,IND,MED-INS-REG,8.2,25,4.7,1,0
2026-07-16,PHC-PUN-009,IND,MED-INS-REG,9.4,66,45.0,17,0
2026-07-17,PHC-PUN-009,IND,MED-INS-REG,6.1,42,20.0,3,0
2026-07-18,PHC-PUN-009,IND,MED-INS-REG,7.0,60,45.0,6,0
2026-07-19,PHC-PUN-009,IND,MED-INS-REG,8.9,27,5.1,0,1
2026-07-20,PHC-PUN-009,IND,MED-INS-REG,6.0,65,1.9,3,0
2026-07-21,PHC-PUN-009,IND,MED-INS-REG,8.5,72,7.2,2,0
2026-07-22,PHC-PUN-009,IND,MED-INS-REG,7.9,22,4.5,4,0
2026-07-23,PHC-PUN-009,IND,MED-INS-REG,5.6,66,45.0,7,0
2026-07-24,PHC-PUN-009,IND,MED-INS-REG,10.2,19,45.0,8,0
2026-07-25,PHC-PUN-009,IND,MED-INS-REG,7.3,54,45.0,4,0
2026-07-26,PHC-PUN-009,IND,MED-INS-REG,8.5,44,45.0,9,1
2026-07-27,PHC-PUN-009,IND,MED-INS-REG,8.9,73,45.0,6,0
2026-07-28,PHC-PUN-009,IND,MED-INS-REG,9.9,110,3.3,2,0
2026-07-29,PHC-PUN-009,IND,MED-INS-REG,6.5,29,2.9,4,0
2026-07-30,PHC-PUN-009,IND,MED-INS-REG,10.6,125,6.0,0,0
2026-07-31,PHC-PUN-009,IND,MED-INS-REG,7.9,14,45.0,13,0
2026-08-01,PHC-PUN-009,IND,MED-INS-REG,6.6,16,18.3,2,0
2026-08-02,PHC-PUN-009,IND,MED-INS-REG,10.3,103,10.4,2,1
2026-08-03,PHC-PUN-009,IND,MED-INS-REG,10.4,84,1.2,2,0
2026-08-04,PHC-PUN-009,IND,MED-INS-REG,8.9,59,1.9,0,0
2026-08-05,PHC-PUN-009,IND,MED-INS-REG,7.9,16,45.0,2,0
2026-08-06,PHC-PUN-009,IND,MED-INS-REG,8.2,20,4.7,1,0
2026-08-07,PHC-PUN-009,IND,MED-INS-REG,8.4,48,2.2,3,0
2026-08-08,PHC-PUN-009,IND,MED-INS-REG,7.6,78,5.6,1,0
2026-08-09,PHC-PUN-009,IND,MED-INS-REG,8.2,96,5.3,2,1
2026-08-10,PHC-PUN-009,IND,MED-INS-REG,10.6,39,45.0,7,0
2026-08-11,PHC-PUN-009,IND,MED-INS-REG,8.3,19,12.5,1,0
2026-08-12,PHC-PUN-009,IND,MED-INS-REG,8.6,56,16.7,3,0
2026-08-13,PHC-PUN-009,IND,MED-INS-REG,7.2,64,2.2,3,0
2026-08-14,PHC-PUN-009,IND,MED-INS-REG,8.9,100,45.0,19,0
2026-08-15,PHC-PUN-009,IND,MED-INS-REG,8.3,68,1.5,3,0
2026-08-16,PHC-PUN-009,IND,MED-INS-REG,7.0,13,0.2,1,1
2026-08-17,PHC-PUN-009,IND,MED-INS-REG,8.8,101,45.0,10,0
2026-06-19,PHC-PUN-010,IND,MED-PCM-500,38.7,284,1.1,1,0
2026-06-20,PHC-PUN-010,IND,MED-PCM-500,30.8,310,0.6,1,0
2026-06-21,PHC-PUN-010,IND,MED-PCM-500,38.4,264,1.3,3,1
2026-06-22,PHC-PUN-010,IND,MED-PCM-500,63.8,578,45.0,6,0
2026-06-23,PHC-PUN-010,IND,MED-PCM-500,26.3,178,1.8,1,0
2026-06-24,PHC-PUN-010,IND,MED-PCM-500,54.6,331,45.0,7,0
2026-06-25,PHC-PUN-010,IND,MED-PCM-500,49.4,163,45.0,8,0
2026-06-26,PHC-PUN-010,IND,MED-PCM-500,60.2,91,45.0,10,0
2026-06-27,PHC-PUN-010,IND,MED-PCM-500,33.0,361,1.4,5,0
2026-06-28,PHC-PUN-010,IND,MED-PCM-500,41.9,360,6.2,3,1
2026-06-29,PHC-PUN-010,IND,MED-PCM-500,56.6,167,45.0,12,0
2026-06-30,PHC-PUN-010,IND,MED-PCM-500,28.6,112,0.6,5,0
2026-07-01,PHC-PUN-010,IND,MED-PCM-500,60.9,600,45.0,8,0
2026-07-02,PHC-PUN-010,IND,MED-PCM-500,37.3,204,14.3,4,0
2026-07-03,PHC-PUN-010,IND,MED-PCM-500,56.4,402,45.0,5,0
2026-07-04,PHC-PUN-010,IND,MED-PCM-500,29.1,206,3.9,1,0
2026-07-05,PHC-PUN-010,IND,MED-PCM-500,49.8,291,45.0,13,1
2026-07-06,PHC-PUN-010,IND,MED-PCM-500,55.0,167,45.0,8,0
2026-07-07,PHC-PUN-010,IND,MED-PCM-500,45.3,75,45.0,9,0
2026-07-08,PHC-PUN-010,IND,MED-PCM-500,32.9,188,4.9,1,0
2026-07-09,PHC-PUN-010,IND,MED-PCM-500,42.3,126,7.4,2,0
2026-07-10,PHC-PUN-010,IND,MED-PCM-500,55.5,313,45.0,7,0
2026-07-11,PHC-PUN-010,IND,MED-PCM-500,48.2,360,45.0,6,0
2026-07-12,PHC-PUN-010,IND,MED-PCM-500,53.1,431,14.7,1,1
2026-07-13,PHC-PUN-010,IND,MED-PCM-500,30.1,275,3.8,2,0
2026-07-14,PHC-PUN-010,IND,MED-PCM-500,41.8,341,10.3,4,0
2026-07-15,PHC-PUN-010,IND,MED-PCM-500,34.9,315,4.5,1,0
2026-07-16,PHC-PUN-010,IND,MED-PCM-500,38.5,76,5.9,0,0
2026-07-17,PHC-PUN-010,IND,MED-PCM-500,43.6,474,12.9,0,0
2026-07-18,PHC-PUN-010,IND,MED-PCM-500,28.1,94,0.1,2,0
2026-07-19,PHC-PUN-010,IND,MED-PCM-500,29.5,297,1.2,7,1
2026-07-20,PHC-PUN-010,IND,MED-PCM-500,54.8,484,45.0,9,0
2026-07-21,PHC-PUN-010,IND,MED-PCM-500,38.6,444,6.2,6,0
2026-07-22,PHC-PUN-010,IND,MED-PCM-500,23.3,50,1.4,4,0
2026-07-23,PHC-PUN-010,IND,MED-PCM-500,37.8,366,0.8,1,0
2026-07-24,PHC-PUN-010,IND,MED-PCM-500,34.6,205,1.5,0,0
2026-07-25,PHC-PUN-010,IND,MED-PCM-500,28.7,179,0.2,2,0
2026-07-26,PHC-PUN-010,IND,MED-PCM-500,27.3,238,0.6,5,1
2026-07-27,PHC-PUN-010,IND,MED-PCM-500,39.2,460,15.0,2,0
2026-07-28,PHC-PUN-010,IND,MED-PCM-500,54.6,230,45.0,10,0
2026-07-29,PHC-PUN-010,IND,MED-PCM-500,64.1,363,45.0,11,0
2026-07-30,PHC-PUN-010,IND,MED-PCM-500,44.9,307,1.6,2,0
2026-07-31,PHC-PUN-010,IND,MED-PCM-500,25.6,88,12.9,4,0
2026-08-01,PHC-PUN-010,IND,MED-PCM-500,54.0,496,45.0,7,0
2026-08-02,PHC-PUN-010,IND,MED-PCM-500,20.7,226,5.1,2,1
2026-08-03,PHC-PUN-010,IND,MED-PCM-500,45.3,106,45.0,11,0
2026-08-04,PHC-PUN-010,IND,MED-PCM-500,34.9,86,7.6,0,0
2026-08-05,PHC-PUN-010,IND,MED-PCM-500,56.0,339,45.0,7,0
2026-08-06,PHC-PUN-010,IND,MED-PCM-500,35.9,378,3.4,3,0
2026-08-07,PHC-PUN-010,IND,MED-PCM-500,64.9,341,45.0,9,0
2026-08-08,PHC-PUN-010,IND,MED-PCM-500,45.0,197,45.0,15,0
2026-08-09,PHC-PUN-010,IND,MED-PCM-500,34.3,273,0.1,0,1
2026-08-10,PHC-PUN-010,IND,MED-PCM-500,45.5,259,45.0,7,0
2026-08-11,PHC-PUN-010,IND,MED-PCM-500,23.4,249,3.0,4,0
2026-08-12,PHC-PUN-010,IND,MED-PCM-500,44.8,137,9.0,1,0
2026-08-13,PHC-PUN-010,IND,MED-PCM-500,51.5,512,45.0,4,0
2026-08-14,PHC-PUN-010,IND,MED-PCM-500,39.7,223,1.9,5,0
2026-08-15,PHC-PUN-010,IND,MED-PCM-500,48.2,267,45.0,9,0
2026-08-16,PHC-PUN-010,IND,MED-PCM-500,48.0,409,12.2,0,1
2026-08-17,PHC-PUN-010,IND,MED-PCM-500,39.9,230,0.1,2,0
2026-06-19,PHC-PUN-010,IND,MED-AMX-250,17.1,148,45.0,3,0
2026-06-20,PHC-PUN-010,IND,MED-AMX-250,11.0,93,45.0,11,0
2026-06-21,PHC-PUN-010,IND,MED-AMX-250,14.4,128,0.6,1,1
2026-06-22,PHC-PUN-010,IND,MED-AMX-250,14.8,171,45.0,9,0
2026-06-23,PHC-PUN-010,IND,MED-AMX-250,9.1,27,13.0,4,0
2026-06-24,PHC-PUN-010,IND,MED-AMX-250,19.0,216,45.0,11,0
2026-06-25,PHC-PUN-010,IND,MED-AMX-250,18.6,33,45.0,2,0
2026-06-26,PHC-PUN-010,IND,MED-AMX-250,15.4,36,45.0,8,0
2026-06-27,PHC-PUN-010,IND,MED-AMX-250,17.4,81,45.0,6,0
2026-06-28,PHC-PUN-010,IND,MED-AMX-250,13.4,145,5.0,3,1
2026-06-29,PHC-PUN-010,IND,MED-AMX-250,13.5,62,45.0,6,0
2026-06-30,PHC-PUN-010,IND,MED-AMX-250,19.0,29,45.0,9,0
2026-07-01,PHC-PUN-010,IND,MED-AMX-250,11.0,73,0.7,3,0
2026-07-02,PHC-PUN-010,IND,MED-AMX-250,18.1,142,7.9,1,0
2026-07-03,PHC-PUN-010,IND,MED-AMX-250,11.0,85,45.0,10,0
2026-07-04,PHC-PUN-010,IND,MED-AMX-250,14.2,139,45.0,14,0
2026-07-05,PHC-PUN-010,IND,MED-AMX-250,17.4,44,1.1,1,1
2026-07-06,PHC-PUN-010,IND,MED-AMX-250,15.6,128,3.3,4,0
2026-07-07,PHC-PUN-010,IND,MED-AMX-250,12.8,50,2.3,4,0
2026-07-08,PHC-PUN-010,IND,MED-AMX-250,16.2,33,45.0,9,0
2026-07-09,PHC-PUN-010,IND,MED-AMX-250,16.6,125,45.0,3,0
2026-07-10,PHC-PUN-010,IND,MED-AMX-250,12.5,65,45.0,11,0
2026-07-11,PHC-PUN-010,IND,MED-AMX-250,18.7,60,45.0,8,0
2026-07-12,PHC-PUN-010,IND,MED-AMX-250,16.9,154,3.3,0,1
2026-07-13,PHC-PUN-010,IND,MED-AMX-250,17.5,131,45.0,5,0
2026-07-14,PHC-PUN-010,IND,MED-AMX-250,11.5,102,45.0,9,0
2026-07-15,PHC-PUN-010,IND,MED-AMX-250,13.2,134,45.0,10,0
2026-07-16,PHC-PUN-010,IND,MED-AMX-250,13.4,50,0.8,1,0
2026-07-17,PHC-PUN-010,IND,MED-AMX-250,12.1,65,1.1,2,0
2026-07-18,PHC-PUN-010,IND,MED-AMX-250,14.9,30,45.0,5,0
2026-07-19,PHC-PUN-010,IND,MED-AMX-250,10.6,112,45.0,11,1
2026-07-20,PHC-PUN-010,IND,MED-AMX-250,13.2,141,0.3,1,0
2026-07-21,PHC-PUN-010,IND,MED-AMX-250,10.6,42,1.1,2,0
2026-07-22,PHC-PUN-010,IND,MED-AMX-250,15.0,48,45.0,8,0
2026-07-23,PHC-PUN-010,IND,MED-AMX-250,19.3,231,1.8,2,0
2026-07-24,PHC-PUN-010,IND,MED-AMX-250,16.4,94,45.0,8,0
2026-07-25,PHC-PUN-010,IND,MED-AMX-250,15.4,168,45.0,10,0
2026-07-26,PHC-PUN-010,IND,MED-AMX-250,16.6,186,2.6,2,1
2026-07-27,PHC-PUN-010,IND,MED-AMX-250,13.7,30,0.5,2,0
2026-07-28,PHC-PUN-010,IND,MED-AMX-250,14.3,32,3.5,2,0
2026-07-29,PHC-PUN-010,IND,MED-AMX-250,14.9,88,2.7,4,0
2026-07-30,PHC-PUN-010,IND,MED-AMX-250,16.6,94,1.7,2,0
2026-07-31,PHC-PUN-010,IND,MED-AMX-250,17.7,44,45.0,8,0
2026-08-01,PHC-PUN-010,IND,MED-AMX-250,16.8,60,0.6,6,0
2026-08-02,PHC-PUN-010,IND,MED-AMX-250,7.0,38,45.0,11,1
2026-08-03,PHC-PUN-010,IND,MED-AMX-250,8.8,68,45.0,9,0
2026-08-04,PHC-PUN-010,IND,MED-AMX-250,14.3,63,9.5,2,0
2026-08-05,PHC-PUN-010,IND,MED-AMX-250,16.2,101,45.0,10,0
2026-08-06,PHC-PUN-010,IND,MED-AMX-250,16.8,179,1.7,3,0
2026-08-07,PHC-PUN-010,IND,MED-AMX-250,16.8,136,45.0,12,0
2026-08-08,PHC-PUN-010,IND,MED-AMX-250,15.8,165,0.7,2,0
2026-08-09,PHC-PUN-010,IND,MED-AMX-250,18.0,58,0.1,2,1
2026-08-10,PHC-PUN-010,IND,MED-AMX-250,12.2,80,45.0,11,0
2026-08-11,PHC-PUN-010,IND,MED-AMX-250,16.0,155,3.0,0,0
2026-08-12,PHC-PUN-010,IND,MED-AMX-250,13.9,60,45.0,12,0
2026-08-13,PHC-PUN-010,IND,MED-AMX-250,14.2,169,5.2,3,0
2026-08-14,PHC-PUN-010,IND,MED-AMX-250,18.6,134,1.4,1,0
2026-08-15,PHC-PUN-010,IND,MED-AMX-250,8.1,45,45.0,10,0
2026-08-16,PHC-PUN-010,IND,MED-AMX-250,14.7,55,5.4,3,1
2026-08-17,PHC-PUN-010,IND,MED-AMX-250,16.1,86,45.0,8,0
2026-06-19,PHC-PUN-010,IND,MED-ORS-PKG,62.8,183,1.2,1,0
2026-06-20,PHC-PUN-010,IND,MED-ORS-PKG,39.0,167,1.4,1,0
2026-06-21,PHC-PUN-010,IND,MED-ORS-PKG,49.4,400,5.8,3,1
2026-06-22,PHC-PUN-010,IND,MED-ORS-PKG,56.9,122,5.3,2,0
2026-06-23,PHC-PUN-010,IND,MED-ORS-PKG,59.1,186,45.0,8,0
2026-06-24,PHC-PUN-010,IND,MED-ORS-PKG,44.8,107,2.8,0,0
2026-06-25,PHC-PUN-010,IND,MED-ORS-PKG,52.6,200,45.0,2,0
2026-06-26,PHC-PUN-010,IND,MED-ORS-PKG,54.6,397,6.6,0,0
2026-06-27,PHC-PUN-010,IND,MED-ORS-PKG,53.1,209,3.2,6,0
2026-06-28,PHC-PUN-010,IND,MED-ORS-PKG,44.1,150,45.0,5,1
2026-06-29,PHC-PUN-010,IND,MED-ORS-PKG,55.2,155,0.6,2,0
2026-06-30,PHC-PUN-010,IND,MED-ORS-PKG,57.3,241,0.7,2,0
2026-07-01,PHC-PUN-010,IND,MED-ORS-PKG,73.0,771,45.0,7,0
2026-07-02,PHC-PUN-010,IND,MED-ORS-PKG,68.3,449,45.0,6,0
2026-07-03,PHC-PUN-010,IND,MED-ORS-PKG,70.9,212,45.0,12,0
2026-07-04,PHC-PUN-010,IND,MED-ORS-PKG,44.1,496,1.6,2,0
2026-07-05,PHC-PUN-010,IND,MED-ORS-PKG,59.9,393,9.4,1,1
2026-07-06,PHC-PUN-010,IND,MED-ORS-PKG,73.0,317,13.6,3,0
2026-07-07,PHC-PUN-010,IND,MED-ORS-PKG,64.6,326,45.0,5,0
2026-07-08,PHC-PUN-010,IND,MED-ORS-PKG,32.8,305,9.9,3,0
2026-07-09,PHC-PUN-010,IND,MED-ORS-PKG,47.9,391,3.9,2,0
2026-07-10,PHC-PUN-010,IND,MED-ORS-PKG,61.6,471,45.0,14,0
2026-07-11,PHC-PUN-010,IND,MED-ORS-PKG,69.4,635,45.0,12,0
2026-07-12,PHC-PUN-010,IND,MED-ORS-PKG,85.7,621,45.0,7,1
2026-07-13,PHC-PUN-010,IND,MED-ORS-PKG,61.3,322,6.0,1,0
2026-07-14,PHC-PUN-010,IND,MED-ORS-PKG,56.4,498,5.9,4,0
2026-07-15,PHC-PUN-010,IND,MED-ORS-PKG,56.4,287,0.7,4,0
2026-07-16,PHC-PUN-010,IND,MED-ORS-PKG,42.1,115,5.6,2,0
2026-07-17,PHC-PUN-010,IND,MED-ORS-PKG,52.3,495,0.7,1,0
2026-07-18,PHC-PUN-010,IND,MED-ORS-PKG,57.2,577,6.8,3,0
2026-07-19,PHC-PUN-010,IND,MED-ORS-PKG,70.5,766,7.8,2,1
2026-07-20,PHC-PUN-010,IND,MED-ORS-PKG,75.5,627,45.0,5,0
2026-07-21,PHC-PUN-010,IND,MED-ORS-PKG,59.9,101,45.0,6,0
2026-07-22,PHC-PUN-010,IND,MED-ORS-PKG,60.1,664,19.0,2,0
2026-07-23,PHC-PUN-010,IND,MED-ORS-PKG,72.2,365,45.0,12,0
2026-07-24,PHC-PUN-010,IND,MED-ORS-PKG,71.6,718,4.1,0,0
2026-07-25,PHC-PUN-010,IND,MED-ORS-PKG,56.8,256,45.0,6,0
2026-07-26,PHC-PUN-010,IND,MED-ORS-PKG,70.4,144,45.0,7,1
2026-07-27,PHC-PUN-010,IND,MED-ORS-PKG,55.5,395,1.1,5,0
2026-07-28,PHC-PUN-010,IND,MED-ORS-PKG,47.2,115,5.7,3,0
2026-07-29,PHC-PUN-010,IND,MED-ORS-PKG,76.2,629,45.0,4,0
2026-07-30,PHC-PUN-010,IND,MED-ORS-PKG,42.3,475,2.8,4,0
2026-07-31,PHC-PUN-010,IND,MED-ORS-PKG,42.5,376,45.0,7,0
2026-08-01,PHC-PUN-010,IND,MED-ORS-PKG,57.0,504,4.4,1,0
2026-08-02,PHC-PUN-010,IND,MED-ORS-PKG,92.0,612,45.0,9,1
2026-08-03,PHC-PUN-010,IND,MED-ORS-PKG,48.2,436,14.8,4,0
2026-08-04,PHC-PUN-010,IND,MED-ORS-PKG,78.3,561,45.0,5,0
2026-08-05,PHC-PUN-010,IND,MED-ORS-PKG,60.3,219,45.0,7,0
2026-08-06,PHC-PUN-010,IND,MED-ORS-PKG,61.5,287,11.3,3,0
2026-08-07,PHC-PUN-010,IND,MED-ORS-PKG,62.1,506,45.0,6,0
2026-08-08,PHC-PUN-010,IND,MED-ORS-PKG,50.0,451,5.8,1,0
2026-08-09,PHC-PUN-010,IND,MED-ORS-PKG,53.2,227,0.4,5,1
2026-08-10,PHC-PUN-010,IND,MED-ORS-PKG,48.0,285,0.6,4,0
2026-08-11,PHC-PUN-010,IND,MED-ORS-PKG,42.1,227,4.3,0,0
2026-08-12,PHC-PUN-010,IND,MED-ORS-PKG,47.5,156,5.9,2,0
2026-08-13,PHC-PUN-010,IND,MED-ORS-PKG,49.4,138,4.4,0,0
2026-08-14,PHC-PUN-010,IND,MED-ORS-PKG,45.4,123,4.4,3,0
2026-08-15,PHC-PUN-010,IND,MED-ORS-PKG,45.2,159,6.4,2,0
2026-08-16,PHC-PUN-010,IND,MED-ORS-PKG,53.1,534,1.5,3,1
2026-08-17,PHC-PUN-010,IND,MED-ORS-PKG,46.8,524,10.3,1,0
2026-06-19,PHC-PUN-010,IND,MED-ART-60,7.1,33,7.7,2,0
2026-06-20,PHC-PUN-010,IND,MED-ART-60,6.4,13,45.0,10,0
2026-06-21,PHC-PUN-010,IND,MED-ART-60,8.7,19,45.0,10,1
2026-06-22,PHC-PUN-010,IND,MED-ART-60,8.6,78,45.0,12,0
2026-06-23,PHC-PUN-010,IND,MED-ART-60,7.3,47,5.8,2,0
2026-06-24,PHC-PUN-010,IND,MED-ART-60,9.4,63,45.0,6,0
2026-06-25,PHC-PUN-010,IND,MED-ART-60,6.7,14,1.8,2,0
2026-06-26,PHC-PUN-010,IND,MED-ART-60,10.2,93,1.6,4,0
2026-06-27,PHC-PUN-010,IND,MED-ART-60,9.2,37,1.0,0,0
2026-06-28,PHC-PUN-010,IND,MED-ART-60,8.4,15,45.0,8,1
2026-06-29,PHC-PUN-010,IND,MED-ART-60,10.6,74,45.0,11,0
2026-06-30,PHC-PUN-010,IND,MED-ART-60,6.3,54,18.5,1,0
2026-07-01,PHC-PUN-010,IND,MED-ART-60,7.0,25,8.8,5,0
2026-07-02,PHC-PUN-010,IND,MED-ART-60,8.1,17,45.0,8,0
2026-07-03,PHC-PUN-010,IND,MED-ART-60,4.8,29,3.2,0,0
2026-07-04,PHC-PUN-010,IND,MED-ART-60,10.5,52,45.0,10,0
2026-07-05,PHC-PUN-010,IND,MED-ART-60,7.4,54,23.2,1,1
2026-07-06,PHC-PUN-010,IND,MED-ART-60,8.0,76,3.2,2,0
2026-07-07,PHC-PUN-010,IND,MED-ART-60,7.8,37,13.9,1,0
2026-07-08,PHC-PUN-010,IND,MED-ART-60,9.3,93,45.0,10,0
2026-07-09,PHC-PUN-010,IND,MED-ART-60,8.6,97,6.7,2,0
2026-07-10,PHC-PUN-010,IND,MED-ART-60,7.5,27,0.6,0,0
2026-07-11,PHC-PUN-010,IND,MED-ART-60,9.1,99,2.4,4,0
2026-07-12,PHC-PUN-010,IND,MED-ART-60,8.5,71,7.7,2,1
2026-07-13,PHC-PUN-010,IND,MED-ART-60,8.9,106,0.5,5,0
2026-07-14,PHC-PUN-010,IND,MED-ART-60,9.0,62,4.1,1,0
2026-07-15,PHC-PUN-010,IND,MED-ART-60,9.2,58,45.0,10,0
2026-07-16,PHC-PUN-010,IND,MED-ART-60,9.1,44,7.1,8,0
2026-07-17,PHC-PUN-010,IND,MED-ART-60,8.1,38,1.6,2,0
2026-07-18,PHC-PUN-010,IND,MED-ART-60,9.4,78,7.4,1,0
2026-07-19,PHC-PUN-010,IND,MED-ART-60,7.9,60,10.2,0,1
2026-07-20,PHC-PUN-010,IND,MED-ART-60,10.3,95,45.0,7,0
2026-07-21,PHC-PUN-010,IND,MED-ART-60,7.4,84,0.1,3,0
2026-07-22,PHC-PUN-010,IND,MED-ART-60,7.6,15,45.0,3,0
2026-07-23,PHC-PUN-010,IND,MED-ART-60,9.5,65,45.0,8,0
2026-07-24,PHC-PUN-010,IND,MED-ART-60,8.7,44,45.0,7,0
2026-07-25,PHC-PUN-010,IND,MED-ART-60,6.7,63,6.1,1,0
2026-07-26,PHC-PUN-010,IND,MED-ART-60,8.0,58,45.0,7,1
2026-07-27,PHC-PUN-010,IND,MED-ART-60,8.9,13,45.0,9,0
2026-07-28,PHC-PUN-010,IND,MED-ART-60,8.3,32,14.6,3,0
2026-07-29,PHC-PUN-010,IND,MED-ART-60,8.2,45,7.2,0,0
2026-07-30,PHC-PUN-010,IND,MED-ART-60,10.4,119,45.0,6,0
2026-07-31,PHC-PUN-010,IND,MED-ART-60,9.1,103,1.2,1,0
2026-08-01,PHC-PUN-010,IND,MED-ART-60,9.2,74,45.0,4,0
2026-08-02,PHC-PUN-010,IND,MED-ART-60,8.4,45,1.2,0,1
2026-08-03,PHC-PUN-010,IND,MED-ART-60,8.3,46,45.0,14,0
2026-08-04,PHC-PUN-010,IND,MED-ART-60,9.5,111,45.0,4,0
2026-08-05,PHC-PUN-010,IND,MED-ART-60,5.3,39,45.0,9,0
2026-08-06,PHC-PUN-010,IND,MED-ART-60,7.3,48,45.0,12,0
2026-08-07,PHC-PUN-010,IND,MED-ART-60,7.8,66,7.0,5,0
2026-08-08,PHC-PUN-010,IND,MED-ART-60,9.2,108,0.5,0,0
2026-08-09,PHC-PUN-010,IND,MED-ART-60,9.5,65,5.4,0,1
2026-08-10,PHC-PUN-010,IND,MED-ART-60,9.7,85,45.0,7,0
2026-08-11,PHC-PUN-010,IND,MED-ART-60,11.7,58,45.0,11,0
2026-08-12,PHC-PUN-010,IND,MED-ART-60,6.3,72,45.0,4,0
2026-08-13,PHC-PUN-010,IND,MED-ART-60,7.7,12,1.8,3,0
2026-08-14,PHC-PUN-010,IND,MED-ART-60,10.4,44,1.8,2,0
2026-08-15,PHC-PUN-010,IND,MED-ART-60,6.9,74,2.7,1,0
2026-08-16,PHC-PUN-010,IND,MED-ART-60,9.9,15,45.0,6,1
2026-08-17,PHC-PUN-010,IND,MED-ART-60,7.8,57,2.0,5,0
2026-06-19,PHC-PUN-010,IND,MED-INS-REG,7.6,78,45.0,12,0
2026-06-20,PHC-PUN-010,IND,MED-INS-REG,9.4,83,4.7,1,0
2026-06-21,PHC-PUN-010,IND,MED-INS-REG,8.3,20,5.2,2,1
2026-06-22,PHC-PUN-010,IND,MED-INS-REG,7.5,25,45.0,9,0
2026-06-23,PHC-PUN-010,IND,MED-INS-REG,8.2,44,2.2,2,0
2026-06-24,PHC-PUN-010,IND,MED-INS-REG,7.7,39,45.0,8,0
2026-06-25,PHC-PUN-010,IND,MED-INS-REG,7.4,17,45.0,6,0
2026-06-26,PHC-PUN-010,IND,MED-INS-REG,6.5,62,45.0,5,0
2026-06-27,PHC-PUN-010,IND,MED-INS-REG,7.7,64,45.0,11,0
2026-06-28,PHC-PUN-010,IND,MED-INS-REG,7.9,54,1.7,5,1
2026-06-29,PHC-PUN-010,IND,MED-INS-REG,10.4,73,0.5,3,0
2026-06-30,PHC-PUN-010,IND,MED-INS-REG,5.3,15,2.8,2,0
2026-07-01,PHC-PUN-010,IND,MED-INS-REG,8.3,17,9.5,3,0
2026-07-02,PHC-PUN-010,IND,MED-INS-REG,8.3,44,1.5,1,0
2026-07-03,PHC-PUN-010,IND,MED-INS-REG,7.1,28,1.8,0,0
2026-07-04,PHC-PUN-010,IND,MED-INS-REG,7.0,70,45.0,6,0
2026-07-05,PHC-PUN-010,IND,MED-INS-REG,7.6,19,45.0,9,1
2026-07-06,PHC-PUN-010,IND,MED-INS-REG,4.8,20,0.0,2,0
2026-07-07,PHC-PUN-010,IND,MED-INS-REG,6.5,48,0.5,1,0
2026-07-08,PHC-PUN-010,IND,MED-INS-REG,10.2,48,45.0,7,0
2026-07-09,PHC-PUN-010,IND,MED-INS-REG,7.0,18,0.1,2,0
2026-07-10,PHC-PUN-010,IND,MED-INS-REG,8.9,75,2.2,3,0
2026-07-11,PHC-PUN-010,IND,MED-INS-REG,8.7,93,1.4,1,0
2026-07-12,PHC-PUN-010,IND,MED-INS-REG,8.1,72,45.0,6,1
2026-07-13,PHC-PUN-010,IND,MED-INS-REG,8.1,37,0.1,1,0
2026-07-14,PHC-PUN-010,IND,MED-INS-REG,7.3,78,1.2,4,0
2026-07-15,PHC-PUN-010,IND,MED-INS-REG,9.2,90,1.3,0,0
2026-07-16,PHC-PUN-010,IND,MED-INS-REG,7.5,86,5.3,1,0
2026-07-17,PHC-PUN-010,IND,MED-INS-REG,9.5,56,16.4,1,0
2026-07-18,PHC-PUN-010,IND,MED-INS-REG,7.1,20,9.2,0,0
2026-07-19,PHC-PUN-010,IND,MED-INS-REG,10.3,72,1.5,2,1
2026-07-20,PHC-PUN-010,IND,MED-INS-REG,7.4,86,9.9,3,0
2026-07-21,PHC-PUN-010,IND,MED-INS-REG,8.5,94,45.0,8,0
2026-07-22,PHC-PUN-010,IND,MED-INS-REG,10.8,66,45.0,13,0
2026-07-23,PHC-PUN-010,IND,MED-INS-REG,9.6,31,45.0,12,0
2026-07-24,PHC-PUN-010,IND,MED-INS-REG,7.6,71,45.0,7,0
2026-07-25,PHC-PUN-010,IND,MED-INS-REG,6.9,55,8.3,2,0
2026-07-26,PHC-PUN-010,IND,MED-INS-REG,7.9,87,6.3,6,1
2026-07-27,PHC-PUN-010,IND,MED-INS-REG,6.6,58,8.3,2,0
2026-07-28,PHC-PUN-010,IND,MED-INS-REG,10.9,78,45.0,4,0
2026-07-29,PHC-PUN-010,IND,MED-INS-REG,9.2,24,45.0,4,0
2026-07-30,PHC-PUN-010,IND,MED-INS-REG,8.4,84,12.9,2,0
2026-07-31,PHC-PUN-010,IND,MED-INS-REG,8.0,47,45.0,9,0
2026-08-01,PHC-PUN-010,IND,MED-INS-REG,6.1,17,2.8,2,0
2026-08-02,PHC-PUN-010,IND,MED-INS-REG,8.5,101,8.6,0,1
2026-08-03,PHC-PUN-010,IND,MED-INS-REG,7.6,60,0.1,4,0
2026-08-04,PHC-PUN-010,IND,MED-INS-REG,8.4,20,45.0,6,0
2026-08-05,PHC-PUN-010,IND,MED-INS-REG,5.9,66,45.0,8,0
2026-08-06,PHC-PUN-010,IND,MED-INS-REG,6.7,48,13.3,5,0
2026-08-07,PHC-PUN-010,IND,MED-INS-REG,7.6,74,45.0,15,0
2026-08-08,PHC-PUN-010,IND,MED-INS-REG,6.8,21,45.0,7,0
2026-08-09,PHC-PUN-010,IND,MED-INS-REG,6.2,57,10.8,0,1
2026-08-10,PHC-PUN-010,IND,MED-INS-REG,7.0,57,45.0,7,0
2026-08-11,PHC-PUN-010,IND,MED-INS-REG,10.7,67,45.0,8,0
2026-08-12,PHC-PUN-010,IND,MED-INS-REG,7.0,75,45.0,10,0
2026-08-13,PHC-PUN-010,IND,MED-INS-REG,10.4,101,2.3,4,0
2026-08-14,PHC-PUN-010,IND,MED-INS-REG,8.1,95,45.0,3,0
2026-08-15,PHC-PUN-010,IND,MED-INS-REG,7.6,73,3.0,1,0
2026-08-16,PHC-PUN-010,IND,MED-INS-REG,8.1,90,45.0,6,1
2026-08-17,PHC-PUN-010,IND,MED-INS-REG,6.4,31,6.0,1,0
2026-06-19,CHC-TSH-001,ZAF,MED-PCM-500,49.4,191,45.0,7,0
2026-06-20,CHC-TSH-001,ZAF,MED-PCM-500,33.3,73,0.6,0,0
2026-06-21,CHC-TSH-001,ZAF,MED-PCM-500,57.8,145,45.0,4,1
2026-06-22,CHC-TSH-001,ZAF,MED-PCM-500,40.5,478,2.2,0,0
2026-06-23,CHC-TSH-001,ZAF,MED-PCM-500,37.6,202,7.0,4,0
2026-06-24,CHC-TSH-001,ZAF,MED-PCM-500,62.2,262,45.0,7,0
2026-06-25,CHC-TSH-001,ZAF,MED-PCM-500,57.4,561,45.0,5,0
2026-06-26,CHC-TSH-001,ZAF,MED-PCM-500,34.5,155,0.0,0,0
2026-06-27,CHC-TSH-001,ZAF,MED-PCM-500,34.1,187,3.4,2,0
2026-06-28,CHC-TSH-001,ZAF,MED-PCM-500,42.0,140,18.5,2,1
2026-06-29,CHC-TSH-001,ZAF,MED-PCM-500,30.0,153,0.6,2,0
2026-06-30,CHC-TSH-001,ZAF,MED-PCM-500,38.8,458,12.9,1,0
2026-07-01,CHC-TSH-001,ZAF,MED-PCM-500,48.7,478,45.0,5,0
2026-07-02,CHC-TSH-001,ZAF,MED-PCM-500,29.3,170,1.4,1,0
2026-07-03,CHC-TSH-001,ZAF,MED-PCM-500,49.8,105,45.0,11,0
2026-07-04,CHC-TSH-001,ZAF,MED-PCM-500,19.2,136,6.2,0,0
2026-07-05,CHC-TSH-001,ZAF,MED-PCM-500,53.8,462,45.0,7,1
2026-07-06,CHC-TSH-001,ZAF,MED-PCM-500,48.4,487,2.2,1,0
2026-07-07,CHC-TSH-001,ZAF,MED-PCM-500,52.2,596,45.0,6,0
2026-07-08,CHC-TSH-001,ZAF,MED-PCM-500,58.8,161,45.0,9,0
2026-07-09,CHC-TSH-001,ZAF,MED-PCM-500,39.5,126,0.2,0,0
2026-07-10,CHC-TSH-001,ZAF,MED-PCM-500,52.1,579,45.0,4,0
2026-07-11,CHC-TSH-001,ZAF,MED-PCM-500,32.1,57,0.4,0,0
2026-07-12,CHC-TSH-001,ZAF,MED-PCM-500,43.8,309,45.0,7,1
2026-07-13,CHC-TSH-001,ZAF,MED-PCM-500,42.6,114,45.0,10,0
2026-07-14,CHC-TSH-001,ZAF,MED-PCM-500,29.1,60,2.6,1,0
2026-07-15,CHC-TSH-001,ZAF,MED-PCM-500,44.7,347,8.9,1,0
2026-07-16,CHC-TSH-001,ZAF,MED-PCM-500,31.8,182,9.3,4,0
2026-07-17,CHC-TSH-001,ZAF,MED-PCM-500,33.9,406,1.1,1,0
2026-07-18,CHC-TSH-001,ZAF,MED-PCM-500,46.4,84,45.0,8,0
2026-07-19,CHC-TSH-001,ZAF,MED-PCM-500,42.3,195,6.4,0,1
2026-07-20,CHC-TSH-001,ZAF,MED-PCM-500,39.5,119,45.0,13,0
2026-07-21,CHC-TSH-001,ZAF,MED-PCM-500,30.6,334,1.7,1,0
2026-07-22,CHC-TSH-001,ZAF,MED-PCM-500,34.6,266,1.4,2,0
2026-07-23,CHC-TSH-001,ZAF,MED-PCM-500,39.7,345,0.8,0,0
2026-07-24,CHC-TSH-001,ZAF,MED-PCM-500,50.1,484,45.0,6,0
2026-07-25,CHC-TSH-001,ZAF,MED-PCM-500,39.5,66,4.9,1,0
2026-07-26,CHC-TSH-001,ZAF,MED-PCM-500,57.7,679,45.0,3,1
2026-07-27,CHC-TSH-001,ZAF,MED-PCM-500,34.9,212,6.0,5,0
2026-07-28,CHC-TSH-001,ZAF,MED-PCM-500,28.7,60,1.6,2,0
2026-07-29,CHC-TSH-001,ZAF,MED-PCM-500,37.4,392,8.5,3,0
2026-07-30,CHC-TSH-001,ZAF,MED-PCM-500,45.0,128,7.9,2,0
2026-07-31,CHC-TSH-001,ZAF,MED-PCM-500,51.3,195,45.0,9,0
2026-08-01,CHC-TSH-001,ZAF,MED-PCM-500,53.5,420,45.0,2,0
2026-08-02,CHC-TSH-001,ZAF,MED-PCM-500,37.9,148,1.6,0,1
2026-08-03,CHC-TSH-001,ZAF,MED-PCM-500,27.8,202,0.0,0,0
2026-08-04,CHC-TSH-001,ZAF,MED-PCM-500,49.9,120,45.0,10,0
2026-08-05,CHC-TSH-001,ZAF,MED-PCM-500,61.0,229,45.0,8,0
2026-08-06,CHC-TSH-001,ZAF,MED-PCM-500,47.1,432,5.0,2,0
2026-08-07,CHC-TSH-001,ZAF,MED-PCM-500,36.1,173,4.2,3,0
2026-08-08,CHC-TSH-001,ZAF,MED-PCM-500,37.0,255,1.2,3,0
2026-08-09,CHC-TSH-001,ZAF,MED-PCM-500,41.4,206,7.2,2,1
2026-08-10,CHC-TSH-001,ZAF,MED-PCM-500,31.9,157,1.8,1,0
2026-08-11,CHC-TSH-001,ZAF,MED-PCM-500,46.1,458,45.0,6,0
2026-08-12,CHC-TSH-001,ZAF,MED-PCM-500,31.8,247,6.0,2,0
2026-08-13,CHC-TSH-001,ZAF,MED-PCM-500,47.0,460,45.0,4,0
2026-08-14,CHC-TSH-001,ZAF,MED-PCM-500,45.4,347,1.5,3,0
2026-08-15,CHC-TSH-001,ZAF,MED-PCM-500,43.7,425,6.9,2,0
2026-08-16,CHC-TSH-001,ZAF,MED-PCM-500,40.9,111,6.6,0,1
2026-08-17,CHC-TSH-001,ZAF,MED-PCM-500,30.1,191,6.3,3,0
2026-06-19,CHC-TSH-001,ZAF,MED-AMX-250,11.6,111,3.0,1,0
2026-06-20,CHC-TSH-001,ZAF,MED-AMX-250,17.9,92,6.1,4,0
2026-06-21,CHC-TSH-001,ZAF,MED-AMX-250,13.2,43,0.8,0,1
2026-06-22,CHC-TSH-001,ZAF,MED-AMX-250,15.6,102,45.0,6,0
2026-06-23,CHC-TSH-001,ZAF,MED-AMX-250,17.0,133,45.0,3,0
2026-06-24,CHC-TSH-001,ZAF,MED-AMX-250,13.7,66,45.0,8,0
2026-06-25,CHC-TSH-001,ZAF,MED-AMX-250,18.3,155,0.8,1,0
2026-06-26,CHC-TSH-001,ZAF,MED-AMX-250,13.0,21,23.9,4,0
2026-06-27,CHC-TSH-001,ZAF,MED-AMX-250,11.7,60,45.0,13,0
2026-06-28,CHC-TSH-001,ZAF,MED-AMX-250,16.9,146,45.0,4,1
2026-06-29,CHC-TSH-001,ZAF,MED-AMX-250,14.9,42,1.3,3,0
2026-06-30,CHC-TSH-001,ZAF,MED-AMX-250,18.5,101,0.7,1,0
2026-07-01,CHC-TSH-001,ZAF,MED-AMX-250,11.7,26,1.6,1,0
2026-07-02,CHC-TSH-001,ZAF,MED-AMX-250,10.2,83,45.0,6,0
2026-07-03,CHC-TSH-001,ZAF,MED-AMX-250,16.6,124,1.8,3,0
2026-07-04,CHC-TSH-001,ZAF,MED-AMX-250,15.4,99,45.0,5,0
2026-07-05,CHC-TSH-001,ZAF,MED-AMX-250,10.9,22,0.3,3,1
2026-07-06,CHC-TSH-001,ZAF,MED-AMX-250,12.6,75,7.4,2,0
2026-07-07,CHC-TSH-001,ZAF,MED-AMX-250,13.3,147,45.0,3,0
2026-07-08,CHC-TSH-001,ZAF,MED-AMX-250,15.6,97,45.0,5,0
2026-07-09,CHC-TSH-001,ZAF,MED-AMX-250,15.4,107,5.5,0,0
2026-07-10,CHC-TSH-001,ZAF,MED-AMX-250,18.7,49,4.2,1,0
2026-07-11,CHC-TSH-001,ZAF,MED-AMX-250,18.5,199,2.0,1,0
2026-07-12,CHC-TSH-001,ZAF,MED-AMX-250,19.2,44,6.4,2,1
2026-07-13,CHC-TSH-001,ZAF,MED-AMX-250,9.9,22,9.6,2,0
2026-07-14,CHC-TSH-001,ZAF,MED-AMX-250,14.6,49,9.7,3,0
2026-07-15,CHC-TSH-001,ZAF,MED-AMX-250,15.9,138,45.0,7,0
2026-07-16,CHC-TSH-001,ZAF,MED-AMX-250,12.8,142,1.8,0,0
2026-07-17,CHC-TSH-001,ZAF,MED-AMX-250,15.1,57,4.4,2,0
2026-07-18,CHC-TSH-001,ZAF,MED-AMX-250,11.3,103,3.6,4,0
2026-07-19,CHC-TSH-001,ZAF,MED-AMX-250,15.6,159,45.0,10,1
2026-07-20,CHC-TSH-001,ZAF,MED-AMX-250,19.8,208,11.1,1,0
2026-07-21,CHC-TSH-001,ZAF,MED-AMX-250,18.3,155,45.0,11,0
2026-07-22,CHC-TSH-001,ZAF,MED-AMX-250,16.6,81,45.0,6,0
2026-07-23,CHC-TSH-001,ZAF,MED-AMX-250,13.9,79,45.0,10,0
2026-07-24,CHC-TSH-001,ZAF,MED-AMX-250,15.8,120,4.8,0,0
2026-07-25,CHC-TSH-001,ZAF,MED-AMX-250,15.0,162,7.6,2,0
2026-07-26,CHC-TSH-001,ZAF,MED-AMX-250,11.9,64,5.8,2,1
2026-07-27,CHC-TSH-001,ZAF,MED-AMX-250,19.0,173,2.2,4,0
2026-07-28,CHC-TSH-001,ZAF,MED-AMX-250,11.8,43,4.0,2,0
2026-07-29,CHC-TSH-001,ZAF,MED-AMX-250,15.7,145,45.0,14,0
2026-07-30,CHC-TSH-001,ZAF,MED-AMX-250,20.4,175,45.0,8,0
2026-07-31,CHC-TSH-001,ZAF,MED-AMX-250,12.9,45,45.0,8,0
2026-08-01,CHC-TSH-001,ZAF,MED-AMX-250,18.4,85,45.0,7,0
2026-08-02,CHC-TSH-001,ZAF,MED-AMX-250,19.8,222,45.0,4,1
2026-08-03,CHC-TSH-001,ZAF,MED-AMX-250,17.7,58,6.6,2,0
2026-08-04,CHC-TSH-001,ZAF,MED-AMX-250,13.4,86,7.8,1,0
2026-08-05,CHC-TSH-001,ZAF,MED-AMX-250,13.6,142,45.0,8,0
2026-08-06,CHC-TSH-001,ZAF,MED-AMX-250,17.9,184,1.6,2,0
2026-08-07,CHC-TSH-001,ZAF,MED-AMX-250,17.7,44,3.5,3,0
2026-08-08,CHC-TSH-001,ZAF,MED-AMX-250,15.4,183,45.0,12,0
2026-08-09,CHC-TSH-001,ZAF,MED-AMX-250,16.1,40,4.8,2,1
2026-08-10,CHC-TSH-001,ZAF,MED-AMX-250,14.5,149,0.9,2,0
2026-08-11,CHC-TSH-001,ZAF,MED-AMX-250,19.9,30,45.0,9,0
2026-08-12,CHC-TSH-001,ZAF,MED-AMX-250,16.5,114,45.0,8,0
2026-08-13,CHC-TSH-001,ZAF,MED-AMX-250,14.8,135,1.0,2,0
2026-08-14,CHC-TSH-001,ZAF,MED-AMX-250,13.5,66,45.0,6,0
2026-08-15,CHC-TSH-001,ZAF,MED-AMX-250,10.8,35,45.0,9,0
2026-08-16,CHC-TSH-001,ZAF,MED-AMX-250,14.5,79,45.0,9,1
2026-08-17,CHC-TSH-001,ZAF,MED-AMX-250,13.4,160,45.0,9,0
2026-06-19,CHC-TSH-001,ZAF,MED-ORS-PKG,44.3,213,8.0,0,0
2026-06-20,CHC-TSH-001,ZAF,MED-ORS-PKG,44.2,67,7.6,2,0
2026-06-21,CHC-TSH-001,ZAF,MED-ORS-PKG,42.3,75,4.1,2,1
2026-06-22,CHC-TSH-001,ZAF,MED-ORS-PKG,52.9,220,45.0,6,0
2026-06-23,CHC-TSH-001,ZAF,MED-ORS-PKG,67.6,715,45.0,10,0
2026-06-24,CHC-TSH-001,ZAF,MED-ORS-PKG,66.6,536,45.0,14,0
2026-06-25,CHC-TSH-001,ZAF,MED-ORS-PKG,75.4,547,45.0,8,0
2026-06-26,CHC-TSH-001,ZAF,MED-ORS-PKG,55.5,410,11.7,3,0
2026-06-27,CHC-TSH-001,ZAF,MED-ORS-PKG,60.8,565,2.2,1,0
2026-06-28,CHC-TSH-001,ZAF,MED-ORS-PKG,51.3,223,2.1,1,1
2026-06-29,CHC-TSH-001,ZAF,MED-ORS-PKG,74.8,221,45.0,7,0
2026-06-30,CHC-TSH-001,ZAF,MED-ORS-PKG,67.2,465,45.0,9,0
2026-07-01,CHC-TSH-001,ZAF,MED-ORS-PKG,43.2,401,0.4,0,0
2026-07-02,CHC-TSH-001,ZAF,MED-ORS-PKG,56.3,414,45.0,3,0
2026-07-03,CHC-TSH-001,ZAF,MED-ORS-PKG,55.7,156,3.0,3,0
2026-07-04,CHC-TSH-001,ZAF,MED-ORS-PKG,60.1,420,45.0,5,0
2026-07-05,CHC-TSH-001,ZAF,MED-ORS-PKG,50.3,389,2.1,2,1
2026-07-06,CHC-TSH-001,ZAF,MED-ORS-PKG,69.2,194,45.0,10,0
2026-07-07,CHC-TSH-001,ZAF,MED-ORS-PKG,73.8,386,45.0,12,0
2026-07-08,CHC-TSH-001,ZAF,MED-ORS-PKG,55.3,391,45.0,11,0
2026-07-09,CHC-TSH-001,ZAF,MED-ORS-PKG,38.8,243,1.7,1,0
2026-07-10,CHC-TSH-001,ZAF,MED-ORS-PKG,50.4,318,0.5,1,0
2026-07-11,CHC-TSH-001,ZAF,MED-ORS-PKG,70.1,333,45.0,9,0
2026-07-12,CHC-TSH-001,ZAF,MED-ORS-PKG,43.3,155,3.1,1,1
2026-07-13,CHC-TSH-001,ZAF,MED-ORS-PKG,32.2,202,3.2,2,0
2026-07-14,CHC-TSH-001,ZAF,MED-ORS-PKG,69.7,589,45.0,4,0
2026-07-15,CHC-TSH-001,ZAF,MED-ORS-PKG,49.7,285,8.7,0,0
2026-07-16,CHC-TSH-001,ZAF,MED-ORS-PKG,46.3,80,5.2,2,0
2026-07-17,CHC-TSH-001,ZAF,MED-ORS-PKG,61.6,309,45.0,9,0
2026-07-18,CHC-TSH-001,ZAF,MED-ORS-PKG,45.3,288,1.1,0,0
2026-07-19,CHC-TSH-001,ZAF,MED-ORS-PKG,74.9,715,45.0,5,1
2026-07-20,CHC-TSH-001,ZAF,MED-ORS-PKG,75.9,655,38.8,9,0
2026-07-21,CHC-TSH-001,ZAF,MED-ORS-PKG,72.0,732,45.0,10,0
2026-07-22,CHC-TSH-001,ZAF,MED-ORS-PKG,47.6,209,2.7,2,0
2026-07-23,CHC-TSH-001,ZAF,MED-ORS-PKG,55.7,490,4.9,1,0
2026-07-24,CHC-TSH-001,ZAF,MED-ORS-PKG,64.4,238,5.5,2,0
2026-07-25,CHC-TSH-001,ZAF,MED-ORS-PKG,64.9,185,45.0,9,0
2026-07-26,CHC-TSH-001,ZAF,MED-ORS-PKG,53.8,264,5.6,0,1
2026-07-27,CHC-TSH-001,ZAF,MED-ORS-PKG,65.9,118,45.0,13,0
2026-07-28,CHC-TSH-001,ZAF,MED-ORS-PKG,64.6,241,45.0,7,0
2026-07-29,CHC-TSH-001,ZAF,MED-ORS-PKG,65.4,749,45.0,4,0
2026-07-30,CHC-TSH-001,ZAF,MED-ORS-PKG,75.2,518,45.0,4,0
2026-07-31,CHC-TSH-001,ZAF,MED-ORS-PKG,61.7,501,45.0,6,0
2026-08-01,CHC-TSH-001,ZAF,MED-ORS-PKG,63.3,312,45.0,6,0
2026-08-02,CHC-TSH-001,ZAF,MED-ORS-PKG,65.3,348,7.9,3,1
2026-08-03,CHC-TSH-001,ZAF,MED-ORS-PKG,32.5,157,2.4,3,0
2026-08-04,CHC-TSH-001,ZAF,MED-ORS-PKG,49.2,467,0.4,2,0
2026-08-05,CHC-TSH-001,ZAF,MED-ORS-PKG,45.9,105,5.2,4,0
2026-08-06,CHC-TSH-001,ZAF,MED-ORS-PKG,46.4,289,6.4,1,0
2026-08-07,CHC-TSH-001,ZAF,MED-ORS-PKG,60.2,204,20.5,2,0
2026-08-08,CHC-TSH-001,ZAF,MED-ORS-PKG,67.0,447,4.7,1,0
2026-08-09,CHC-TSH-001,ZAF,MED-ORS-PKG,64.6,489,4.7,3,1
2026-08-10,CHC-TSH-001,ZAF,MED-ORS-PKG,73.1,647,3.0,1,0
2026-08-11,CHC-TSH-001,ZAF,MED-ORS-PKG,75.0,227,45.0,7,0
2026-08-12,CHC-TSH-001,ZAF,MED-ORS-PKG,62.5,722,45.0,7,0
2026-08-13,CHC-TSH-001,ZAF,MED-ORS-PKG,68.6,771,45.0,8,0
2026-08-14,CHC-TSH-001,ZAF,MED-ORS-PKG,73.5,390,45.0,5,0
2026-08-15,CHC-TSH-001,ZAF,MED-ORS-PKG,57.6,540,0.1,1,0
2026-08-16,CHC-TSH-001,ZAF,MED-ORS-PKG,57.3,566,3.7,1,1
2026-08-17,CHC-TSH-001,ZAF,MED-ORS-PKG,74.8,581,45.0,10,0
2026-06-19,CHC-TSH-001,ZAF,MED-ART-60,9.6,46,45.0,9,0
2026-06-20,CHC-TSH-001,ZAF,MED-ART-60,8.8,104,7.4,1,0
2026-06-21,CHC-TSH-001,ZAF,MED-ART-60,7.3,33,9.7,1,1
2026-06-22,CHC-TSH-001,ZAF,MED-ART-60,7.7,73,2.2,5,0
2026-06-23,CHC-TSH-001,ZAF,MED-ART-60,8.0,67,45.0,6,0
2026-06-24,CHC-TSH-001,ZAF,MED-ART-60,8.2,63,45.0,6,0
2026-06-25,CHC-TSH-001,ZAF,MED-ART-60,5.9,9,6.1,3,0
2026-06-26,CHC-TSH-001,ZAF,MED-ART-60,5.1,14,45.0,11,0
2026-06-27,CHC-TSH-001,ZAF,MED-ART-60,9.0,102,4.2,4,0
2026-06-28,CHC-TSH-001,ZAF,MED-ART-60,6.1,26,45.0,10,1
2026-06-29,CHC-TSH-001,ZAF,MED-ART-60,7.2,75,45.0,5,0
2026-06-30,CHC-TSH-001,ZAF,MED-ART-60,6.8,46,3.1,0,0
2026-07-01,CHC-TSH-001,ZAF,MED-ART-60,10.1,105,45.0,8,0
2026-07-02,CHC-TSH-001,ZAF,MED-ART-60,7.9,28,1.3,1,0
2026-07-03,CHC-TSH-001,ZAF,MED-ART-60,9.0,49,5.0,2,0
2026-07-04,CHC-TSH-001,ZAF,MED-ART-60,4.7,34,45.0,6,0
2026-07-05,CHC-TSH-001,ZAF,MED-ART-60,8.4,60,45.0,8,1
2026-07-06,CHC-TSH-001,ZAF,MED-ART-60,10.1,83,10.1,2,0
2026-07-07,CHC-TSH-001,ZAF,MED-ART-60,7.7,39,0.8,1,0
2026-07-08,CHC-TSH-001,ZAF,MED-ART-60,9.3,24,2.3,3,0
2026-07-09,CHC-TSH-001,ZAF,MED-ART-60,6.8,54,45.0,7,0
2026-07-10,CHC-TSH-001,ZAF,MED-ART-60,8.8,79,5.9,2,0
2026-07-11,CHC-TSH-001,ZAF,MED-ART-60,7.6,30,45.0,11,0
2026-07-12,CHC-TSH-001,ZAF,MED-ART-60,8.7,39,45.0,10,1
2026-07-13,CHC-TSH-001,ZAF,MED-ART-60,5.2,60,45.0,9,0
2026-07-14,CHC-TSH-001,ZAF,MED-ART-60,8.3,18,45.0,8,0
2026-07-15,CHC-TSH-001,ZAF,MED-ART-60,8.3,67,1.1,3,0
2026-07-16,CHC-TSH-001,ZAF,MED-ART-60,5.4,30,45.0,8,0
2026-07-17,CHC-TSH-001,ZAF,MED-ART-60,11.2,75,2.7,2,0
2026-07-18,CHC-TSH-001,ZAF,MED-ART-60,5.5,30,1.2,3,0
2026-07-19,CHC-TSH-001,ZAF,MED-ART-60,10.0,48,1.9,1,1
2026-07-20,CHC-TSH-001,ZAF,MED-ART-60,8.9,86,6.0,0,0
2026-07-21,CHC-TSH-001,ZAF,MED-ART-60,7.6,49,45.0,4,0
2026-07-22,CHC-TSH-001,ZAF,MED-ART-60,12.2,127,2.1,0,0
2026-07-23,CHC-TSH-001,ZAF,MED-ART-60,7.3,14,7.4,2,0
2026-07-24,CHC-TSH-001,ZAF,MED-ART-60,5.7,11,45.0,9,0
2026-07-25,CHC-TSH-001,ZAF,MED-ART-60,8.8,50,45.0,7,0
2026-07-26,CHC-TSH-001,ZAF,MED-ART-60,8.6,45,45.0,11,1
2026-07-27,CHC-TSH-001,ZAF,MED-ART-60,8.5,91,2.7,2,0
2026-07-28,CHC-TSH-001,ZAF,MED-ART-60,5.6,16,8.9,1,0
2026-07-29,CHC-TSH-001,ZAF,MED-ART-60,7.7,59,1.4,4,0
2026-07-30,CHC-TSH-001,ZAF,MED-ART-60,9.3,17,45.0,12,0
2026-07-31,CHC-TSH-001,ZAF,MED-ART-60,11.5,71,45.0,11,0
2026-08-01,CHC-TSH-001,ZAF,MED-ART-60,8.6,23,45.0,7,0
2026-08-02,CHC-TSH-001,ZAF,MED-ART-60,6.3,69,1.1,2,1
2026-08-03,CHC-TSH-001,ZAF,MED-ART-60,5.7,62,6.0,4,0
2026-08-04,CHC-TSH-001,ZAF,MED-ART-60,9.5,14,2.5,1,0
2026-08-05,CHC-TSH-001,ZAF,MED-ART-60,7.9,94,2.5,2,0
2026-08-06,CHC-TSH-001,ZAF,MED-ART-60,9.0,101,2.0,4,0
2026-08-07,CHC-TSH-001,ZAF,MED-ART-60,10.7,105,45.0,10,0
2026-08-08,CHC-TSH-001,ZAF,MED-ART-60,7.0,62,3.4,2,0
2026-08-09,CHC-TSH-001,ZAF,MED-ART-60,9.5,57,2.8,2,1
2026-08-10,CHC-TSH-001,ZAF,MED-ART-60,6.9,82,5.0,3,0
2026-08-11,CHC-TSH-001,ZAF,MED-ART-60,7.5,83,2.6,2,0
2026-08-12,CHC-TSH-001,ZAF,MED-ART-60,10.2,57,45.0,11,0
2026-08-13,CHC-TSH-001,ZAF,MED-ART-60,5.2,11,45.0,6,0
2026-08-14,CHC-TSH-001,ZAF,MED-ART-60,8.2,32,45.0,12,0
2026-08-15,CHC-TSH-001,ZAF,MED-ART-60,7.6,67,45.0,13,0
2026-08-16,CHC-TSH-001,ZAF,MED-ART-60,7.3,78,5.1,0,1
2026-08-17,CHC-TSH-001,ZAF,MED-ART-60,6.9,62,2.1,2,0
2026-06-19,CHC-TSH-001,ZAF,MED-INS-REG,10.2,70,45.0,11,0
2026-06-20,CHC-TSH-001,ZAF,MED-INS-REG,9.2,88,45.0,6,0
2026-06-21,CHC-TSH-001,ZAF,MED-INS-REG,8.3,76,7.5,0,1
2026-06-22,CHC-TSH-001,ZAF,MED-INS-REG,7.5,82,45.0,4,0
2026-06-23,CHC-TSH-001,ZAF,MED-INS-REG,8.1,88,7.3,1,0
2026-06-24,CHC-TSH-001,ZAF,MED-INS-REG,7.5,83,1.6,4,0
2026-06-25,CHC-TSH-001,ZAF,MED-INS-REG,4.1,32,45.0,2,0
2026-06-26,CHC-TSH-001,ZAF,MED-INS-REG,7.6,73,4.5,3,0
2026-06-27,CHC-TSH-001,ZAF,MED-INS-REG,7.7,33,20.2,4,0
2026-06-28,CHC-TSH-001,ZAF,MED-INS-REG,6.9,72,45.0,9,1
2026-06-29,CHC-TSH-001,ZAF,MED-INS-REG,8.5,79,6.7,2,0
2026-06-30,CHC-TSH-001,ZAF,MED-INS-REG,11.0,51,45.0,13,0
2026-07-01,CHC-TSH-001,ZAF,MED-INS-REG,5.7,32,3.4,3,0
2026-07-02,CHC-TSH-001,ZAF,MED-INS-REG,8.9,85,45.0,12,0
2026-07-03,CHC-TSH-001,ZAF,MED-INS-REG,7.7,62,45.0,5,0
2026-07-04,CHC-TSH-001,ZAF,MED-INS-REG,7.2,76,45.0,6,0
2026-07-05,CHC-TSH-001,ZAF,MED-INS-REG,7.9,29,1.6,0,1
2026-07-06,CHC-TSH-001,ZAF,MED-INS-REG,8.0,84,3.7,0,0
2026-07-07,CHC-TSH-001,ZAF,MED-INS-REG,9.0,66,45.0,11,0
2026-07-08,CHC-TSH-001,ZAF,MED-INS-REG,8.7,63,45.0,8,0
2026-07-09,CHC-TSH-001,ZAF,MED-INS-REG,9.3,87,3.2,2,0
2026-07-10,CHC-TSH-001,ZAF,MED-INS-REG,9.1,100,45.0,8,0
2026-07-11,CHC-TSH-001,ZAF,MED-INS-REG,11.7,112,4.6,3,0
2026-07-12,CHC-TSH-001,ZAF,MED-INS-REG,9.3,54,0.4,1,1
2026-07-13,CHC-TSH-001,ZAF,MED-INS-REG,7.4,33,45.0,5,0
2026-07-14,CHC-TSH-001,ZAF,MED-INS-REG,4.4,42,0.1,1,0
2026-07-15,CHC-TSH-001,ZAF,MED-INS-REG,11.1,45,45.0,10,0
2026-07-16,CHC-TSH-001,ZAF,MED-INS-REG,8.9,57,45.0,10,0
2026-07-17,CHC-TSH-001,ZAF,MED-INS-REG,10.1,17,8.2,3,0
2026-07-18,CHC-TSH-001,ZAF,MED-INS-REG,10.3,30,45.0,11,0
2026-07-19,CHC-TSH-001,ZAF,MED-INS-REG,9.2,38,1.9,2,1
2026-07-20,CHC-TSH-001,ZAF,MED-INS-REG,8.0,12,45.0,7,0
2026-07-21,CHC-TSH-001,ZAF,MED-INS-REG,6.9,21,45.0,6,0
2026-07-22,CHC-TSH-001,ZAF,MED-INS-REG,8.0,48,7.1,0,0
2026-07-23,CHC-TSH-001,ZAF,MED-INS-REG,6.3,20,45.0,6,0
2026-07-24,CHC-TSH-001,ZAF,MED-INS-REG,8.3,88,45.0,8,0
2026-07-25,CHC-TSH-001,ZAF,MED-INS-REG,8.7,45,45.0,10,0
2026-07-26,CHC-TSH-001,ZAF,MED-INS-REG,7.6,57,45.0,8,1
2026-07-27,CHC-TSH-001,ZAF,MED-INS-REG,7.8,17,1.3,1,0
2026-07-28,CHC-TSH-001,ZAF,MED-INS-REG,7.8,13,0.2,5,0
2026-07-29,CHC-TSH-001,ZAF,MED-INS-REG,6.3,52,0.8,3,0
2026-07-30,CHC-TSH-001,ZAF,MED-INS-REG,7.8,29,45.0,7,0
2026-07-31,CHC-TSH-001,ZAF,MED-INS-REG,7.9,41,0.1,2,0
2026-08-01,CHC-TSH-001,ZAF,MED-INS-REG,6.0,42,1.0,3,0
2026-08-02,CHC-TSH-001,ZAF,MED-INS-REG,8.3,60,45.0,9,1
2026-08-03,CHC-TSH-001,ZAF,MED-INS-REG,7.9,36,45.0,9,0
2026-08-04,CHC-TSH-001,ZAF,MED-INS-REG,5.2,57,1.5,5,0
2026-08-05,CHC-TSH-001,ZAF,MED-INS-REG,7.8,55,45.0,8,0
2026-08-06,CHC-TSH-001,ZAF,MED-INS-REG,7.4,67,45.0,9,0
2026-08-07,CHC-TSH-001,ZAF,MED-INS-REG,6.0,32,45.0,4,0
2026-08-08,CHC-TSH-001,ZAF,MED-INS-REG,6.5,13,45.0,8,0
2026-08-09,CHC-TSH-001,ZAF,MED-INS-REG,7.0,71,4.5,4,1
2026-08-10,CHC-TSH-001,ZAF,MED-INS-REG,7.5,13,45.0,7,0
2026-08-11,CHC-TSH-001,ZAF,MED-INS-REG,7.9,58,45.0,4,0
2026-08-12,CHC-TSH-001,ZAF,MED-INS-REG,7.9,28,45.0,6,0
2026-08-13,CHC-TSH-001,ZAF,MED-INS-REG,9.4,52,4.5,2,0
2026-08-14,CHC-TSH-001,ZAF,MED-INS-REG,7.5,67,28.7,12,0
2026-08-15,CHC-TSH-001,ZAF,MED-INS-REG,9.1,97,3.3,1,0
2026-08-16,CHC-TSH-001,ZAF,MED-INS-REG,11.0,44,45.0,8,1
2026-08-17,CHC-TSH-001,ZAF,MED-INS-REG,9.0,98,45.0,4,0
2026-06-19,CHC-TSH-002,ZAF,MED-PCM-500,42.3,269,2.7,3,0
2026-06-20,CHC-TSH-002,ZAF,MED-PCM-500,50.1,575,45.0,8,0
2026-06-21,CHC-TSH-002,ZAF,MED-PCM-500,33.6,311,1.8,3,1
2026-06-22,CHC-TSH-002,ZAF,MED-PCM-500,48.6,220,7.2,0,0
2026-06-23,CHC-TSH-002,ZAF,MED-PCM-500,29.5,185,0.4,5,0
2026-06-24,CHC-TSH-002,ZAF,MED-PCM-500,37.2,371,2.6,2,0
2026-06-25,CHC-TSH-002,ZAF,MED-PCM-500,33.2,270,19.3,4,0
2026-06-26,CHC-TSH-002,ZAF,MED-PCM-500,30.3,270,3.3,3,0
2026-06-27,CHC-TSH-002,ZAF,MED-PCM-500,35.8,328,0.1,1,0
2026-06-28,CHC-TSH-002,ZAF,MED-PCM-500,37.1,286,5.3,2,1
2026-06-29,CHC-TSH-002,ZAF,MED-PCM-500,57.9,534,45.0,5,0
2026-06-30,CHC-TSH-002,ZAF,MED-PCM-500,62.5,207,45.0,9,0
2026-07-01,CHC-TSH-002,ZAF,MED-PCM-500,38.3,189,3.4,0,0
2026-07-02,CHC-TSH-002,ZAF,MED-PCM-500,63.6,612,45.0,5,0
2026-07-03,CHC-TSH-002,ZAF,MED-PCM-500,28.4,207,1.1,1,0
2026-07-04,CHC-TSH-002,ZAF,MED-PCM-500,31.8,197,8.3,0,0
2026-07-05,CHC-TSH-002,ZAF,MED-PCM-500,52.6,568,45.0,10,1
2026-07-06,CHC-TSH-002,ZAF,MED-PCM-500,42.3,159,3.9,1,0
2026-07-07,CHC-TSH-002,ZAF,MED-PCM-500,34.7,121,0.1,0,0
2026-07-08,CHC-TSH-002,ZAF,MED-PCM-500,43.7,261,45.0,12,0
2026-07-09,CHC-TSH-002,ZAF,MED-PCM-500,27.4,311,1.9,2,0
2026-07-10,CHC-TSH-002,ZAF,MED-PCM-500,59.9,450,45.0,9,0
2026-07-11,CHC-TSH-002,ZAF,MED-PCM-500,64.3,118,45.0,8,0
2026-07-12,CHC-TSH-002,ZAF,MED-PCM-500,58.1,550,45.0,7,1
2026-07-13,CHC-TSH-002,ZAF,MED-PCM-500,34.4,116,9.8,1,0
2026-07-14,CHC-TSH-002,ZAF,MED-PCM-500,36.7,346,13.7,3,0
2026-07-15,CHC-TSH-002,ZAF,MED-PCM-500,28.8,79,0.7,1,0
2026-07-16,CHC-TSH-002,ZAF,MED-PCM-500,56.7,108,45.0,7,0
2026-07-17,CHC-TSH-002,ZAF,MED-PCM-500,37.2,270,15.1,1,0
2026-07-18,CHC-TSH-002,ZAF,MED-PCM-500,33.6,59,1.9,3,0
2026-07-19,CHC-TSH-002,ZAF,MED-PCM-500,45.9,494,20.1,0,1
2026-07-20,CHC-TSH-002,ZAF,MED-PCM-500,63.4,726,45.0,9,0
2026-07-21,CHC-TSH-002,ZAF,MED-PCM-500,52.4,517,45.0,10,0
2026-07-22,CHC-TSH-002,ZAF,MED-PCM-500,39.5,216,0.2,1,0
2026-07-23,CHC-TSH-002,ZAF,MED-PCM-500,53.2,133,45.0,7,0
2026-07-24,CHC-TSH-002,ZAF,MED-PCM-500,37.3,250,4.5,3,0
2026-07-25,CHC-TSH-002,ZAF,MED-PCM-500,47.6,437,3.7,2,0
2026-07-26,CHC-TSH-002,ZAF,MED-PCM-500,46.0,398,0.9,5,1
2026-07-27,CHC-TSH-002,ZAF,MED-PCM-500,36.1,367,4.4,0,0
2026-07-28,CHC-TSH-002,ZAF,MED-PCM-500,38.7,413,1.3,6,0
2026-07-29,CHC-TSH-002,ZAF,MED-PCM-500,31.1,351,1.2,5,0
2026-07-30,CHC-TSH-002,ZAF,MED-PCM-500,49.3,301,45.0,10,0
2026-07-31,CHC-TSH-002,ZAF,MED-PCM-500,60.4,555,45.0,10,0
2026-08-01,CHC-TSH-002,ZAF,MED-PCM-500,53.1,623,45.0,4,0
2026-08-02,CHC-TSH-002,ZAF,MED-PCM-500,36.1,383,0.7,0,1
2026-08-03,CHC-TSH-002,ZAF,MED-PCM-500,54.4,514,45.0,16,0
2026-08-04,CHC-TSH-002,ZAF,MED-PCM-500,63.4,102,45.0,13,0
2026-08-05,CHC-TSH-002,ZAF,MED-PCM-500,39.1,200,0.5,1,0
2026-08-06,CHC-TSH-002,ZAF,MED-PCM-500,37.9,253,6.1,0,0
2026-08-07,CHC-TSH-002,ZAF,MED-PCM-500,50.3,453,45.0,9,0
2026-08-08,CHC-TSH-002,ZAF,MED-PCM-500,44.9,197,45.0,11,0
2026-08-09,CHC-TSH-002,ZAF,MED-PCM-500,38.0,231,0.6,4,1
2026-08-10,CHC-TSH-002,ZAF,MED-PCM-500,50.1,538,2.5,3,0
2026-08-11,CHC-TSH-002,ZAF,MED-PCM-500,41.5,232,1.9,2,0
2026-08-12,CHC-TSH-002,ZAF,MED-PCM-500,41.1,405,0.7,3,0
2026-08-13,CHC-TSH-002,ZAF,MED-PCM-500,37.4,434,9.9,2,0
2026-08-14,CHC-TSH-002,ZAF,MED-PCM-500,32.6,361,0.2,1,0
2026-08-15,CHC-TSH-002,ZAF,MED-PCM-500,39.1,464,6.6,1,0
2026-08-16,CHC-TSH-002,ZAF,MED-PCM-500,49.7,388,1.2,4,1
2026-08-17,CHC-TSH-002,ZAF,MED-PCM-500,53.1,577,45.0,6,0
2026-06-19,CHC-TSH-002,ZAF,MED-AMX-250,15.1,62,8.4,2,0
2026-06-20,CHC-TSH-002,ZAF,MED-AMX-250,11.7,74,4.4,2,0
2026-06-21,CHC-TSH-002,ZAF,MED-AMX-250,8.2,37,45.0,13,1
2026-06-22,CHC-TSH-002,ZAF,MED-AMX-250,13.0,100,45.0,10,0
2026-06-23,CHC-TSH-002,ZAF,MED-AMX-250,14.9,121,45.0,5,0
2026-06-24,CHC-TSH-002,ZAF,MED-AMX-250,12.8,32,9.1,6,0
2026-06-25,CHC-TSH-002,ZAF,MED-AMX-250,18.8,104,6.9,0,0
2026-06-26,CHC-TSH-002,ZAF,MED-AMX-250,13.3,118,45.0,6,0
2026-06-27,CHC-TSH-002,ZAF,MED-AMX-250,8.3,97,16.2,0,0
2026-06-28,CHC-TSH-002,ZAF,MED-AMX-250,18.2,121,4.3,0,1
2026-06-29,CHC-TSH-002,ZAF,MED-AMX-250,10.8,39,45.0,7,0
2026-06-30,CHC-TSH-002,ZAF,MED-AMX-250,14.8,109,4.2,0,0
2026-07-01,CHC-TSH-002,ZAF,MED-AMX-250,18.9,209,5.0,1,0
2026-07-02,CHC-TSH-002,ZAF,MED-AMX-250,18.1,31,45.0,6,0
2026-07-03,CHC-TSH-002,ZAF,MED-AMX-250,10.6,71,2.8,1,0
2026-07-04,CHC-TSH-002,ZAF,MED-AMX-250,13.6,60,3.4,1,0
2026-07-05,CHC-TSH-002,ZAF,MED-AMX-250,16.0,31,45.0,5,1
2026-07-06,CHC-TSH-002,ZAF,MED-AMX-250,13.3,142,45.0,8,0
2026-07-07,CHC-TSH-002,ZAF,MED-AMX-250,10.9,54,1.4,3,0
2026-07-08,CHC-TSH-002,ZAF,MED-AMX-250,16.9,34,2.4,3,0
2026-07-09,CHC-TSH-002,ZAF,MED-AMX-250,14.3,104,3.7,1,0
2026-07-10,CHC-TSH-002,ZAF,MED-AMX-250,17.2,83,14.6,4,0
2026-07-11,CHC-TSH-002,ZAF,MED-AMX-250,14.7,36,0.5,3,0
2026-07-12,CHC-TSH-002,ZAF,MED-AMX-250,13.6,26,1.7,1,1
2026-07-13,CHC-TSH-002,ZAF,MED-AMX-250,15.1,175,2.2,5,0
2026-07-14,CHC-TSH-002,ZAF,MED-AMX-250,14.4,72,45.0,8,0
2026-07-15,CHC-TSH-002,ZAF,MED-AMX-250,16.5,185,45.0,14,0
2026-07-16,CHC-TSH-002,ZAF,MED-AMX-250,16.1,29,7.2,3,0
2026-07-17,CHC-TSH-002,ZAF,MED-AMX-250,10.9,76,45.0,11,0
2026-07-18,CHC-TSH-002,ZAF,MED-AMX-250,14.4,52,45.0,9,0
2026-07-19,CHC-TSH-002,ZAF,MED-AMX-250,19.9,55,45.0,5,1
2026-07-20,CHC-TSH-002,ZAF,MED-AMX-250,14.2,27,0.1,1,0
2026-07-21,CHC-TSH-002,ZAF,MED-AMX-250,13.3,94,45.0,9,0
2026-07-22,CHC-TSH-002,ZAF,MED-AMX-250,19.1,153,45.0,11,0
2026-07-23,CHC-TSH-002,ZAF,MED-AMX-250,7.7,78,45.0,8,0
2026-07-24,CHC-TSH-002,ZAF,MED-AMX-250,15.7,167,2.2,2,0
2026-07-25,CHC-TSH-002,ZAF,MED-AMX-250,12.9,42,45.0,5,0
2026-07-26,CHC-TSH-002,ZAF,MED-AMX-250,13.5,73,3.8,3,1
2026-07-27,CHC-TSH-002,ZAF,MED-AMX-250,14.6,75,45.0,3,0
2026-07-28,CHC-TSH-002,ZAF,MED-AMX-250,13.8,54,45.0,7,0
2026-07-29,CHC-TSH-002,ZAF,MED-AMX-250,18.7,42,45.0,6,0
2026-07-30,CHC-TSH-002,ZAF,MED-AMX-250,16.4,95,2.0,3,0
2026-07-31,CHC-TSH-002,ZAF,MED-AMX-250,13.9,66,8.5,3,0
2026-08-01,CHC-TSH-002,ZAF,MED-AMX-250,11.3,132,3.6,1,0
2026-08-02,CHC-TSH-002,ZAF,MED-AMX-250,20.2,180,1.7,0,1
2026-08-03,CHC-TSH-002,ZAF,MED-AMX-250,10.0,34,0.4,1,0
2026-08-04,CHC-TSH-002,ZAF,MED-AMX-250,14.6,42,45.0,10,0
2026-08-05,CHC-TSH-002,ZAF,MED-AMX-250,14.3,169,9.3,2,0
2026-08-06,CHC-TSH-002,ZAF,MED-AMX-250,14.5,109,45.0,5,0
2026-08-07,CHC-TSH-002,ZAF,MED-AMX-250,12.5,21,9.1,3,0
2026-08-08,CHC-TSH-002,ZAF,MED-AMX-250,12.2,75,45.0,14,0
2026-08-09,CHC-TSH-002,ZAF,MED-AMX-250,15.4,32,6.9,2,1
2026-08-10,CHC-TSH-002,ZAF,MED-AMX-250,15.7,114,1.7,0,0
2026-08-11,CHC-TSH-002,ZAF,MED-AMX-250,16.0,162,45.0,2,0
2026-08-12,CHC-TSH-002,ZAF,MED-AMX-250,14.0,21,8.1,4,0
2026-08-13,CHC-TSH-002,ZAF,MED-AMX-250,12.8,99,45.0,7,0
2026-08-14,CHC-TSH-002,ZAF,MED-AMX-250,17.2,72,2.6,3,0
2026-08-15,CHC-TSH-002,ZAF,MED-AMX-250,7.5,70,0.9,1,0
2026-08-16,CHC-TSH-002,ZAF,MED-AMX-250,9.0,51,6.6,2,1
2026-08-17,CHC-TSH-002,ZAF,MED-AMX-250,16.1,27,45.0,7,0
2026-06-19,CHC-TSH-002,ZAF,MED-ORS-PKG,33.1,320,1.1,1,0
2026-06-20,CHC-TSH-002,ZAF,MED-ORS-PKG,53.2,267,4.5,1,0
2026-06-21,CHC-TSH-002,ZAF,MED-ORS-PKG,37.9,293,4.9,3,1
2026-06-22,CHC-TSH-002,ZAF,MED-ORS-PKG,50.5,595,4.3,1,0
2026-06-23,CHC-TSH-002,ZAF,MED-ORS-PKG,75.1,190,7.1,0,0
2026-06-24,CHC-TSH-002,ZAF,MED-ORS-PKG,72.8,835,2.2,1,0
2026-06-25,CHC-TSH-002,ZAF,MED-ORS-PKG,64.2,520,45.0,9,0
2026-06-26,CHC-TSH-002,ZAF,MED-ORS-PKG,58.6,697,3.0,4,0
2026-06-27,CHC-TSH-002,ZAF,MED-ORS-PKG,44.3,241,6.5,2,0
2026-06-28,CHC-TSH-002,ZAF,MED-ORS-PKG,61.5,673,2.7,3,1
2026-06-29,CHC-TSH-002,ZAF,MED-ORS-PKG,56.7,129,5.3,2,0
2026-06-30,CHC-TSH-002,ZAF,MED-ORS-PKG,78.1,285,45.0,7,0
2026-07-01,CHC-TSH-002,ZAF,MED-ORS-PKG,77.1,836,45.0,10,0
2026-07-02,CHC-TSH-002,ZAF,MED-ORS-PKG,47.9,203,1.4,0,0
2026-07-03,CHC-TSH-002,ZAF,MED-ORS-PKG,58.5,127,0.0,3,0
2026-07-04,CHC-TSH-002,ZAF,MED-ORS-PKG,61.9,612,45.0,8,0
2026-07-05,CHC-TSH-002,ZAF,MED-ORS-PKG,68.3,111,45.0,5,1
2026-07-06,CHC-TSH-002,ZAF,MED-ORS-PKG,66.5,499,45.0,7,0
2026-07-07,CHC-TSH-002,ZAF,MED-ORS-PKG,54.7,618,45.0,8,0
2026-07-08,CHC-TSH-002,ZAF,MED-ORS-PKG,66.8,641,45.0,8,0
2026-07-09,CHC-TSH-002,ZAF,MED-ORS-PKG,43.7,321,0.4,2,0
2026-07-10,CHC-TSH-002,ZAF,MED-ORS-PKG,42.4,153,1.1,1,0
2026-07-11,CHC-TSH-002,ZAF,MED-ORS-PKG,41.0,172,6.6,2,0
2026-07-12,CHC-TSH-002,ZAF,MED-ORS-PKG,86.3,1029,45.0,5,1
2026-07-13,CHC-TSH-002,ZAF,MED-ORS-PKG,66.8,231,45.0,7,0
2026-07-14,CHC-TSH-002,ZAF,MED-ORS-PKG,54.3,633,0.9,2,0
2026-07-15,CHC-TSH-002,ZAF,MED-ORS-PKG,68.1,569,45.0,14,0
2026-07-16,CHC-TSH-002,ZAF,MED-ORS-PKG,32.0,60,2.4,1,0
2026-07-17,CHC-TSH-002,ZAF,MED-ORS-PKG,65.3,166,45.0,8,0
2026-07-18,CHC-TSH-002,ZAF,MED-ORS-PKG,53.3,602,9.0,2,0
2026-07-19,CHC-TSH-002,ZAF,MED-ORS-PKG,66.1,337,45.0,6,1
2026-07-20,CHC-TSH-002,ZAF,MED-ORS-PKG,56.8,652,3.4,0,0
2026-07-21,CHC-TSH-002,ZAF,MED-ORS-PKG,63.9,183,45.0,5,0
2026-07-22,CHC-TSH-002,ZAF,MED-ORS-PKG,41.0,140,0.2,4,0
2026-07-23,CHC-TSH-002,ZAF,MED-ORS-PKG,85.9,807,45.0,6,0
2026-07-24,CHC-TSH-002,ZAF,MED-ORS-PKG,77.3,262,45.0,6,0
2026-07-25,CHC-TSH-002,ZAF,MED-ORS-PKG,73.4,386,45.0,8,0
2026-07-26,CHC-TSH-002,ZAF,MED-ORS-PKG,71.5,426,45.0,10,1
2026-07-27,CHC-TSH-002,ZAF,MED-ORS-PKG,81.9,732,45.0,11,0
2026-07-28,CHC-TSH-002,ZAF,MED-ORS-PKG,72.8,873,45.0,8,0
2026-07-29,CHC-TSH-002,ZAF,MED-ORS-PKG,33.9,288,7.7,0,0
2026-07-30,CHC-TSH-002,ZAF,MED-ORS-PKG,70.4,183,45.0,6,0
2026-07-31,CHC-TSH-002,ZAF,MED-ORS-PKG,55.1,359,3.0,2,0
2026-08-01,CHC-TSH-002,ZAF,MED-ORS-PKG,66.7,436,7.1,0,0
2026-08-02,CHC-TSH-002,ZAF,MED-ORS-PKG,50.8,531,2.3,1,1
2026-08-03,CHC-TSH-002,ZAF,MED-ORS-PKG,57.0,596,10.4,0,0
2026-08-04,CHC-TSH-002,ZAF,MED-ORS-PKG,75.4,359,45.0,5,0
2026-08-05,CHC-TSH-002,ZAF,MED-ORS-PKG,59.8,610,2.4,2,0
2026-08-06,CHC-TSH-002,ZAF,MED-ORS-PKG,65.6,706,45.0,11,0
2026-08-07,CHC-TSH-002,ZAF,MED-ORS-PKG,44.4,433,1.9,0,0
2026-08-08,CHC-TSH-002,ZAF,MED-ORS-PKG,48.6,444,16.3,1,0
2026-08-09,CHC-TSH-002,ZAF,MED-ORS-PKG,45.4,233,2.2,2,1
2026-08-10,CHC-TSH-002,ZAF,MED-ORS-PKG,68.7,184,45.0,14,0
2026-08-11,CHC-TSH-002,ZAF,MED-ORS-PKG,57.8,317,7.1,4,0
2026-08-12,CHC-TSH-002,ZAF,MED-ORS-PKG,58.4,678,45.0,12,0
2026-08-13,CHC-TSH-002,ZAF,MED-ORS-PKG,51.1,397,4.7,3,0
2026-08-14,CHC-TSH-002,ZAF,MED-ORS-PKG,45.3,233,0.2,1,0
2026-08-15,CHC-TSH-002,ZAF,MED-ORS-PKG,50.7,161,45.0,12,0
2026-08-16,CHC-TSH-002,ZAF,MED-ORS-PKG,72.9,729,6.5,1,1
2026-08-17,CHC-TSH-002,ZAF,MED-ORS-PKG,66.3,527,45.0,6,0
2026-06-19,CHC-TSH-002,ZAF,MED-ART-60,7.1,49,5.7,1,0
2026-06-20,CHC-TSH-002,ZAF,MED-ART-60,7.1,30,45.0,14,0
2026-06-21,CHC-TSH-002,ZAF,MED-ART-60,7.4,15,7.0,1,1
2026-06-22,CHC-TSH-002,ZAF,MED-ART-60,9.2,72,45.0,5,0
2026-06-23,CHC-TSH-002,ZAF,MED-ART-60,5.4,35,3.0,3,0
2026-06-24,CHC-TSH-002,ZAF,MED-ART-60,7.6,64,45.0,6,0
2026-06-25,CHC-TSH-002,ZAF,MED-ART-60,7.7,87,0.2,3,0
2026-06-26,CHC-TSH-002,ZAF,MED-ART-60,8.1,91,1.2,1,0
2026-06-27,CHC-TSH-002,ZAF,MED-ART-60,6.4,50,5.6,3,0
2026-06-28,CHC-TSH-002,ZAF,MED-ART-60,9.3,58,1.4,2,1
2026-06-29,CHC-TSH-002,ZAF,MED-ART-60,7.3,37,0.6,2,0
2026-06-30,CHC-TSH-002,ZAF,MED-ART-60,6.4,48,45.0,7,0
2026-07-01,CHC-TSH-002,ZAF,MED-ART-60,7.7,90,28.8,8,0
2026-07-02,CHC-TSH-002,ZAF,MED-ART-60,3.7,24,1.5,0,0
2026-07-03,CHC-TSH-002,ZAF,MED-ART-60,8.5,13,6.2,4,0
2026-07-04,CHC-TSH-002,ZAF,MED-ART-60,5.1,12,0.9,1,0
2026-07-05,CHC-TSH-002,ZAF,MED-ART-60,8.9,38,2.5,2,1
2026-07-06,CHC-TSH-002,ZAF,MED-ART-60,5.6,13,45.0,5,0
2026-07-07,CHC-TSH-002,ZAF,MED-ART-60,7.4,77,4.8,3,0
2026-07-08,CHC-TSH-002,ZAF,MED-ART-60,5.7,38,8.9,1,0
2026-07-09,CHC-TSH-002,ZAF,MED-ART-60,4.5,23,45.0,9,0
2026-07-10,CHC-TSH-002,ZAF,MED-ART-60,7.9,34,2.7,2,0
2026-07-11,CHC-TSH-002,ZAF,MED-ART-60,6.3,48,0.2,1,0
2026-07-12,CHC-TSH-002,ZAF,MED-ART-60,9.9,78,0.2,0,1
2026-07-13,CHC-TSH-002,ZAF,MED-ART-60,8.5,74,3.0,3,0
2026-07-14,CHC-TSH-002,ZAF,MED-ART-60,10.2,28,5.9,2,0
2026-07-15,CHC-TSH-002,ZAF,MED-ART-60,5.2,12,45.0,10,0
2026-07-16,CHC-TSH-002,ZAF,MED-ART-60,4.3,11,1.3,3,0
2026-07-17,CHC-TSH-002,ZAF,MED-ART-60,10.8,64,45.0,10,0
2026-07-18,CHC-TSH-002,ZAF,MED-ART-60,8.5,47,0.3,1,0
2026-07-19,CHC-TSH-002,ZAF,MED-ART-60,8.0,90,45.0,9,1
2026-07-20,CHC-TSH-002,ZAF,MED-ART-60,6.9,38,2.3,3,0
2026-07-21,CHC-TSH-002,ZAF,MED-ART-60,8.0,13,8.1,4,0
2026-07-22,CHC-TSH-002,ZAF,MED-ART-60,5.7,48,5.3,1,0
2026-07-23,CHC-TSH-002,ZAF,MED-ART-60,9.2,20,6.5,3,0
2026-07-24,CHC-TSH-002,ZAF,MED-ART-60,10.0,78,5.8,2,0
2026-07-25,CHC-TSH-002,ZAF,MED-ART-60,7.3,26,14.3,6,0
2026-07-26,CHC-TSH-002,ZAF,MED-ART-60,7.5,15,11.4,1,1
2026-07-27,CHC-TSH-002,ZAF,MED-ART-60,10.6,70,15.3,1,0
2026-07-28,CHC-TSH-002,ZAF,MED-ART-60,9.9,23,0.7,1,0
2026-07-29,CHC-TSH-002,ZAF,MED-ART-60,7.5,17,0.2,1,0
2026-07-30,CHC-TSH-002,ZAF,MED-ART-60,7.5,53,3.1,1,0
2026-07-31,CHC-TSH-002,ZAF,MED-ART-60,8.0,58,3.9,4,0
2026-08-01,CHC-TSH-002,ZAF,MED-ART-60,6.5,71,45.0,8,0
2026-08-02,CHC-TSH-002,ZAF,MED-ART-60,5.9,61,6.4,2,1
2026-08-03,CHC-TSH-002,ZAF,MED-ART-60,6.7,21,8.1,3,0
2026-08-04,CHC-TSH-002,ZAF,MED-ART-60,10.0,41,3.7,2,0
2026-08-05,CHC-TSH-002,ZAF,MED-ART-60,8.1,54,0.4,3,0
2026-08-06,CHC-TSH-002,ZAF,MED-ART-60,9.7,18,2.8,1,0
2026-08-07,CHC-TSH-002,ZAF,MED-ART-60,9.0,96,45.0,8,0
2026-08-08,CHC-TSH-002,ZAF,MED-ART-60,7.5,45,3.9,3,0
2026-08-09,CHC-TSH-002,ZAF,MED-ART-60,5.8,38,28.8,6,1
2026-08-10,CHC-TSH-002,ZAF,MED-ART-60,9.8,16,45.0,11,0
2026-08-11,CHC-TSH-002,ZAF,MED-ART-60,11.2,63,2.7,1,0
2026-08-12,CHC-TSH-002,ZAF,MED-ART-60,7.3,43,45.0,6,0
2026-08-13,CHC-TSH-002,ZAF,MED-ART-60,9.3,51,45.0,11,0
2026-08-14,CHC-TSH-002,ZAF,MED-ART-60,7.4,67,45.0,6,0
2026-08-15,CHC-TSH-002,ZAF,MED-ART-60,10.4,57,2.5,2,0
2026-08-16,CHC-TSH-002,ZAF,MED-ART-60,8.5,98,45.0,8,1
2026-08-17,CHC-TSH-002,ZAF,MED-ART-60,6.4,20,45.0,7,0
2026-06-19,CHC-TSH-002,ZAF,MED-INS-REG,6.7,42,45.0,11,0
2026-06-20,CHC-TSH-002,ZAF,MED-INS-REG,9.4,43,2.2,2,0
2026-06-21,CHC-TSH-002,ZAF,MED-INS-REG,10.2,33,45.0,9,1
2026-06-22,CHC-TSH-002,ZAF,MED-INS-REG,7.9,72,45.0,7,0
2026-06-23,CHC-TSH-002,ZAF,MED-INS-REG,6.3,54,10.0,1,0
2026-06-24,CHC-TSH-002,ZAF,MED-INS-REG,8.9,105,45.0,10,0
2026-06-25,CHC-TSH-002,ZAF,MED-INS-REG,8.9,29,1.5,1,0
2026-06-26,CHC-TSH-002,ZAF,MED-INS-REG,8.6,64,45.0,5,0
2026-06-27,CHC-TSH-002,ZAF,MED-INS-REG,3.2,20,0.9,0,0
2026-06-28,CHC-TSH-002,ZAF,MED-INS-REG,7.0,60,1.5,3,1
2026-06-29,CHC-TSH-002,ZAF,MED-INS-REG,10.5,89,5.5,2,0
2026-06-30,CHC-TSH-002,ZAF,MED-INS-REG,7.2,49,9.1,4,0
2026-07-01,CHC-TSH-002,ZAF,MED-INS-REG,8.1,43,45.0,7,0
2026-07-02,CHC-TSH-002,ZAF,MED-INS-REG,8.8,88,23.9,5,0
2026-07-03,CHC-TSH-002,ZAF,MED-INS-REG,7.0,80,45.0,12,0
2026-07-04,CHC-TSH-002,ZAF,MED-INS-REG,7.9,18,0.1,4,0
2026-07-05,CHC-TSH-002,ZAF,MED-INS-REG,7.1,59,45.0,14,1
2026-07-06,CHC-TSH-002,ZAF,MED-INS-REG,10.3,66,6.6,4,0
2026-07-07,CHC-TSH-002,ZAF,MED-INS-REG,7.9,74,7.7,2,0
2026-07-08,CHC-TSH-002,ZAF,MED-INS-REG,6.8,63,6.3,2,0
2026-07-09,CHC-TSH-002,ZAF,MED-INS-REG,8.5,83,45.0,4,0
2026-07-10,CHC-TSH-002,ZAF,MED-INS-REG,8.2,54,1.1,0,0
2026-07-11,CHC-TSH-002,ZAF,MED-INS-REG,8.6,75,45.0,5,0
2026-07-12,CHC-TSH-002,ZAF,MED-INS-REG,8.5,69,5.9,6,1
2026-07-13,CHC-TSH-002,ZAF,MED-INS-REG,10.8,109,0.5,1,0
2026-07-14,CHC-TSH-002,ZAF,MED-INS-REG,8.8,42,45.0,4,0
2026-07-15,CHC-TSH-002,ZAF,MED-INS-REG,4.0,45,0.1,1,0
2026-07-16,CHC-TSH-002,ZAF,MED-INS-REG,7.9,52,45.0,8,0
2026-07-17,CHC-TSH-002,ZAF,MED-INS-REG,11.1,49,45.0,8,0
2026-07-18,CHC-TSH-002,ZAF,MED-INS-REG,7.8,92,45.0,8,0
2026-07-19,CHC-TSH-002,ZAF,MED-INS-REG,6.0,40,11.9,1,1
2026-07-20,CHC-TSH-002,ZAF,MED-INS-REG,6.5,55,10.2,2,0
2026-07-21,CHC-TSH-002,ZAF,MED-INS-REG,9.5,36,1.6,2,0
2026-07-22,CHC-TSH-002,ZAF,MED-INS-REG,7.8,78,45.0,7,0
2026-07-23,CHC-TSH-002,ZAF,MED-INS-REG,8.0,83,14.1,4,0
2026-07-24,CHC-TSH-002,ZAF,MED-INS-REG,8.8,80,21.3,3,0
2026-07-25,CHC-TSH-002,ZAF,MED-INS-REG,11.6,25,4.2,2,0
2026-07-26,CHC-TSH-002,ZAF,MED-INS-REG,9.8,34,5.3,1,1
2026-07-27,CHC-TSH-002,ZAF,MED-INS-REG,4.3,35,45.0,6,0
2026-07-28,CHC-TSH-002,ZAF,MED-INS-REG,7.9,53,1.0,3,0
2026-07-29,CHC-TSH-002,ZAF,MED-INS-REG,7.7,55,45.0,10,0
2026-07-30,CHC-TSH-002,ZAF,MED-INS-REG,9.0,101,15.3,3,0
2026-07-31,CHC-TSH-002,ZAF,MED-INS-REG,5.3,51,0.6,4,0
2026-08-01,CHC-TSH-002,ZAF,MED-INS-REG,7.8,86,5.3,1,0
2026-08-02,CHC-TSH-002,ZAF,MED-INS-REG,7.7,81,0.9,2,1
2026-08-03,CHC-TSH-002,ZAF,MED-INS-REG,8.5,97,8.2,2,0
2026-08-04,CHC-TSH-002,ZAF,MED-INS-REG,8.4,84,0.9,5,0
2026-08-05,CHC-TSH-002,ZAF,MED-INS-REG,9.8,52,4.0,3,0
2026-08-06,CHC-TSH-002,ZAF,MED-INS-REG,8.3,19,45.0,7,0
2026-08-07,CHC-TSH-002,ZAF,MED-INS-REG,8.4,85,2.1,2,0
2026-08-08,CHC-TSH-002,ZAF,MED-INS-REG,7.9,71,45.0,5,0
2026-08-09,CHC-TSH-002,ZAF,MED-INS-REG,5.6,55,7.0,2,1
2026-08-10,CHC-TSH-002,ZAF,MED-INS-REG,6.0,19,45.0,6,0
2026-08-11,CHC-TSH-002,ZAF,MED-INS-REG,9.3,96,3.0,5,0
2026-08-12,CHC-TSH-002,ZAF,MED-INS-REG,5.9,49,0.5,3,0
2026-08-13,CHC-TSH-002,ZAF,MED-INS-REG,8.7,24,45.0,12,0
2026-08-14,CHC-TSH-002,ZAF,MED-INS-REG,9.3,29,0.6,0,0
2026-08-15,CHC-TSH-002,ZAF,MED-INS-REG,4.8,18,7.6,2,0
2026-08-16,CHC-TSH-002,ZAF,MED-INS-REG,5.1,29,45.0,9,1
2026-08-17,CHC-TSH-002,ZAF,MED-INS-REG,9.4,57,45.0,8,0
2026-06-19,CHC-TSH-003,ZAF,MED-PCM-500,49.6,88,6.9,1,0
2026-06-20,CHC-TSH-003,ZAF,MED-PCM-500,41.8,173,45.0,12,0
2026-06-21,CHC-TSH-003,ZAF,MED-PCM-500,24.5,179,3.7,5,1
2026-06-22,CHC-TSH-003,ZAF,MED-PCM-500,56.1,266,45.0,8,0
2026-06-23,CHC-TSH-003,ZAF,MED-PCM-500,48.5,122,45.0,4,0
2026-06-24,CHC-TSH-003,ZAF,MED-PCM-500,39.7,406,9.4,0,0
2026-06-25,CHC-TSH-003,ZAF,MED-PCM-500,34.2,200,7.8,1,0
2026-06-26,CHC-TSH-003,ZAF,MED-PCM-500,51.1,330,45.0,11,0
2026-06-27,CHC-TSH-003,ZAF,MED-PCM-500,35.4,376,5.9,2,0
2026-06-28,CHC-TSH-003,ZAF,MED-PCM-500,49.3,406,45.0,2,1
2026-06-29,CHC-TSH-003,ZAF,MED-PCM-500,33.3,223,2.9,2,0
2026-06-30,CHC-TSH-003,ZAF,MED-PCM-500,31.5,357,1.5,4,0
2026-07-01,CHC-TSH-003,ZAF,MED-PCM-500,39.5,176,4.1,3,0
2026-07-02,CHC-TSH-003,ZAF,MED-PCM-500,39.3,233,45.0,9,0
2026-07-03,CHC-TSH-003,ZAF,MED-PCM-500,49.3,373,45.0,16,0
2026-07-04,CHC-TSH-003,ZAF,MED-PCM-500,35.2,92,2.8,5,0
2026-07-05,CHC-TSH-003,ZAF,MED-PCM-500,33.6,134,11.2,3,1
2026-07-06,CHC-TSH-003,ZAF,MED-PCM-500,53.4,414,45.0,9,0
2026-07-07,CHC-TSH-003,ZAF,MED-PCM-500,62.9,107,45.0,5,0
2026-07-08,CHC-TSH-003,ZAF,MED-PCM-500,31.2,227,2.6,0,0
2026-07-09,CHC-TSH-003,ZAF,MED-PCM-500,35.8,197,15.4,2,0
2026-07-10,CHC-TSH-003,ZAF,MED-PCM-500,41.5,322,45.0,10,0
2026-07-11,CHC-TSH-003,ZAF,MED-PCM-500,42.8,182,3.2,2,0
2026-07-12,CHC-TSH-003,ZAF,MED-PCM-500,60.0,112,45.0,5,1
2026-07-13,CHC-TSH-003,ZAF,MED-PCM-500,33.3,390,5.0,2,0
2026-07-14,CHC-TSH-003,ZAF,MED-PCM-500,41.7,399,3.8,2,0
2026-07-15,CHC-TSH-003,ZAF,MED-PCM-500,47.1,462,6.2,3,0
2026-07-16,CHC-TSH-003,ZAF,MED-PCM-500,55.3,484,12.4,0,0
2026-07-17,CHC-TSH-003,ZAF,MED-PCM-500,36.2,324,6.7,4,0
2026-07-18,CHC-TSH-003,ZAF,MED-PCM-500,25.6,84,1.0,4,0
2026-07-19,CHC-TSH-003,ZAF,MED-PCM-500,36.2,321,5.4,4,1
2026-07-20,CHC-TSH-003,ZAF,MED-PCM-500,47.3,256,45.0,4,0
2026-07-21,CHC-TSH-003,ZAF,MED-PCM-500,25.2,269,0.2,3,0
2026-07-22,CHC-TSH-003,ZAF,MED-PCM-500,46.2,183,45.0,13,0
2026-07-23,CHC-TSH-003,ZAF,MED-PCM-500,49.2,120,45.0,9,0
2026-07-24,CHC-TSH-003,ZAF,MED-PCM-500,30.2,229,4.6,1,0
2026-07-25,CHC-TSH-003,ZAF,MED-PCM-500,28.6,154,4.9,0,0
2026-07-26,CHC-TSH-003,ZAF,MED-PCM-500,39.0,429,2.3,2,1
2026-07-27,CHC-TSH-003,ZAF,MED-PCM-500,41.2,303,9.1,1,0
2026-07-28,CHC-TSH-003,ZAF,MED-PCM-500,32.0,86,1.1,0,0
2026-07-29,CHC-TSH-003,ZAF,MED-PCM-500,31.7,144,9.9,4,0
2026-07-30,CHC-TSH-003,ZAF,MED-PCM-500,57.0,516,45.0,5,0
2026-07-31,CHC-TSH-003,ZAF,MED-PCM-500,67.2,388,45.0,14,0
2026-08-01,CHC-TSH-003,ZAF,MED-PCM-500,63.1,456,45.0,6,0
2026-08-02,CHC-TSH-003,ZAF,MED-PCM-500,44.2,327,4.4,6,1
2026-08-03,CHC-TSH-003,ZAF,MED-PCM-500,54.0,411,45.0,9,0
2026-08-04,CHC-TSH-003,ZAF,MED-PCM-500,38.4,390,1.4,0,0
2026-08-05,CHC-TSH-003,ZAF,MED-PCM-500,27.0,144,4.7,1,0
2026-08-06,CHC-TSH-003,ZAF,MED-PCM-500,41.4,113,3.3,2,0
2026-08-07,CHC-TSH-003,ZAF,MED-PCM-500,47.0,152,45.0,10,0
2026-08-08,CHC-TSH-003,ZAF,MED-PCM-500,20.1,59,12.1,2,0
2026-08-09,CHC-TSH-003,ZAF,MED-PCM-500,53.9,91,45.0,4,1
2026-08-10,CHC-TSH-003,ZAF,MED-PCM-500,49.7,110,4.7,1,0
2026-08-11,CHC-TSH-003,ZAF,MED-PCM-500,34.7,111,0.8,3,0
2026-08-12,CHC-TSH-003,ZAF,MED-PCM-500,39.7,241,19.9,1,0
2026-08-13,CHC-TSH-003,ZAF,MED-PCM-500,41.2,289,4.6,3,0
2026-08-14,CHC-TSH-003,ZAF,MED-PCM-500,39.2,80,3.8,1,0
2026-08-15,CHC-TSH-003,ZAF,MED-PCM-500,47.2,75,0.4,1,0
2026-08-16,CHC-TSH-003,ZAF,MED-PCM-500,44.6,247,1.7,3,1
2026-08-17,CHC-TSH-003,ZAF,MED-PCM-500,27.4,203,1.0,1,0
2026-06-19,CHC-TSH-003,ZAF,MED-AMX-250,12.1,124,45.0,10,0
2026-06-20,CHC-TSH-003,ZAF,MED-AMX-250,13.9,136,45.0,11,0
2026-06-21,CHC-TSH-003,ZAF,MED-AMX-250,16.7,115,0.5,1,1
2026-06-22,CHC-TSH-003,ZAF,MED-AMX-250,15.7,78,0.7,2,0
2026-06-23,CHC-TSH-003,ZAF,MED-AMX-250,16.4,50,0.9,1,0
2026-06-24,CHC-TSH-003,ZAF,MED-AMX-250,15.7,185,2.8,1,0
2026-06-25,CHC-TSH-003,ZAF,MED-AMX-250,13.4,124,1.7,2,0
2026-06-26,CHC-TSH-003,ZAF,MED-AMX-250,11.6,106,45.0,8,0
2026-06-27,CHC-TSH-003,ZAF,MED-AMX-250,18.3,176,1.5,1,0
2026-06-28,CHC-TSH-003,ZAF,MED-AMX-250,11.6,92,7.4,0,1
2026-06-29,CHC-TSH-003,ZAF,MED-AMX-250,19.3,131,45.0,10,0
2026-06-30,CHC-TSH-003,ZAF,MED-AMX-250,18.8,131,0.8,2,0
2026-07-01,CHC-TSH-003,ZAF,MED-AMX-250,15.1,92,0.1,1,0
2026-07-02,CHC-TSH-003,ZAF,MED-AMX-250,9.5,15,1.4,2,0
2026-07-03,CHC-TSH-003,ZAF,MED-AMX-250,11.2,119,1.1,1,0
2026-07-04,CHC-TSH-003,ZAF,MED-AMX-250,17.6,82,45.0,1,0
2026-07-05,CHC-TSH-003,ZAF,MED-AMX-250,13.9,127,45.0,5,1
2026-07-06,CHC-TSH-003,ZAF,MED-AMX-250,14.0,123,0.4,2,0
2026-07-07,CHC-TSH-003,ZAF,MED-AMX-250,17.5,79,0.5,2,0
2026-07-08,CHC-TSH-003,ZAF,MED-AMX-250,13.4,154,1.2,1,0
2026-07-09,CHC-TSH-003,ZAF,MED-AMX-250,16.2,135,45.0,9,0
2026-07-10,CHC-TSH-003,ZAF,MED-AMX-250,20.7,93,5.8,1,0
2026-07-11,CHC-TSH-003,ZAF,MED-AMX-250,18.1,80,1.6,2,0
2026-07-12,CHC-TSH-003,ZAF,MED-AMX-250,10.5,56,6.2,1,1
2026-07-13,CHC-TSH-003,ZAF,MED-AMX-250,16.7,72,4.2,4,0
2026-07-14,CHC-TSH-003,ZAF,MED-AMX-250,17.3,58,9.9,1,0
2026-07-15,CHC-TSH-003,ZAF,MED-AMX-250,6.9,76,1.5,2,0
2026-07-16,CHC-TSH-003,ZAF,MED-AMX-250,17.4,94,2.1,1,0
2026-07-17,CHC-TSH-003,ZAF,MED-AMX-250,16.3,41,45.0,5,0
2026-07-18,CHC-TSH-003,ZAF,MED-AMX-250,16.8,69,0.1,0,0
2026-07-19,CHC-TSH-003,ZAF,MED-AMX-250,20.6,88,45.0,4,1
2026-07-20,CHC-TSH-003,ZAF,MED-AMX-250,10.4,28,45.0,17,0
2026-07-21,CHC-TSH-003,ZAF,MED-AMX-250,14.6,135,17.4,2,0
2026-07-22,CHC-TSH-003,ZAF,MED-AMX-250,17.2,45,11.9,2,0
2026-07-23,CHC-TSH-003,ZAF,MED-AMX-250,14.4,108,45.0,9,0
2026-07-24,CHC-TSH-003,ZAF,MED-AMX-250,16.2,135,20.1,0,0
2026-07-25,CHC-TSH-003,ZAF,MED-AMX-250,16.3,193,0.5,2,0
2026-07-26,CHC-TSH-003,ZAF,MED-AMX-250,18.4,74,6.4,0,1
2026-07-27,CHC-TSH-003,ZAF,MED-AMX-250,14.6,150,3.2,3,0
2026-07-28,CHC-TSH-003,ZAF,MED-AMX-250,16.2,62,2.7,2,0
2026-07-29,CHC-TSH-003,ZAF,MED-AMX-250,15.0,64,45.0,8,0
2026-07-30,CHC-TSH-003,ZAF,MED-AMX-250,14.2,159,3.0,1,0
2026-07-31,CHC-TSH-003,ZAF,MED-AMX-250,16.3,166,45.0,6,0
2026-08-01,CHC-TSH-003,ZAF,MED-AMX-250,17.9,159,10.6,5,0
2026-08-02,CHC-TSH-003,ZAF,MED-AMX-250,18.7,159,45.0,9,1
2026-08-03,CHC-TSH-003,ZAF,MED-AMX-250,13.5,136,6.2,4,0
2026-08-04,CHC-TSH-003,ZAF,MED-AMX-250,17.1,193,8.3,1,0
2026-08-05,CHC-TSH-003,ZAF,MED-AMX-250,15.3,154,3.0,1,0
2026-08-06,CHC-TSH-003,ZAF,MED-AMX-250,14.8,99,45.0,7,0
2026-08-07,CHC-TSH-003,ZAF,MED-AMX-250,12.1,75,45.0,10,0
2026-08-08,CHC-TSH-003,ZAF,MED-AMX-250,19.6,172,0.3,1,0
2026-08-09,CHC-TSH-003,ZAF,MED-AMX-250,15.6,102,45.0,7,1
2026-08-10,CHC-TSH-003,ZAF,MED-AMX-250,11.0,25,15.7,3,0
2026-08-11,CHC-TSH-003,ZAF,MED-AMX-250,14.1,120,45.0,7,0
2026-08-12,CHC-TSH-003,ZAF,MED-AMX-250,14.0,157,8.1,0,0
2026-08-13,CHC-TSH-003,ZAF,MED-AMX-250,21.8,93,45.0,9,0
2026-08-14,CHC-TSH-003,ZAF,MED-AMX-250,13.3,110,3.2,2,0
2026-08-15,CHC-TSH-003,ZAF,MED-AMX-250,13.7,77,45.0,8,0
2026-08-16,CHC-TSH-003,ZAF,MED-AMX-250,14.5,135,3.6,0,1
2026-08-17,CHC-TSH-003,ZAF,MED-AMX-250,10.3,15,45.0,8,0
2026-06-19,CHC-TSH-003,ZAF,MED-ORS-PKG,48.3,290,2.9,2,0
2026-06-20,CHC-TSH-003,ZAF,MED-ORS-PKG,45.3,249,2.5,1,0
2026-06-21,CHC-TSH-003,ZAF,MED-ORS-PKG,42.1,79,45.0,7,1
2026-06-22,CHC-TSH-003,ZAF,MED-ORS-PKG,44.6,300,10.8,3,0
2026-06-23,CHC-TSH-003,ZAF,MED-ORS-PKG,72.7,438,45.0,14,0
2026-06-24,CHC-TSH-003,ZAF,MED-ORS-PKG,52.1,541,45.0,11,0
2026-06-25,CHC-TSH-003,ZAF,MED-ORS-PKG,54.2,419,45.0,4,0
2026-06-26,CHC-TSH-003,ZAF,MED-ORS-PKG,74.0,354,45.0,6,0
2026-06-27,CHC-TSH-003,ZAF,MED-ORS-PKG,67.8,153,45.0,8,0
2026-06-28,CHC-TSH-003,ZAF,MED-ORS-PKG,54.1,351,5.0,3,1
2026-06-29,CHC-TSH-003,ZAF,MED-ORS-PKG,52.6,370,1.5,2,0
2026-06-30,CHC-TSH-003,ZAF,MED-ORS-PKG,33.7,216,8.1,5,0
2026-07-01,CHC-TSH-003,ZAF,MED-ORS-PKG,58.3,449,12.5,0,0
2026-07-02,CHC-TSH-003,ZAF,MED-ORS-PKG,84.9,593,45.0,9,0
2026-07-03,CHC-TSH-003,ZAF,MED-ORS-PKG,46.2,159,2.7,5,0
2026-07-04,CHC-TSH-003,ZAF,MED-ORS-PKG,53.5,553,1.5,3,0
2026-07-05,CHC-TSH-003,ZAF,MED-ORS-PKG,45.9,492,1.2,1,1
2026-07-06,CHC-TSH-003,ZAF,MED-ORS-PKG,37.9,181,5.4,4,0
2026-07-07,CHC-TSH-003,ZAF,MED-ORS-PKG,80.9,371,45.0,10,0
2026-07-08,CHC-TSH-003,ZAF,MED-ORS-PKG,92.5,206,45.0,10,0
2026-07-09,CHC-TSH-003,ZAF,MED-ORS-PKG,47.6,99,2.0,0,0
2026-07-10,CHC-TSH-003,ZAF,MED-ORS-PKG,57.9,420,45.0,5,0
2026-07-11,CHC-TSH-003,ZAF,MED-ORS-PKG,77.2,849,45.0,10,0
2026-07-12,CHC-TSH-003,ZAF,MED-ORS-PKG,39.5,310,0.6,1,1
2026-07-13,CHC-TSH-003,ZAF,MED-ORS-PKG,63.8,526,45.0,8,0
2026-07-14,CHC-TSH-003,ZAF,MED-ORS-PKG,66.6,576,45.0,8,0
2026-07-15,CHC-TSH-003,ZAF,MED-ORS-PKG,59.2,600,6.5,3,0
2026-07-16,CHC-TSH-003,ZAF,MED-ORS-PKG,58.6,105,45.0,6,0
2026-07-17,CHC-TSH-003,ZAF,MED-ORS-PKG,69.9,638,45.0,3,0
2026-07-18,CHC-TSH-003,ZAF,MED-ORS-PKG,50.3,84,0.8,3,0
2026-07-19,CHC-TSH-003,ZAF,MED-ORS-PKG,64.7,319,45.0,7,1
2026-07-20,CHC-TSH-003,ZAF,MED-ORS-PKG,47.7,199,1.5,6,0
2026-07-21,CHC-TSH-003,ZAF,MED-ORS-PKG,72.3,137,7.9,2,0
2026-07-22,CHC-TSH-003,ZAF,MED-ORS-PKG,69.3,271,45.0,3,0
2026-07-23,CHC-TSH-003,ZAF,MED-ORS-PKG,78.2,516,45.0,13,0
2026-07-24,CHC-TSH-003,ZAF,MED-ORS-PKG,56.0,248,4.4,1,0
2026-07-25,CHC-TSH-003,ZAF,MED-ORS-PKG,58.0,388,3.7,2,0
2026-07-26,CHC-TSH-003,ZAF,MED-ORS-PKG,60.9,176,45.0,8,1
2026-07-27,CHC-TSH-003,ZAF,MED-ORS-PKG,64.8,123,45.0,4,0
2026-07-28,CHC-TSH-003,ZAF,MED-ORS-PKG,65.1,453,3.6,2,0
2026-07-29,CHC-TSH-003,ZAF,MED-ORS-PKG,43.8,198,1.1,2,0
2026-07-30,CHC-TSH-003,ZAF,MED-ORS-PKG,75.2,864,45.0,6,0
2026-07-31,CHC-TSH-003,ZAF,MED-ORS-PKG,74.1,805,45.0,14,0
2026-08-01,CHC-TSH-003,ZAF,MED-ORS-PKG,75.6,666,45.0,5,0
2026-08-02,CHC-TSH-003,ZAF,MED-ORS-PKG,67.5,722,45.0,5,1
2026-08-03,CHC-TSH-003,ZAF,MED-ORS-PKG,83.4,790,45.0,6,0
2026-08-04,CHC-TSH-003,ZAF,MED-ORS-PKG,39.7,180,2.3,2,0
2026-08-05,CHC-TSH-003,ZAF,MED-ORS-PKG,42.6,271,0.0,2,0
2026-08-06,CHC-TSH-003,ZAF,MED-ORS-PKG,86.3,910,45.0,10,0
2026-08-07,CHC-TSH-003,ZAF,MED-ORS-PKG,62.7,731,45.0,13,0
2026-08-08,CHC-TSH-003,ZAF,MED-ORS-PKG,89.7,547,45.0,5,0
2026-08-09,CHC-TSH-003,ZAF,MED-ORS-PKG,50.4,593,8.9,3,1
2026-08-10,CHC-TSH-003,ZAF,MED-ORS-PKG,38.6,459,1.0,0,0
2026-08-11,CHC-TSH-003,ZAF,MED-ORS-PKG,73.9,200,45.0,9,0
2026-08-12,CHC-TSH-003,ZAF,MED-ORS-PKG,28.9,61,1.3,1,0
2026-08-13,CHC-TSH-003,ZAF,MED-ORS-PKG,53.0,631,45.0,8,0
2026-08-14,CHC-TSH-003,ZAF,MED-ORS-PKG,56.5,217,1.5,2,0
2026-08-15,CHC-TSH-003,ZAF,MED-ORS-PKG,47.8,231,0.3,2,0
2026-08-16,CHC-TSH-003,ZAF,MED-ORS-PKG,49.2,99,5.9,2,1
2026-08-17,CHC-TSH-003,ZAF,MED-ORS-PKG,53.4,381,0.0,1,0
2026-06-19,CHC-TSH-003,ZAF,MED-ART-60,6.2,54,0.9,2,0
2026-06-20,CHC-TSH-003,ZAF,MED-ART-60,11.2,109,10.9,2,0
2026-06-21,CHC-TSH-003,ZAF,MED-ART-60,8.4,78,45.0,6,1
2026-06-22,CHC-TSH-003,ZAF,MED-ART-60,8.1,47,2.4,3,0
2026-06-23,CHC-TSH-003,ZAF,MED-ART-60,6.7,51,32.1,10,0
2026-06-24,CHC-TSH-003,ZAF,MED-ART-60,6.6,60,45.0,10,0
2026-06-25,CHC-TSH-003,ZAF,MED-ART-60,8.4,76,4.9,2,0
2026-06-26,CHC-TSH-003,ZAF,MED-ART-60,9.8,90,3.1,2,0
2026-06-27,CHC-TSH-003,ZAF,MED-ART-60,7.4,14,45.0,9,0
2026-06-28,CHC-TSH-003,ZAF,MED-ART-60,6.9,27,2.0,1,1
2026-06-29,CHC-TSH-003,ZAF,MED-ART-60,8.9,57,45.0,10,0
2026-06-30,CHC-TSH-003,ZAF,MED-ART-60,8.7,19,45.0,8,0
2026-07-01,CHC-TSH-003,ZAF,MED-ART-60,13.4,142,2.2,4,0
2026-07-02,CHC-TSH-003,ZAF,MED-ART-60,10.8,59,45.0,11,0
2026-07-03,CHC-TSH-003,ZAF,MED-ART-60,8.7,101,5.2,1,0
2026-07-04,CHC-TSH-003,ZAF,MED-ART-60,9.1,22,6.2,2,0
2026-07-05,CHC-TSH-003,ZAF,MED-ART-60,8.0,15,45.0,11,1
2026-07-06,CHC-TSH-003,ZAF,MED-ART-60,8.9,95,2.4,2,0
2026-07-07,CHC-TSH-003,ZAF,MED-ART-60,6.4,27,3.1,2,0
2026-07-08,CHC-TSH-003,ZAF,MED-ART-60,8.7,103,1.1,1,0
2026-07-09,CHC-TSH-003,ZAF,MED-ART-60,8.0,74,4.8,0,0
2026-07-10,CHC-TSH-003,ZAF,MED-ART-60,6.8,47,0.2,3,0
2026-07-11,CHC-TSH-003,ZAF,MED-ART-60,10.0,15,0.0,3,0
2026-07-12,CHC-TSH-003,ZAF,MED-ART-60,6.6,77,0.4,2,1
2026-07-13,CHC-TSH-003,ZAF,MED-ART-60,5.9,13,3.3,3,0
2026-07-14,CHC-TSH-003,ZAF,MED-ART-60,8.1,51,45.0,6,0
2026-07-15,CHC-TSH-003,ZAF,MED-ART-60,8.9,59,45.0,11,0
2026-07-16,CHC-TSH-003,ZAF,MED-ART-60,8.7,22,45.0,8,0
2026-07-17,CHC-TSH-003,ZAF,MED-ART-60,7.0,53,18.3,6,0
2026-07-18,CHC-TSH-003,ZAF,MED-ART-60,11.0,23,3.4,1,0
2026-07-19,CHC-TSH-003,ZAF,MED-ART-60,7.8,86,45.0,7,1
2026-07-20,CHC-TSH-003,ZAF,MED-ART-60,7.5,75,1.6,0,0
2026-07-21,CHC-TSH-003,ZAF,MED-ART-60,8.4,27,0.4,2,0
2026-07-22,CHC-TSH-003,ZAF,MED-ART-60,10.4,85,45.0,4,0
2026-07-23,CHC-TSH-003,ZAF,MED-ART-60,11.3,48,0.4,1,0
2026-07-24,CHC-TSH-003,ZAF,MED-ART-60,7.0,61,45.0,10,0
2026-07-25,CHC-TSH-003,ZAF,MED-ART-60,6.5,74,3.5,3,0
2026-07-26,CHC-TSH-003,ZAF,MED-ART-60,8.2,41,45.0,7,1
2026-07-27,CHC-TSH-003,ZAF,MED-ART-60,7.8,63,3.9,2,0
2026-07-28,CHC-TSH-003,ZAF,MED-ART-60,7.9,16,9.8,0,0
2026-07-29,CHC-TSH-003,ZAF,MED-ART-60,10.1,17,45.0,4,0
2026-07-30,CHC-TSH-003,ZAF,MED-ART-60,8.2,50,3.4,3,0
2026-07-31,CHC-TSH-003,ZAF,MED-ART-60,5.3,27,1.7,1,0
2026-08-01,CHC-TSH-003,ZAF,MED-ART-60,7.4,42,7.1,3,0
2026-08-02,CHC-TSH-003,ZAF,MED-ART-60,7.6,27,45.0,6,1
2026-08-03,CHC-TSH-003,ZAF,MED-ART-60,9.0,42,5.7,2,0
2026-08-04,CHC-TSH-003,ZAF,MED-ART-60,4.4,19,12.2,3,0
2026-08-05,CHC-TSH-003,ZAF,MED-ART-60,6.5,49,1.8,0,0
2026-08-06,CHC-TSH-003,ZAF,MED-ART-60,8.7,83,2.8,1,0
2026-08-07,CHC-TSH-003,ZAF,MED-ART-60,9.2,88,45.0,7,0
2026-08-08,CHC-TSH-003,ZAF,MED-ART-60,6.1,22,8.6,1,0
2026-08-09,CHC-TSH-003,ZAF,MED-ART-60,6.5,77,28.2,9,1
2026-08-10,CHC-TSH-003,ZAF,MED-ART-60,5.6,56,8.2,0,0
2026-08-11,CHC-TSH-003,ZAF,MED-ART-60,7.4,80,6.7,3,0
2026-08-12,CHC-TSH-003,ZAF,MED-ART-60,9.2,83,45.0,10,0
2026-08-13,CHC-TSH-003,ZAF,MED-ART-60,10.8,118,5.5,3,0
2026-08-14,CHC-TSH-003,ZAF,MED-ART-60,5.7,44,0.6,1,0
2026-08-15,CHC-TSH-003,ZAF,MED-ART-60,7.0,60,45.0,3,0
2026-08-16,CHC-TSH-003,ZAF,MED-ART-60,7.2,77,13.3,3,1
2026-08-17,CHC-TSH-003,ZAF,MED-ART-60,8.0,84,8.7,3,0
2026-06-19,CHC-TSH-003,ZAF,MED-INS-REG,9.5,73,45.0,10,0
2026-06-20,CHC-TSH-003,ZAF,MED-INS-REG,7.4,47,45.0,13,0
2026-06-21,CHC-TSH-003,ZAF,MED-INS-REG,8.0,58,45.0,9,1
2026-06-22,CHC-TSH-003,ZAF,MED-INS-REG,9.8,54,3.0,2,0
2026-06-23,CHC-TSH-003,ZAF,MED-INS-REG,6.6,52,9.1,3,0
2026-06-24,CHC-TSH-003,ZAF,MED-INS-REG,7.9,79,5.2,4,0
2026-06-25,CHC-TSH-003,ZAF,MED-INS-REG,8.2,49,2.4,3,0
2026-06-26,CHC-TSH-003,ZAF,MED-INS-REG,9.9,78,1.3,3,0
2026-06-27,CHC-TSH-003,ZAF,MED-INS-REG,10.2,62,45.0,3,0
2026-06-28,CHC-TSH-003,ZAF,MED-INS-REG,6.6,48,7.1,2,1
2026-06-29,CHC-TSH-003,ZAF,MED-INS-REG,8.6,88,45.0,13,0
2026-06-30,CHC-TSH-003,ZAF,MED-INS-REG,6.4,10,13.8,0,0
2026-07-01,CHC-TSH-003,ZAF,MED-INS-REG,9.9,103,45.0,7,0
2026-07-02,CHC-TSH-003,ZAF,MED-INS-REG,6.2,13,0.1,2,0
2026-07-03,CHC-TSH-003,ZAF,MED-INS-REG,6.5,37,45.0,6,0
2026-07-04,CHC-TSH-003,ZAF,MED-INS-REG,9.8,31,1.0,1,0
2026-07-05,CHC-TSH-003,ZAF,MED-INS-REG,6.2,52,4.4,6,1
2026-07-06,CHC-TSH-003,ZAF,MED-INS-REG,5.5,28,9.2,1,0
2026-07-07,CHC-TSH-003,ZAF,MED-INS-REG,7.4,49,7.8,2,0
2026-07-08,CHC-TSH-003,ZAF,MED-INS-REG,7.6,66,45.0,10,0
2026-07-09,CHC-TSH-003,ZAF,MED-INS-REG,6.0,22,45.0,7,0
2026-07-10,CHC-TSH-003,ZAF,MED-INS-REG,7.9,75,0.8,2,0
2026-07-11,CHC-TSH-003,ZAF,MED-INS-REG,8.4,89,5.8,0,0
2026-07-12,CHC-TSH-003,ZAF,MED-INS-REG,8.2,98,6.3,1,1
2026-07-13,CHC-TSH-003,ZAF,MED-INS-REG,8.6,80,3.4,0,0
2026-07-14,CHC-TSH-003,ZAF,MED-INS-REG,7.8,87,45.0,10,0
2026-07-15,CHC-TSH-003,ZAF,MED-INS-REG,10.8,98,3.5,3,0
2026-07-16,CHC-TSH-003,ZAF,MED-INS-REG,5.3,21,45.0,5,0
2026-07-17,CHC-TSH-003,ZAF,MED-INS-REG,9.4,99,0.3,1,0
2026-07-18,CHC-TSH-003,ZAF,MED-INS-REG,7.6,42,8.3,2,0
2026-07-19,CHC-TSH-003,ZAF,MED-INS-REG,7.6,11,0.3,0,1
2026-07-20,CHC-TSH-003,ZAF,MED-INS-REG,9.7,101,3.9,3,0
2026-07-21,CHC-TSH-003,ZAF,MED-INS-REG,8.7,93,2.1,1,0
2026-07-22,CHC-TSH-003,ZAF,MED-INS-REG,7.2,70,1.4,1,0
2026-07-23,CHC-TSH-003,ZAF,MED-INS-REG,6.2,57,4.9,1,0
2026-07-24,CHC-TSH-003,ZAF,MED-INS-REG,7.7,15,45.0,8,0
2026-07-25,CHC-TSH-003,ZAF,MED-INS-REG,7.9,17,16.0,1,0
2026-07-26,CHC-TSH-003,ZAF,MED-INS-REG,6.8,29,45.0,11,1
2026-07-27,CHC-TSH-003,ZAF,MED-INS-REG,5.5,12,0.2,5,0
2026-07-28,CHC-TSH-003,ZAF,MED-INS-REG,9.6,113,4.6,4,0
2026-07-29,CHC-TSH-003,ZAF,MED-INS-REG,8.0,25,45.0,5,0
2026-07-30,CHC-TSH-003,ZAF,MED-INS-REG,8.6,92,45.0,9,0
2026-07-31,CHC-TSH-003,ZAF,MED-INS-REG,8.5,73,45.0,6,0
2026-08-01,CHC-TSH-003,ZAF,MED-INS-REG,9.5,71,18.5,1,0
2026-08-02,CHC-TSH-003,ZAF,MED-INS-REG,8.8,91,14.6,1,1
2026-08-03,CHC-TSH-003,ZAF,MED-INS-REG,8.1,85,3.0,2,0
2026-08-04,CHC-TSH-003,ZAF,MED-INS-REG,10.1,103,45.0,5,0
2026-08-05,CHC-TSH-003,ZAF,MED-INS-REG,10.0,98,2.9,0,0
2026-08-06,CHC-TSH-003,ZAF,MED-INS-REG,6.8,53,1.4,1,0
2026-08-07,CHC-TSH-003,ZAF,MED-INS-REG,8.3,76,45.0,4,0
2026-08-08,CHC-TSH-003,ZAF,MED-INS-REG,8.9,15,45.0,7,0
2026-08-09,CHC-TSH-003,ZAF,MED-INS-REG,8.1,84,45.0,9,1
2026-08-10,CHC-TSH-003,ZAF,MED-INS-REG,6.7,50,45.0,7,0
2026-08-11,CHC-TSH-003,ZAF,MED-INS-REG,7.2,60,9.9,4,0
2026-08-12,CHC-TSH-003,ZAF,MED-INS-REG,6.1,71,9.9,1,0
2026-08-13,CHC-TSH-003,ZAF,MED-INS-REG,8.6,20,45.0,7,0
2026-08-14,CHC-TSH-003,ZAF,MED-INS-REG,7.3,29,3.0,1,0
2026-08-15,CHC-TSH-003,ZAF,MED-INS-REG,10.4,64,45.0,6,0
2026-08-16,CHC-TSH-003,ZAF,MED-INS-REG,5.4,33,0.5,0,1
2026-08-17,CHC-TSH-003,ZAF,MED-INS-REG,5.8,51,2.2,1,0
2026-06-19,CHC-TSH-004,ZAF,MED-PCM-500,30.2,148,0.4,1,0
2026-06-20,CHC-TSH-004,ZAF,MED-PCM-500,57.7,450,45.0,13,0
2026-06-21,CHC-TSH-004,ZAF,MED-PCM-500,53.5,111,45.0,7,1
2026-06-22,CHC-TSH-004,ZAF,MED-PCM-500,41.1,107,3.2,4,0
2026-06-23,CHC-TSH-004,ZAF,MED-PCM-500,40.5,112,15.9,5,0
2026-06-24,CHC-TSH-004,ZAF,MED-PCM-500,33.1,225,6.1,0,0
2026-06-25,CHC-TSH-004,ZAF,MED-PCM-500,54.4,479,45.0,8,0
2026-06-26,CHC-TSH-004,ZAF,MED-PCM-500,38.5,422,4.8,0,0
2026-06-27,CHC-TSH-004,ZAF,MED-PCM-500,53.1,86,45.0,11,0
2026-06-28,CHC-TSH-004,ZAF,MED-PCM-500,49.1,213,4.7,3,1
2026-06-29,CHC-TSH-004,ZAF,MED-PCM-500,52.6,331,45.0,11,0
2026-06-30,CHC-TSH-004,ZAF,MED-PCM-500,38.3,340,45.0,10,0
2026-07-01,CHC-TSH-004,ZAF,MED-PCM-500,46.2,376,4.7,2,0
2026-07-02,CHC-TSH-004,ZAF,MED-PCM-500,30.8,77,2.5,3,0
2026-07-03,CHC-TSH-004,ZAF,MED-PCM-500,37.7,384,0.9,1,0
2026-07-04,CHC-TSH-004,ZAF,MED-PCM-500,38.2,437,6.5,1,0
2026-07-05,CHC-TSH-004,ZAF,MED-PCM-500,49.1,289,4.5,2,1
2026-07-06,CHC-TSH-004,ZAF,MED-PCM-500,51.0,248,1.5,1,0
2026-07-07,CHC-TSH-004,ZAF,MED-PCM-500,60.3,640,45.0,11,0
2026-07-08,CHC-TSH-004,ZAF,MED-PCM-500,46.2,317,45.0,8,0
2026-07-09,CHC-TSH-004,ZAF,MED-PCM-500,46.9,529,45.0,5,0
2026-07-10,CHC-TSH-004,ZAF,MED-PCM-500,39.1,314,4.7,6,0
2026-07-11,CHC-TSH-004,ZAF,MED-PCM-500,45.9,114,0.1,2,0
2026-07-12,CHC-TSH-004,ZAF,MED-PCM-500,42.5,79,45.0,8,1
2026-07-13,CHC-TSH-004,ZAF,MED-PCM-500,36.3,239,0.8,1,0
2026-07-14,CHC-TSH-004,ZAF,MED-PCM-500,48.1,392,45.0,5,0
2026-07-15,CHC-TSH-004,ZAF,MED-PCM-500,60.0,396,45.0,5,0
2026-07-16,CHC-TSH-004,ZAF,MED-PCM-500,49.2,372,45.0,3,0
2026-07-17,CHC-TSH-004,ZAF,MED-PCM-500,36.6,234,0.7,2,0
2026-07-18,CHC-TSH-004,ZAF,MED-PCM-500,45.2,209,45.0,11,0
2026-07-19,CHC-TSH-004,ZAF,MED-PCM-500,44.1,73,8.0,1,1
2026-07-20,CHC-TSH-004,ZAF,MED-PCM-500,37.4,253,3.0,2,0
2026-07-21,CHC-TSH-004,ZAF,MED-PCM-500,22.9,68,4.6,2,0
2026-07-22,CHC-TSH-004,ZAF,MED-PCM-500,45.3,479,1.6,1,0
2026-07-23,CHC-TSH-004,ZAF,MED-PCM-500,50.2,440,7.0,5,0
2026-07-24,CHC-TSH-004,ZAF,MED-PCM-500,30.0,84,1.2,2,0
2026-07-25,CHC-TSH-004,ZAF,MED-PCM-500,48.8,74,45.0,11,0
2026-07-26,CHC-TSH-004,ZAF,MED-PCM-500,54.3,632,45.0,10,1
2026-07-27,CHC-TSH-004,ZAF,MED-PCM-500,54.8,423,45.0,6,0
2026-07-28,CHC-TSH-004,ZAF,MED-PCM-500,55.2,599,45.0,9,0
2026-07-29,CHC-TSH-004,ZAF,MED-PCM-500,64.4,189,45.0,10,0
2026-07-30,CHC-TSH-004,ZAF,MED-PCM-500,29.4,287,7.6,3,0
2026-07-31,CHC-TSH-004,ZAF,MED-PCM-500,45.5,488,45.0,5,0
2026-08-01,CHC-TSH-004,ZAF,MED-PCM-500,38.6,375,2.5,3,0
2026-08-02,CHC-TSH-004,ZAF,MED-PCM-500,39.4,344,1.1,1,1
2026-08-03,CHC-TSH-004,ZAF,MED-PCM-500,39.8,204,18.2,2,0
2026-08-04,CHC-TSH-004,ZAF,MED-PCM-500,27.4,73,2.5,2,0
2026-08-05,CHC-TSH-004,ZAF,MED-PCM-500,50.7,413,45.0,5,0
2026-08-06,CHC-TSH-004,ZAF,MED-PCM-500,28.6,233,5.5,4,0
2026-08-07,CHC-TSH-004,ZAF,MED-PCM-500,52.2,271,45.0,8,0
2026-08-08,CHC-TSH-004,ZAF,MED-PCM-500,44.7,374,1.2,1,0
2026-08-09,CHC-TSH-004,ZAF,MED-PCM-500,47.9,447,21.3,3,1
2026-08-10,CHC-TSH-004,ZAF,MED-PCM-500,58.7,391,45.0,6,0
2026-08-11,CHC-TSH-004,ZAF,MED-PCM-500,59.6,186,45.0,8,0
2026-08-12,CHC-TSH-004,ZAF,MED-PCM-500,34.6,411,0.2,1,0
2026-08-13,CHC-TSH-004,ZAF,MED-PCM-500,42.8,212,6.7,1,0
2026-08-14,CHC-TSH-004,ZAF,MED-PCM-500,36.2,174,1.9,4,0
2026-08-15,CHC-TSH-004,ZAF,MED-PCM-500,45.5,490,45.0,8,0
2026-08-16,CHC-TSH-004,ZAF,MED-PCM-500,57.2,221,45.0,7,1
2026-08-17,CHC-TSH-004,ZAF,MED-PCM-500,52.1,340,18.0,4,0
2026-06-19,CHC-TSH-004,ZAF,MED-AMX-250,12.7,140,45.0,3,0
2026-06-20,CHC-TSH-004,ZAF,MED-AMX-250,17.2,149,45.0,10,0
2026-06-21,CHC-TSH-004,ZAF,MED-AMX-250,17.2,73,45.0,11,1
2026-06-22,CHC-TSH-004,ZAF,MED-AMX-250,18.4,148,3.7,0,0
2026-06-23,CHC-TSH-004,ZAF,MED-AMX-250,19.0,68,1.0,4,0
2026-06-24,CHC-TSH-004,ZAF,MED-AMX-250,12.0,27,4.6,1,0
2026-06-25,CHC-TSH-004,ZAF,MED-AMX-250,12.4,70,7.0,4,0
2026-06-26,CHC-TSH-004,ZAF,MED-AMX-250,18.5,159,45.0,12,0
2026-06-27,CHC-TSH-004,ZAF,MED-AMX-250,12.7,105,45.0,10,0
2026-06-28,CHC-TSH-004,ZAF,MED-AMX-250,13.5,155,4.9,2,1
2026-06-29,CHC-TSH-004,ZAF,MED-AMX-250,15.2,145,45.0,6,0
2026-06-30,CHC-TSH-004,ZAF,MED-AMX-250,17.7,183,45.0,3,0
2026-07-01,CHC-TSH-004,ZAF,MED-AMX-250,13.5,107,0.8,2,0
2026-07-02,CHC-TSH-004,ZAF,MED-AMX-250,15.6,121,0.7,1,0
2026-07-03,CHC-TSH-004,ZAF,MED-AMX-250,18.3,47,45.0,15,0
2026-07-04,CHC-TSH-004,ZAF,MED-AMX-250,16.1,131,45.0,9,0
2026-07-05,CHC-TSH-004,ZAF,MED-AMX-250,11.5,35,2.2,5,1
2026-07-06,CHC-TSH-004,ZAF,MED-AMX-250,13.7,52,2.1,2,0
2026-07-07,CHC-TSH-004,ZAF,MED-AMX-250,10.8,105,45.0,16,0
2026-07-08,CHC-TSH-004,ZAF,MED-AMX-250,13.9,149,0.0,0,0
2026-07-09,CHC-TSH-004,ZAF,MED-AMX-250,19.7,83,11.6,2,0
2026-07-10,CHC-TSH-004,ZAF,MED-AMX-250,18.2,113,9.4,1,0
2026-07-11,CHC-TSH-004,ZAF,MED-AMX-250,17.1,177,4.5,1,0
2026-07-12,CHC-TSH-004,ZAF,MED-AMX-250,14.6,144,45.0,11,1
2026-07-13,CHC-TSH-004,ZAF,MED-AMX-250,17.9,143,12.7,1,0
2026-07-14,CHC-TSH-004,ZAF,MED-AMX-250,15.9,190,0.4,1,0
2026-07-15,CHC-TSH-004,ZAF,MED-AMX-250,16.4,103,45.0,5,0
2026-07-16,CHC-TSH-004,ZAF,MED-AMX-250,14.6,157,2.3,2,0
2026-07-17,CHC-TSH-004,ZAF,MED-AMX-250,13.0,128,20.1,1,0
2026-07-18,CHC-TSH-004,ZAF,MED-AMX-250,14.3,64,45.0,18,0
2026-07-19,CHC-TSH-004,ZAF,MED-AMX-250,14.3,29,45.0,12,1
2026-07-20,CHC-TSH-004,ZAF,MED-AMX-250,16.5,97,3.3,0,0
2026-07-21,CHC-TSH-004,ZAF,MED-AMX-250,14.8,98,3.0,3,0
2026-07-22,CHC-TSH-004,ZAF,MED-AMX-250,15.9,64,2.4,2,0
2026-07-23,CHC-TSH-004,ZAF,MED-AMX-250,15.7,29,7.9,1,0
2026-07-24,CHC-TSH-004,ZAF,MED-AMX-250,16.9,25,45.0,6,0
2026-07-25,CHC-TSH-004,ZAF,MED-AMX-250,16.0,119,45.0,4,0
2026-07-26,CHC-TSH-004,ZAF,MED-AMX-250,17.4,177,45.0,8,1
2026-07-27,CHC-TSH-004,ZAF,MED-AMX-250,10.8,70,45.0,6,0
2026-07-28,CHC-TSH-004,ZAF,MED-AMX-250,15.4,79,0.1,0,0
2026-07-29,CHC-TSH-004,ZAF,MED-AMX-250,21.4,70,45.0,10,0
2026-07-30,CHC-TSH-004,ZAF,MED-AMX-250,21.2,125,45.0,9,0
2026-07-31,CHC-TSH-004,ZAF,MED-AMX-250,13.9,93,0.7,2,0
2026-08-01,CHC-TSH-004,ZAF,MED-AMX-250,16.4,155,45.0,3,0
2026-08-02,CHC-TSH-004,ZAF,MED-AMX-250,14.2,56,10.2,1,1
2026-08-03,CHC-TSH-004,ZAF,MED-AMX-250,6.0,61,3.4,0,0
2026-08-04,CHC-TSH-004,ZAF,MED-AMX-250,13.1,25,0.6,2,0
2026-08-05,CHC-TSH-004,ZAF,MED-AMX-250,16.4,164,45.0,3,0
2026-08-06,CHC-TSH-004,ZAF,MED-AMX-250,15.5,125,1.9,3,0
2026-08-07,CHC-TSH-004,ZAF,MED-AMX-250,17.5,103,5.8,1,0
2026-08-08,CHC-TSH-004,ZAF,MED-AMX-250,12.1,84,6.4,5,0
2026-08-09,CHC-TSH-004,ZAF,MED-AMX-250,10.4,109,3.5,2,1
2026-08-10,CHC-TSH-004,ZAF,MED-AMX-250,17.2,109,0.9,2,0
2026-08-11,CHC-TSH-004,ZAF,MED-AMX-250,14.2,99,45.0,7,0
2026-08-12,CHC-TSH-004,ZAF,MED-AMX-250,16.3,194,45.0,10,0
2026-08-13,CHC-TSH-004,ZAF,MED-AMX-250,13.7,82,45.0,9,0
2026-08-14,CHC-TSH-004,ZAF,MED-AMX-250,18.0,57,45.0,7,0
2026-08-15,CHC-TSH-004,ZAF,MED-AMX-250,11.9,94,45.0,12,0
2026-08-16,CHC-TSH-004,ZAF,MED-AMX-250,13.2,65,5.9,2,1
2026-08-17,CHC-TSH-004,ZAF,MED-AMX-250,12.0,48,45.0,9,0
2026-06-19,CHC-TSH-004,ZAF,MED-ORS-PKG,52.7,524,1.5,1,0
2026-06-20,CHC-TSH-004,ZAF,MED-ORS-PKG,52.4,185,45.0,9,0
2026-06-21,CHC-TSH-004,ZAF,MED-ORS-PKG,54.9,545,9.0,3,1
2026-06-22,CHC-TSH-004,ZAF,MED-ORS-PKG,63.1,287,10.0,1,0
2026-06-23,CHC-TSH-004,ZAF,MED-ORS-PKG,52.5,550,5.8,5,0
2026-06-24,CHC-TSH-004,ZAF,MED-ORS-PKG,32.3,277,6.1,1,0
2026-06-25,CHC-TSH-004,ZAF,MED-ORS-PKG,67.3,568,45.0,7,0
2026-06-26,CHC-TSH-004,ZAF,MED-ORS-PKG,53.0,418,16.0,2,0
2026-06-27,CHC-TSH-004,ZAF,MED-ORS-PKG,51.0,252,5.2,0,0
2026-06-28,CHC-TSH-004,ZAF,MED-ORS-PKG,61.1,523,10.1,0,1
2026-06-29,CHC-TSH-004,ZAF,MED-ORS-PKG,55.7,337,45.0,7,0
2026-06-30,CHC-TSH-004,ZAF,MED-ORS-PKG,61.3,301,45.0,8,0
2026-07-01,CHC-TSH-004,ZAF,MED-ORS-PKG,46.0,225,5.6,0,0
2026-07-02,CHC-TSH-004,ZAF,MED-ORS-PKG,47.2,94,14.3,0,0
2026-07-03,CHC-TSH-004,ZAF,MED-ORS-PKG,42.1,423,5.0,5,0
2026-07-04,CHC-TSH-004,ZAF,MED-ORS-PKG,41.5,237,0.4,2,0
2026-07-05,CHC-TSH-004,ZAF,MED-ORS-PKG,55.5,487,3.5,0,1
2026-07-06,CHC-TSH-004,ZAF,MED-ORS-PKG,76.9,576,8.6,2,0
2026-07-07,CHC-TSH-004,ZAF,MED-ORS-PKG,84.2,312,2.0,2,0
2026-07-08,CHC-TSH-004,ZAF,MED-ORS-PKG,67.4,299,45.0,7,0
2026-07-09,CHC-TSH-004,ZAF,MED-ORS-PKG,38.8,99,45.0,7,0
2026-07-10,CHC-TSH-004,ZAF,MED-ORS-PKG,65.6,690,45.0,10,0
2026-07-11,CHC-TSH-004,ZAF,MED-ORS-PKG,67.2,705,45.0,10,0
2026-07-12,CHC-TSH-004,ZAF,MED-ORS-PKG,61.3,184,45.0,8,1
2026-07-13,CHC-TSH-004,ZAF,MED-ORS-PKG,74.7,293,4.4,1,0
2026-07-14,CHC-TSH-004,ZAF,MED-ORS-PKG,45.3,145,0.8,0,0
2026-07-15,CHC-TSH-004,ZAF,MED-ORS-PKG,70.6,214,45.0,5,0
2026-07-16,CHC-TSH-004,ZAF,MED-ORS-PKG,71.5,290,45.0,10,0
2026-07-17,CHC-TSH-004,ZAF,MED-ORS-PKG,78.9,775,45.0,11,0
2026-07-18,CHC-TSH-004,ZAF,MED-ORS-PKG,50.6,346,4.0,0,0
2026-07-19,CHC-TSH-004,ZAF,MED-ORS-PKG,69.5,531,45.0,7,1
2026-07-20,CHC-TSH-004,ZAF,MED-ORS-PKG,58.2,368,2.2,3,0
2026-07-21,CHC-TSH-004,ZAF,MED-ORS-PKG,89.3,496,45.0,2,0
2026-07-22,CHC-TSH-004,ZAF,MED-ORS-PKG,40.1,379,1.1,5,0
2026-07-23,CHC-TSH-004,ZAF,MED-ORS-PKG,45.8,413,0.6,2,0
2026-07-24,CHC-TSH-004,ZAF,MED-ORS-PKG,67.1,677,45.0,5,0
2026-07-25,CHC-TSH-004,ZAF,MED-ORS-PKG,34.4,278,0.5,3,0
2026-07-26,CHC-TSH-004,ZAF,MED-ORS-PKG,65.7,166,45.0,10,1
2026-07-27,CHC-TSH-004,ZAF,MED-ORS-PKG,53.1,348,5.5,0,0
2026-07-28,CHC-TSH-004,ZAF,MED-ORS-PKG,36.4,435,1.6,2,0
2026-07-29,CHC-TSH-004,ZAF,MED-ORS-PKG,80.0,203,45.0,5,0
2026-07-30,CHC-TSH-004,ZAF,MED-ORS-PKG,68.3,797,45.0,6,0
2026-07-31,CHC-TSH-004,ZAF,MED-ORS-PKG,74.4,169,1.3,1,0
2026-08-01,CHC-TSH-004,ZAF,MED-ORS-PKG,28.7,291,2.4,3,0
2026-08-02,CHC-TSH-004,ZAF,MED-ORS-PKG,51.6,607,1.9,3,1
2026-08-03,CHC-TSH-004,ZAF,MED-ORS-PKG,60.4,591,45.0,4,0
2026-08-04,CHC-TSH-004,ZAF,MED-ORS-PKG,55.3,651,6.8,2,0
2026-08-05,CHC-TSH-004,ZAF,MED-ORS-PKG,56.0,231,17.6,2,0
2026-08-06,CHC-TSH-004,ZAF,MED-ORS-PKG,74.4,473,45.0,12,0
2026-08-07,CHC-TSH-004,ZAF,MED-ORS-PKG,49.9,93,1.4,0,0
2026-08-08,CHC-TSH-004,ZAF,MED-ORS-PKG,75.8,414,45.0,11,0
2026-08-09,CHC-TSH-004,ZAF,MED-ORS-PKG,63.6,337,2.8,3,1
2026-08-10,CHC-TSH-004,ZAF,MED-ORS-PKG,48.7,194,45.0,6,0
2026-08-11,CHC-TSH-004,ZAF,MED-ORS-PKG,52.4,281,0.6,4,0
2026-08-12,CHC-TSH-004,ZAF,MED-ORS-PKG,46.3,161,8.5,1,0
2026-08-13,CHC-TSH-004,ZAF,MED-ORS-PKG,56.7,359,0.1,2,0
2026-08-14,CHC-TSH-004,ZAF,MED-ORS-PKG,67.9,403,45.0,7,0
2026-08-15,CHC-TSH-004,ZAF,MED-ORS-PKG,38.1,250,7.3,5,0
2026-08-16,CHC-TSH-004,ZAF,MED-ORS-PKG,50.3,441,1.9,3,1
2026-08-17,CHC-TSH-004,ZAF,MED-ORS-PKG,23.9,279,0.8,1,0
2026-06-19,CHC-TSH-004,ZAF,MED-ART-60,7.0,26,45.0,7,0
2026-06-20,CHC-TSH-004,ZAF,MED-ART-60,6.7,21,2.5,2,0
2026-06-21,CHC-TSH-004,ZAF,MED-ART-60,6.1,46,1.0,3,1
2026-06-22,CHC-TSH-004,ZAF,MED-ART-60,6.0,38,45.0,8,0
2026-06-23,CHC-TSH-004,ZAF,MED-ART-60,7.4,60,4.2,0,0
2026-06-24,CHC-TSH-004,ZAF,MED-ART-60,6.1,68,12.2,4,0
2026-06-25,CHC-TSH-004,ZAF,MED-ART-60,10.7,82,2.1,3,0
2026-06-26,CHC-TSH-004,ZAF,MED-ART-60,8.0,52,2.2,4,0
2026-06-27,CHC-TSH-004,ZAF,MED-ART-60,8.4,50,1.9,1,0
2026-06-28,CHC-TSH-004,ZAF,MED-ART-60,10.1,30,2.1,2,1
2026-06-29,CHC-TSH-004,ZAF,MED-ART-60,6.4,42,3.9,0,0
2026-06-30,CHC-TSH-004,ZAF,MED-ART-60,7.7,35,1.9,1,0
2026-07-01,CHC-TSH-004,ZAF,MED-ART-60,4.1,37,2.2,2,0
2026-07-02,CHC-TSH-004,ZAF,MED-ART-60,7.4,44,1.7,2,0
2026-07-03,CHC-TSH-004,ZAF,MED-ART-60,7.8,65,45.0,7,0
2026-07-04,CHC-TSH-004,ZAF,MED-ART-60,6.5,12,3.3,0,0
2026-07-05,CHC-TSH-004,ZAF,MED-ART-60,6.1,12,45.0,7,1
2026-07-06,CHC-TSH-004,ZAF,MED-ART-60,6.8,34,7.7,3,0
2026-07-07,CHC-TSH-004,ZAF,MED-ART-60,7.5,80,3.6,2,0
2026-07-08,CHC-TSH-004,ZAF,MED-ART-60,7.5,47,45.0,8,0
2026-07-09,CHC-TSH-004,ZAF,MED-ART-60,7.2,40,2.7,1,0
2026-07-10,CHC-TSH-004,ZAF,MED-ART-60,7.6,44,45.0,9,0
2026-07-11,CHC-TSH-004,ZAF,MED-ART-60,7.6,80,0.8,2,0
2026-07-12,CHC-TSH-004,ZAF,MED-ART-60,8.8,18,0.3,2,1
2026-07-13,CHC-TSH-004,ZAF,MED-ART-60,9.6,14,3.4,0,0
2026-07-14,CHC-TSH-004,ZAF,MED-ART-60,5.8,14,45.0,7,0
2026-07-15,CHC-TSH-004,ZAF,MED-ART-60,7.5,34,45.0,4,0
2026-07-16,CHC-TSH-004,ZAF,MED-ART-60,10.3,76,45.0,5,0
2026-07-17,CHC-TSH-004,ZAF,MED-ART-60,9.5,23,2.4,3,0
2026-07-18,CHC-TSH-004,ZAF,MED-ART-60,9.0,104,45.0,10,0
2026-07-19,CHC-TSH-004,ZAF,MED-ART-60,7.9,23,45.0,4,1
2026-07-20,CHC-TSH-004,ZAF,MED-ART-60,9.0,103,45.0,10,0
2026-07-21,CHC-TSH-004,ZAF,MED-ART-60,7.6,13,8.1,3,0
2026-07-22,CHC-TSH-004,ZAF,MED-ART-60,7.1,70,4.7,2,0
2026-07-23,CHC-TSH-004,ZAF,MED-ART-60,8.2,46,45.0,7,0
2026-07-24,CHC-TSH-004,ZAF,MED-ART-60,6.0,41,45.0,10,0
2026-07-25,CHC-TSH-004,ZAF,MED-ART-60,6.5,66,45.0,14,0
2026-07-26,CHC-TSH-004,ZAF,MED-ART-60,10.4,27,3.4,2,1
2026-07-27,CHC-TSH-004,ZAF,MED-ART-60,6.3,38,8.1,1,0
2026-07-28,CHC-TSH-004,ZAF,MED-ART-60,7.4,20,2.7,2,0
2026-07-29,CHC-TSH-004,ZAF,MED-ART-60,11.4,20,2.9,1,0
2026-07-30,CHC-TSH-004,ZAF,MED-ART-60,10.5,30,45.0,6,0
2026-07-31,CHC-TSH-004,ZAF,MED-ART-60,9.0,23,1.8,0,0
2026-08-01,CHC-TSH-004,ZAF,MED-ART-60,7.6,37,45.0,10,0
2026-08-02,CHC-TSH-004,ZAF,MED-ART-60,8.0,91,0.2,2,1
2026-08-03,CHC-TSH-004,ZAF,MED-ART-60,7.7,50,45.0,4,0
2026-08-04,CHC-TSH-004,ZAF,MED-ART-60,9.3,69,3.5,4,0
2026-08-05,CHC-TSH-004,ZAF,MED-ART-60,9.6,30,45.0,10,0
2026-08-06,CHC-TSH-004,ZAF,MED-ART-60,7.0,69,45.0,9,0
2026-08-07,CHC-TSH-004,ZAF,MED-ART-60,10.3,58,4.0,4,0
2026-08-08,CHC-TSH-004,ZAF,MED-ART-60,9.6,39,45.0,7,0
2026-08-09,CHC-TSH-004,ZAF,MED-ART-60,9.5,87,6.1,4,1
2026-08-10,CHC-TSH-004,ZAF,MED-ART-60,7.3,65,4.2,6,0
2026-08-11,CHC-TSH-004,ZAF,MED-ART-60,7.6,12,6.6,1,0
2026-08-12,CHC-TSH-004,ZAF,MED-ART-60,10.2,95,2.2,4,0
2026-08-13,CHC-TSH-004,ZAF,MED-ART-60,10.7,106,3.2,3,0
2026-08-14,CHC-TSH-004,ZAF,MED-ART-60,7.7,77,3.5,0,0
2026-08-15,CHC-TSH-004,ZAF,MED-ART-60,7.9,94,45.0,10,0
2026-08-16,CHC-TSH-004,ZAF,MED-ART-60,7.5,23,45.0,10,1
2026-08-17,CHC-TSH-004,ZAF,MED-ART-60,6.8,35,4.4,1,0
2026-06-19,CHC-TSH-004,ZAF,MED-INS-REG,9.3,68,45.0,10,0
2026-06-20,CHC-TSH-004,ZAF,MED-INS-REG,6.2,68,13.2,3,0
2026-06-21,CHC-TSH-004,ZAF,MED-INS-REG,7.5,48,45.0,12,1
2026-06-22,CHC-TSH-004,ZAF,MED-INS-REG,8.5,48,1.8,0,0
2026-06-23,CHC-TSH-004,ZAF,MED-INS-REG,8.2,32,45.0,8,0
2026-06-24,CHC-TSH-004,ZAF,MED-INS-REG,7.9,42,3.7,5,0
2026-06-25,CHC-TSH-004,ZAF,MED-INS-REG,10.9,116,0.4,0,0
2026-06-26,CHC-TSH-004,ZAF,MED-INS-REG,6.1,14,45.0,6,0
2026-06-27,CHC-TSH-004,ZAF,MED-INS-REG,7.8,25,0.6,1,0
2026-06-28,CHC-TSH-004,ZAF,MED-INS-REG,9.9,96,45.0,11,1
2026-06-29,CHC-TSH-004,ZAF,MED-INS-REG,9.6,29,45.0,7,0
2026-06-30,CHC-TSH-004,ZAF,MED-INS-REG,7.8,52,45.0,9,0
2026-07-01,CHC-TSH-004,ZAF,MED-INS-REG,8.7,55,0.8,2,0
2026-07-02,CHC-TSH-004,ZAF,MED-INS-REG,9.1,56,3.2,1,0
2026-07-03,CHC-TSH-004,ZAF,MED-INS-REG,7.1,31,12.4,2,0
2026-07-04,CHC-TSH-004,ZAF,MED-INS-REG,9.8,116,2.3,3,0
2026-07-05,CHC-TSH-004,ZAF,MED-INS-REG,8.0,66,12.5,5,1
2026-07-06,CHC-TSH-004,ZAF,MED-INS-REG,8.7,34,45.0,6,0
2026-07-07,CHC-TSH-004,ZAF,MED-INS-REG,10.3,123,12.4,3,0
2026-07-08,CHC-TSH-004,ZAF,MED-INS-REG,7.7,59,0.4,2,0
2026-07-09,CHC-TSH-004,ZAF,MED-INS-REG,7.0,70,45.0,6,0
2026-07-10,CHC-TSH-004,ZAF,MED-INS-REG,9.0,98,3.4,1,0
2026-07-11,CHC-TSH-004,ZAF,MED-INS-REG,5.6,38,45.0,12,0
2026-07-12,CHC-TSH-004,ZAF,MED-INS-REG,9.4,91,7.8,0,1
2026-07-13,CHC-TSH-004,ZAF,MED-INS-REG,6.1,46,45.0,12,0
2026-07-14,CHC-TSH-004,ZAF,MED-INS-REG,8.6,90,9.4,1,0
2026-07-15,CHC-TSH-004,ZAF,MED-INS-REG,7.7,78,45.0,12,0
2026-07-16,CHC-TSH-004,ZAF,MED-INS-REG,7.5,78,4.8,2,0
2026-07-17,CHC-TSH-004,ZAF,MED-INS-REG,6.4,26,10.6,2,0
2026-07-18,CHC-TSH-004,ZAF,MED-INS-REG,8.0,38,45.0,9,0
2026-07-19,CHC-TSH-004,ZAF,MED-INS-REG,9.3,64,45.0,5,1
2026-07-20,CHC-TSH-004,ZAF,MED-INS-REG,6.2,49,45.0,9,0
2026-07-21,CHC-TSH-004,ZAF,MED-INS-REG,9.9,72,45.0,8,0
2026-07-22,CHC-TSH-004,ZAF,MED-INS-REG,7.9,91,13.2,1,0
2026-07-23,CHC-TSH-004,ZAF,MED-INS-REG,9.2,76,1.0,1,0
2026-07-24,CHC-TSH-004,ZAF,MED-INS-REG,7.5,64,45.0,10,0
2026-07-25,CHC-TSH-004,ZAF,MED-INS-REG,6.8,33,9.4,2,0
2026-07-26,CHC-TSH-004,ZAF,MED-INS-REG,8.5,101,0.9,1,1
2026-07-27,CHC-TSH-004,ZAF,MED-INS-REG,7.8,75,45.0,9,0
2026-07-28,CHC-TSH-004,ZAF,MED-INS-REG,7.1,17,6.1,1,0
2026-07-29,CHC-TSH-004,ZAF,MED-INS-REG,9.1,20,1.9,1,0
2026-07-30,CHC-TSH-004,ZAF,MED-INS-REG,7.8,75,2.9,1,0
2026-07-31,CHC-TSH-004,ZAF,MED-INS-REG,6.7,78,5.9,2,0
2026-08-01,CHC-TSH-004,ZAF,MED-INS-REG,4.7,22,3.1,3,0
2026-08-02,CHC-TSH-004,ZAF,MED-INS-REG,9.4,57,45.0,5,1
2026-08-03,CHC-TSH-004,ZAF,MED-INS-REG,9.3,27,0.2,3,0
2026-08-04,CHC-TSH-004,ZAF,MED-INS-REG,9.5,69,1.0,4,0
2026-08-05,CHC-TSH-004,ZAF,MED-INS-REG,6.2,23,45.0,10,0
2026-08-06,CHC-TSH-004,ZAF,MED-INS-REG,6.7,43,8.6,2,0
2026-08-07,CHC-TSH-004,ZAF,MED-INS-REG,7.6,89,45.0,6,0
2026-08-08,CHC-TSH-004,ZAF,MED-INS-REG,7.0,60,45.0,9,0
2026-08-09,CHC-TSH-004,ZAF,MED-INS-REG,6.1,22,45.0,9,1
2026-08-10,CHC-TSH-004,ZAF,MED-INS-REG,7.6,36,1.4,3,0
2026-08-11,CHC-TSH-004,ZAF,MED-INS-REG,9.4,51,1.5,3,0
2026-08-12,CHC-TSH-004,ZAF,MED-INS-REG,8.4,95,0.5,1,0
2026-08-13,CHC-TSH-004,ZAF,MED-INS-REG,10.7,84,3.7,0,0
2026-08-14,CHC-TSH-004,ZAF,MED-INS-REG,8.7,25,45.0,8,0
2026-08-15,CHC-TSH-004,ZAF,MED-INS-REG,7.7,42,4.9,2,0
2026-08-16,CHC-TSH-004,ZAF,MED-INS-REG,8.5,87,2.3,1,1
2026-08-17,CHC-TSH-004,ZAF,MED-INS-REG,9.4,70,1.0,0,0
2026-06-19,CHC-TSH-005,ZAF,MED-PCM-500,46.7,313,45.0,5,0
2026-06-20,CHC-TSH-005,ZAF,MED-PCM-500,41.0,384,9.8,1,0
2026-06-21,CHC-TSH-005,ZAF,MED-PCM-500,20.6,157,1.3,2,1
2026-06-22,CHC-TSH-005,ZAF,MED-PCM-500,56.3,100,13.3,1,0
2026-06-23,CHC-TSH-005,ZAF,MED-PCM-500,19.7,165,0.9,2,0
2026-06-24,CHC-TSH-005,ZAF,MED-PCM-500,57.3,571,45.0,8,0
2026-06-25,CHC-TSH-005,ZAF,MED-PCM-500,34.6,62,2.8,1,0
2026-06-26,CHC-TSH-005,ZAF,MED-PCM-500,55.7,164,45.0,18,0
2026-06-27,CHC-TSH-005,ZAF,MED-PCM-500,31.0,162,2.1,0,0
2026-06-28,CHC-TSH-005,ZAF,MED-PCM-500,49.2,370,25.5,9,1
2026-06-29,CHC-TSH-005,ZAF,MED-PCM-500,54.3,464,45.0,8,0
2026-06-30,CHC-TSH-005,ZAF,MED-PCM-500,33.6,287,1.2,1,0
2026-07-01,CHC-TSH-005,ZAF,MED-PCM-500,29.2,240,3.1,1,0
2026-07-02,CHC-TSH-005,ZAF,MED-PCM-500,50.7,244,45.0,4,0
2026-07-03,CHC-TSH-005,ZAF,MED-PCM-500,53.1,592,45.0,6,0
2026-07-04,CHC-TSH-005,ZAF,MED-PCM-500,38.9,143,0.1,2,0
2026-07-05,CHC-TSH-005,ZAF,MED-PCM-500,41.8,308,45.0,5,1
2026-07-06,CHC-TSH-005,ZAF,MED-PCM-500,57.0,509,45.0,5,0
2026-07-07,CHC-TSH-005,ZAF,MED-PCM-500,34.5,305,1.0,4,0
2026-07-08,CHC-TSH-005,ZAF,MED-PCM-500,26.8,40,2.2,0,0
2026-07-09,CHC-TSH-005,ZAF,MED-PCM-500,39.7,456,2.0,4,0
2026-07-10,CHC-TSH-005,ZAF,MED-PCM-500,51.4,125,8.2,0,0
2026-07-11,CHC-TSH-005,ZAF,MED-PCM-500,66.7,444,45.0,9,0
2026-07-12,CHC-TSH-005,ZAF,MED-PCM-500,52.7,464,45.0,4,1
2026-07-13,CHC-TSH-005,ZAF,MED-PCM-500,44.1,388,45.0,5,0
2026-07-14,CHC-TSH-005,ZAF,MED-PCM-500,35.3,177,1.8,1,0
2026-07-15,CHC-TSH-005,ZAF,MED-PCM-500,56.5,582,45.0,5,0
2026-07-16,CHC-TSH-005,ZAF,MED-PCM-500,28.4,150,0.1,1,0
2026-07-17,CHC-TSH-005,ZAF,MED-PCM-500,26.8,211,2.6,6,0
2026-07-18,CHC-TSH-005,ZAF,MED-PCM-500,51.6,555,45.0,7,0
2026-07-19,CHC-TSH-005,ZAF,MED-PCM-500,31.2,134,7.4,3,1
2026-07-20,CHC-TSH-005,ZAF,MED-PCM-500,53.9,626,45.0,9,0
2026-07-21,CHC-TSH-005,ZAF,MED-PCM-500,37.8,382,6.2,2,0
2026-07-22,CHC-TSH-005,ZAF,MED-PCM-500,42.9,331,45.0,6,0
2026-07-23,CHC-TSH-005,ZAF,MED-PCM-500,39.3,234,2.1,1,0
2026-07-24,CHC-TSH-005,ZAF,MED-PCM-500,39.8,298,45.0,8,0
2026-07-25,CHC-TSH-005,ZAF,MED-PCM-500,40.4,160,45.0,6,0
2026-07-26,CHC-TSH-005,ZAF,MED-PCM-500,44.9,152,45.0,10,1
2026-07-27,CHC-TSH-005,ZAF,MED-PCM-500,46.8,191,45.0,8,0
2026-07-28,CHC-TSH-005,ZAF,MED-PCM-500,54.1,234,45.0,10,0
2026-07-29,CHC-TSH-005,ZAF,MED-PCM-500,54.0,428,22.7,3,0
2026-07-30,CHC-TSH-005,ZAF,MED-PCM-500,49.5,509,45.0,9,0
2026-07-31,CHC-TSH-005,ZAF,MED-PCM-500,39.3,222,18.1,1,0
2026-08-01,CHC-TSH-005,ZAF,MED-PCM-500,33.3,115,3.3,1,0
2026-08-02,CHC-TSH-005,ZAF,MED-PCM-500,32.4,144,3.4,1,1
2026-08-03,CHC-TSH-005,ZAF,MED-PCM-500,31.2,121,0.8,1,0
2026-08-04,CHC-TSH-005,ZAF,MED-PCM-500,34.9,321,9.9,2,0
2026-08-05,CHC-TSH-005,ZAF,MED-PCM-500,52.8,336,45.0,12,0
2026-08-06,CHC-TSH-005,ZAF,MED-PCM-500,29.7,121,6.3,3,0
2026-08-07,CHC-TSH-005,ZAF,MED-PCM-500,56.4,332,45.0,7,0
2026-08-08,CHC-TSH-005,ZAF,MED-PCM-500,60.4,593,45.0,12,0
2026-08-09,CHC-TSH-005,ZAF,MED-PCM-500,45.0,231,45.0,7,1
2026-08-10,CHC-TSH-005,ZAF,MED-PCM-500,36.3,217,6.1,3,0
2026-08-11,CHC-TSH-005,ZAF,MED-PCM-500,46.8,157,45.0,6,0
2026-08-12,CHC-TSH-005,ZAF,MED-PCM-500,50.2,292,45.0,8,0
2026-08-13,CHC-TSH-005,ZAF,MED-PCM-500,42.4,240,45.0,10,0
2026-08-14,CHC-TSH-005,ZAF,MED-PCM-500,54.1,617,45.0,7,0
2026-08-15,CHC-TSH-005,ZAF,MED-PCM-500,55.2,165,45.0,4,0
2026-08-16,CHC-TSH-005,ZAF,MED-PCM-500,53.1,545,17.0,1,1
2026-08-17,CHC-TSH-005,ZAF,MED-PCM-500,25.3,229,0.4,1,0
2026-06-19,CHC-TSH-005,ZAF,MED-AMX-250,13.3,100,0.3,3,0
2026-06-20,CHC-TSH-005,ZAF,MED-AMX-250,15.9,65,45.0,12,0
2026-06-21,CHC-TSH-005,ZAF,MED-AMX-250,12.8,140,45.0,6,1
2026-06-22,CHC-TSH-005,ZAF,MED-AMX-250,14.3,152,2.1,2,0
2026-06-23,CHC-TSH-005,ZAF,MED-AMX-250,9.8,113,0.2,2,0
2026-06-24,CHC-TSH-005,ZAF,MED-AMX-250,14.9,102,6.7,2,0
2026-06-25,CHC-TSH-005,ZAF,MED-AMX-250,12.8,94,3.6,3,0
2026-06-26,CHC-TSH-005,ZAF,MED-AMX-250,13.4,86,8.3,1,0
2026-06-27,CHC-TSH-005,ZAF,MED-AMX-250,15.6,54,45.0,9,0
2026-06-28,CHC-TSH-005,ZAF,MED-AMX-250,11.8,63,1.1,2,1
2026-06-29,CHC-TSH-005,ZAF,MED-AMX-250,16.4,171,0.9,2,0
2026-06-30,CHC-TSH-005,ZAF,MED-AMX-250,13.0,135,45.0,6,0
2026-07-01,CHC-TSH-005,ZAF,MED-AMX-250,14.5,53,2.8,2,0
2026-07-02,CHC-TSH-005,ZAF,MED-AMX-250,11.4,24,0.1,2,0
2026-07-03,CHC-TSH-005,ZAF,MED-AMX-250,10.9,48,19.3,3,0
2026-07-04,CHC-TSH-005,ZAF,MED-AMX-250,19.4,152,1.1,1,0
2026-07-05,CHC-TSH-005,ZAF,MED-AMX-250,21.5,175,9.9,2,1
2026-07-06,CHC-TSH-005,ZAF,MED-AMX-250,12.5,118,1.3,1,0
2026-07-07,CHC-TSH-005,ZAF,MED-AMX-250,15.6,24,45.0,8,0
2026-07-08,CHC-TSH-005,ZAF,MED-AMX-250,16.3,47,45.0,3,0
2026-07-09,CHC-TSH-005,ZAF,MED-AMX-250,16.7,161,1.7,1,0
2026-07-10,CHC-TSH-005,ZAF,MED-AMX-250,18.7,128,45.0,6,0
2026-07-11,CHC-TSH-005,ZAF,MED-AMX-250,16.8,35,4.6,1,0
2026-07-12,CHC-TSH-005,ZAF,MED-AMX-250,11.5,19,45.0,5,1
2026-07-13,CHC-TSH-005,ZAF,MED-AMX-250,11.0,86,45.0,6,0
2026-07-14,CHC-TSH-005,ZAF,MED-AMX-250,10.5,70,2.4,0,0
2026-07-15,CHC-TSH-005,ZAF,MED-AMX-250,12.3,133,5.5,3,0
2026-07-16,CHC-TSH-005,ZAF,MED-AMX-250,17.3,144,1.2,1,0
2026-07-17,CHC-TSH-005,ZAF,MED-AMX-250,13.3,46,5.8,4,0
2026-07-18,CHC-TSH-005,ZAF,MED-AMX-250,14.4,141,5.0,1,0
2026-07-19,CHC-TSH-005,ZAF,MED-AMX-250,18.0,113,45.0,9,1
2026-07-20,CHC-TSH-005,ZAF,MED-AMX-250,10.1,120,13.7,3,0
2026-07-21,CHC-TSH-005,ZAF,MED-AMX-250,19.5,135,14.5,2,0
2026-07-22,CHC-TSH-005,ZAF,MED-AMX-250,15.6,151,2.7,3,0
2026-07-23,CHC-TSH-005,ZAF,MED-AMX-250,17.3,59,4.4,1,0
2026-07-24,CHC-TSH-005,ZAF,MED-AMX-250,17.5,77,45.0,7,0
2026-07-25,CHC-TSH-005,ZAF,MED-AMX-250,18.7,163,45.0,10,0
2026-07-26,CHC-TSH-005,ZAF,MED-AMX-250,13.0,136,3.6,2,1
2026-07-27,CHC-TSH-005,ZAF,MED-AMX-250,13.1,43,3.7,3,0
2026-07-28,CHC-TSH-005,ZAF,MED-AMX-250,21.1,172,6.7,2,0
2026-07-29,CHC-TSH-005,ZAF,MED-AMX-250,9.9,105,1.7,1,0
2026-07-30,CHC-TSH-005,ZAF,MED-AMX-250,12.2,38,45.0,7,0
2026-07-31,CHC-TSH-005,ZAF,MED-AMX-250,15.2,139,45.0,12,0
2026-08-01,CHC-TSH-005,ZAF,MED-AMX-250,18.3,45,45.0,8,0
2026-08-02,CHC-TSH-005,ZAF,MED-AMX-250,11.8,106,8.3,3,1
2026-08-03,CHC-TSH-005,ZAF,MED-AMX-250,17.5,113,45.0,4,0
2026-08-04,CHC-TSH-005,ZAF,MED-AMX-250,15.6,175,45.0,3,0
2026-08-05,CHC-TSH-005,ZAF,MED-AMX-250,14.7,92,1.7,4,0
2026-08-06,CHC-TSH-005,ZAF,MED-AMX-250,15.7,59,45.0,8,0
2026-08-07,CHC-TSH-005,ZAF,MED-AMX-250,10.7,38,45.0,6,0
2026-08-08,CHC-TSH-005,ZAF,MED-AMX-250,14.0,29,3.7,2,0
2026-08-09,CHC-TSH-005,ZAF,MED-AMX-250,13.4,76,5.7,4,1
2026-08-10,CHC-TSH-005,ZAF,MED-AMX-250,9.9,96,0.7,2,0
2026-08-11,CHC-TSH-005,ZAF,MED-AMX-250,15.7,168,2.0,4,0
2026-08-12,CHC-TSH-005,ZAF,MED-AMX-250,16.3,54,2.5,2,0
2026-08-13,CHC-TSH-005,ZAF,MED-AMX-250,10.8,61,45.0,5,0
2026-08-14,CHC-TSH-005,ZAF,MED-AMX-250,19.0,28,45.0,11,0
2026-08-15,CHC-TSH-005,ZAF,MED-AMX-250,18.5,197,0.6,2,0
2026-08-16,CHC-TSH-005,ZAF,MED-AMX-250,17.9,27,45.0,5,1
2026-08-17,CHC-TSH-005,ZAF,MED-AMX-250,14.7,33,3.0,0,0
2026-06-19,CHC-TSH-005,ZAF,MED-ORS-PKG,64.5,725,45.0,6,0
2026-06-20,CHC-TSH-005,ZAF,MED-ORS-PKG,66.6,595,2.6,1,0
2026-06-21,CHC-TSH-005,ZAF,MED-ORS-PKG,52.1,556,0.3,1,1
2026-06-22,CHC-TSH-005,ZAF,MED-ORS-PKG,69.8,270,5.6,0,0
2026-06-23,CHC-TSH-005,ZAF,MED-ORS-PKG,58.6,620,3.4,4,0
2026-06-24,CHC-TSH-005,ZAF,MED-ORS-PKG,48.3,127,45.0,7,0
2026-06-25,CHC-TSH-005,ZAF,MED-ORS-PKG,38.1,101,2.2,0,0
2026-06-26,CHC-TSH-005,ZAF,MED-ORS-PKG,39.2,211,3.8,4,0
2026-06-27,CHC-TSH-005,ZAF,MED-ORS-PKG,64.4,128,45.0,9,0
2026-06-28,CHC-TSH-005,ZAF,MED-ORS-PKG,72.0,802,45.0,8,1
2026-06-29,CHC-TSH-005,ZAF,MED-ORS-PKG,56.7,90,1.1,4,0
2026-06-30,CHC-TSH-005,ZAF,MED-ORS-PKG,56.0,304,45.0,13,0
2026-07-01,CHC-TSH-005,ZAF,MED-ORS-PKG,77.9,301,45.0,12,0
2026-07-02,CHC-TSH-005,ZAF,MED-ORS-PKG,60.7,541,8.6,4,0
2026-07-03,CHC-TSH-005,ZAF,MED-ORS-PKG,61.3,480,2.7,1,0
2026-07-04,CHC-TSH-005,ZAF,MED-ORS-PKG,29.2,54,2.8,3,0
2026-07-05,CHC-TSH-005,ZAF,MED-ORS-PKG,54.2,507,1.9,2,1
2026-07-06,CHC-TSH-005,ZAF,MED-ORS-PKG,56.4,199,4.5,3,0
2026-07-07,CHC-TSH-005,ZAF,MED-ORS-PKG,73.2,648,45.0,6,0
2026-07-08,CHC-TSH-005,ZAF,MED-ORS-PKG,58.5,227,0.9,0,0
2026-07-09,CHC-TSH-005,ZAF,MED-ORS-PKG,27.7,88,1.4,3,0
2026-07-10,CHC-TSH-005,ZAF,MED-ORS-PKG,75.2,579,45.0,7,0
2026-07-11,CHC-TSH-005,ZAF,MED-ORS-PKG,36.7,318,5.0,2,0
2026-07-12,CHC-TSH-005,ZAF,MED-ORS-PKG,90.8,530,45.0,8,1
2026-07-13,CHC-TSH-005,ZAF,MED-ORS-PKG,40.9,464,2.5,1,0
2026-07-14,CHC-TSH-005,ZAF,MED-ORS-PKG,43.7,161,0.6,1,0
2026-07-15,CHC-TSH-005,ZAF,MED-ORS-PKG,63.9,556,10.1,3,0
2026-07-16,CHC-TSH-005,ZAF,MED-ORS-PKG,53.5,171,45.0,9,0
2026-07-17,CHC-TSH-005,ZAF,MED-ORS-PKG,61.1,466,3.7,4,0
2026-07-18,CHC-TSH-005,ZAF,MED-ORS-PKG,79.7,252,45.0,8,0
2026-07-19,CHC-TSH-005,ZAF,MED-ORS-PKG,57.2,110,0.5,0,1
2026-07-20,CHC-TSH-005,ZAF,MED-ORS-PKG,41.9,283,45.0,10,0
2026-07-21,CHC-TSH-005,ZAF,MED-ORS-PKG,32.0,349,1.1,0,0
2026-07-22,CHC-TSH-005,ZAF,MED-ORS-PKG,53.6,214,1.0,0,0
2026-07-23,CHC-TSH-005,ZAF,MED-ORS-PKG,66.1,608,45.0,9,0
2026-07-24,CHC-TSH-005,ZAF,MED-ORS-PKG,55.6,319,4.8,0,0
2026-07-25,CHC-TSH-005,ZAF,MED-ORS-PKG,77.5,876,45.0,8,0
2026-07-26,CHC-TSH-005,ZAF,MED-ORS-PKG,43.6,476,0.4,2,1
2026-07-27,CHC-TSH-005,ZAF,MED-ORS-PKG,56.4,567,1.1,1,0
2026-07-28,CHC-TSH-005,ZAF,MED-ORS-PKG,52.1,97,0.4,3,0
2026-07-29,CHC-TSH-005,ZAF,MED-ORS-PKG,60.0,691,45.0,3,0
2026-07-30,CHC-TSH-005,ZAF,MED-ORS-PKG,71.4,454,4.9,2,0
2026-07-31,CHC-TSH-005,ZAF,MED-ORS-PKG,40.2,193,1.2,3,0
2026-08-01,CHC-TSH-005,ZAF,MED-ORS-PKG,86.4,506,45.0,8,0
2026-08-02,CHC-TSH-005,ZAF,MED-ORS-PKG,59.8,605,45.0,8,1
2026-08-03,CHC-TSH-005,ZAF,MED-ORS-PKG,55.3,204,45.0,9,0
2026-08-04,CHC-TSH-005,ZAF,MED-ORS-PKG,47.2,488,4.1,4,0
2026-08-05,CHC-TSH-005,ZAF,MED-ORS-PKG,34.8,290,1.1,1,0
2026-08-06,CHC-TSH-005,ZAF,MED-ORS-PKG,54.7,621,9.7,3,0
2026-08-07,CHC-TSH-005,ZAF,MED-ORS-PKG,43.2,245,2.8,3,0
2026-08-08,CHC-TSH-005,ZAF,MED-ORS-PKG,24.2,175,4.0,2,0
2026-08-09,CHC-TSH-005,ZAF,MED-ORS-PKG,49.8,501,3.0,4,1
2026-08-10,CHC-TSH-005,ZAF,MED-ORS-PKG,64.8,389,45.0,5,0
2026-08-11,CHC-TSH-005,ZAF,MED-ORS-PKG,74.6,165,45.0,4,0
2026-08-12,CHC-TSH-005,ZAF,MED-ORS-PKG,51.0,431,2.2,2,0
2026-08-13,CHC-TSH-005,ZAF,MED-ORS-PKG,41.1,217,8.3,1,0
2026-08-14,CHC-TSH-005,ZAF,MED-ORS-PKG,49.9,207,8.9,2,0
2026-08-15,CHC-TSH-005,ZAF,MED-ORS-PKG,60.6,306,4.9,2,0
2026-08-16,CHC-TSH-005,ZAF,MED-ORS-PKG,48.2,207,2.2,0,1
2026-08-17,CHC-TSH-005,ZAF,MED-ORS-PKG,70.7,564,45.0,8,0
2026-06-19,CHC-TSH-005,ZAF,MED-ART-60,9.0,28,0.8,2,0
2026-06-20,CHC-TSH-005,ZAF,MED-ART-60,7.9,77,5.3,4,0
2026-06-21,CHC-TSH-005,ZAF,MED-ART-60,6.6,31,15.4,1,1
2026-06-22,CHC-TSH-005,ZAF,MED-ART-60,8.8,52,1.0,2,0
2026-06-23,CHC-TSH-005,ZAF,MED-ART-60,8.1,41,0.8,2,0
2026-06-24,CHC-TSH-005,ZAF,MED-ART-60,8.8,82,0.3,3,0
2026-06-25,CHC-TSH-005,ZAF,MED-ART-60,9.0,105,2.9,3,0
2026-06-26,CHC-TSH-005,ZAF,MED-ART-60,6.6,40,45.0,6,0
2026-06-27,CHC-TSH-005,ZAF,MED-ART-60,7.6,79,45.0,11,0
2026-06-28,CHC-TSH-005,ZAF,MED-ART-60,9.8,42,45.0,8,1
2026-06-29,CHC-TSH-005,ZAF,MED-ART-60,7.7,49,0.2,3,0
2026-06-30,CHC-TSH-005,ZAF,MED-ART-60,7.8,91,45.0,5,0
2026-07-01,CHC-TSH-005,ZAF,MED-ART-60,7.1,51,2.2,1,0
2026-07-02,CHC-TSH-005,ZAF,MED-ART-60,7.2,21,3.3,2,0
2026-07-03,CHC-TSH-005,ZAF,MED-ART-60,8.6,29,45.0,9,0
2026-07-04,CHC-TSH-005,ZAF,MED-ART-60,7.0,52,45.0,8,0
2026-07-05,CHC-TSH-005,ZAF,MED-ART-60,7.8,17,45.0,17,1
2026-07-06,CHC-TSH-005,ZAF,MED-ART-60,6.0,56,45.0,13,0
2026-07-07,CHC-TSH-005,ZAF,MED-ART-60,10.3,54,45.0,8,0
2026-07-08,CHC-TSH-005,ZAF,MED-ART-60,6.4,28,45.0,11,0
2026-07-09,CHC-TSH-005,ZAF,MED-ART-60,6.3,21,2.0,0,0
2026-07-10,CHC-TSH-005,ZAF,MED-ART-60,5.5,60,7.4,1,0
2026-07-11,CHC-TSH-005,ZAF,MED-ART-60,6.8,76,2.8,0,0
2026-07-12,CHC-TSH-005,ZAF,MED-ART-60,9.2,29,9.5,1,1
2026-07-13,CHC-TSH-005,ZAF,MED-ART-60,7.3,37,2.4,2,0
2026-07-14,CHC-TSH-005,ZAF,MED-ART-60,7.6,63,4.3,4,0
2026-07-15,CHC-TSH-005,ZAF,MED-ART-60,6.4,43,9.5,0,0
2026-07-16,CHC-TSH-005,ZAF,MED-ART-60,8.4,25,5.6,1,0
2026-07-17,CHC-TSH-005,ZAF,MED-ART-60,7.7,90,10.8,2,0
2026-07-18,CHC-TSH-005,ZAF,MED-ART-60,11.8,22,4.8,1,0
2026-07-19,CHC-TSH-005,ZAF,MED-ART-60,7.0,12,5.4,4,1
2026-07-20,CHC-TSH-005,ZAF,MED-ART-60,7.8,74,1.9,3,0
2026-07-21,CHC-TSH-005,ZAF,MED-ART-60,7.7,72,7.4,1,0
2026-07-22,CHC-TSH-005,ZAF,MED-ART-60,7.4,30,4.1,0,0
2026-07-23,CHC-TSH-005,ZAF,MED-ART-60,10.9,130,45.0,6,0
2026-07-24,CHC-TSH-005,ZAF,MED-ART-60,6.5,76,45.0,9,0
2026-07-25,CHC-TSH-005,ZAF,MED-ART-60,6.4,33,45.0,5,0
2026-07-26,CHC-TSH-005,ZAF,MED-ART-60,9.7,111,1.1,1,1
2026-07-27,CHC-TSH-005,ZAF,MED-ART-60,7.6,16,45.0,9,0
2026-07-28,CHC-TSH-005,ZAF,MED-ART-60,6.9,65,0.9,2,0
2026-07-29,CHC-TSH-005,ZAF,MED-ART-60,6.0,24,3.4,3,0
2026-07-30,CHC-TSH-005,ZAF,MED-ART-60,7.9,60,11.9,3,0
2026-07-31,CHC-TSH-005,ZAF,MED-ART-60,9.1,33,20.2,1,0
2026-08-01,CHC-TSH-005,ZAF,MED-ART-60,7.3,14,0.7,2,0
2026-08-02,CHC-TSH-005,ZAF,MED-ART-60,8.9,39,3.1,3,1
2026-08-03,CHC-TSH-005,ZAF,MED-ART-60,4.2,10,1.9,3,0
2026-08-04,CHC-TSH-005,ZAF,MED-ART-60,6.3,22,3.7,0,0
2026-08-05,CHC-TSH-005,ZAF,MED-ART-60,5.5,50,1.5,0,0
2026-08-06,CHC-TSH-005,ZAF,MED-ART-60,8.0,28,1.0,6,0
2026-08-07,CHC-TSH-005,ZAF,MED-ART-60,10.1,18,45.0,11,0
2026-08-08,CHC-TSH-005,ZAF,MED-ART-60,8.9,90,45.0,10,0
2026-08-09,CHC-TSH-005,ZAF,MED-ART-60,7.6,59,11.6,1,1
2026-08-10,CHC-TSH-005,ZAF,MED-ART-60,8.3,21,3.5,1,0
2026-08-11,CHC-TSH-005,ZAF,MED-ART-60,7.5,67,0.2,3,0
2026-08-12,CHC-TSH-005,ZAF,MED-ART-60,9.3,65,6.5,0,0
2026-08-13,CHC-TSH-005,ZAF,MED-ART-60,10.8,41,45.0,9,0
2026-08-14,CHC-TSH-005,ZAF,MED-ART-60,7.8,57,45.0,10,0
2026-08-15,CHC-TSH-005,ZAF,MED-ART-60,8.3,94,3.1,2,0
2026-08-16,CHC-TSH-005,ZAF,MED-ART-60,6.8,76,45.0,7,1
2026-08-17,CHC-TSH-005,ZAF,MED-ART-60,8.4,83,45.0,11,0
2026-06-19,CHC-TSH-005,ZAF,MED-INS-REG,6.1,69,7.8,1,0
2026-06-20,CHC-TSH-005,ZAF,MED-INS-REG,8.0,46,45.0,10,0
2026-06-21,CHC-TSH-005,ZAF,MED-INS-REG,7.9,55,10.9,1,1
2026-06-22,CHC-TSH-005,ZAF,MED-INS-REG,9.4,21,45.0,6,0
2026-06-23,CHC-TSH-005,ZAF,MED-INS-REG,8.8,83,45.0,7,0
2026-06-24,CHC-TSH-005,ZAF,MED-INS-REG,10.1,100,18.5,1,0
2026-06-25,CHC-TSH-005,ZAF,MED-INS-REG,6.5,29,45.0,8,0
2026-06-26,CHC-TSH-005,ZAF,MED-INS-REG,7.1,59,1.5,2,0
2026-06-27,CHC-TSH-005,ZAF,MED-INS-REG,9.4,67,45.0,8,0
2026-06-28,CHC-TSH-005,ZAF,MED-INS-REG,8.2,25,10.7,2,1
2026-06-29,CHC-TSH-005,ZAF,MED-INS-REG,7.6,73,45.0,11,0
2026-06-30,CHC-TSH-005,ZAF,MED-INS-REG,7.2,47,1.0,2,0
2026-07-01,CHC-TSH-005,ZAF,MED-INS-REG,7.9,20,45.0,11,0
2026-07-02,CHC-TSH-005,ZAF,MED-INS-REG,7.8,51,45.0,10,0
2026-07-03,CHC-TSH-005,ZAF,MED-INS-REG,7.9,65,0.7,7,0
2026-07-04,CHC-TSH-005,ZAF,MED-INS-REG,7.1,27,4.0,0,0
2026-07-05,CHC-TSH-005,ZAF,MED-INS-REG,10.7,33,17.3,1,1
2026-07-06,CHC-TSH-005,ZAF,MED-INS-REG,8.7,81,6.7,4,0
2026-07-07,CHC-TSH-005,ZAF,MED-INS-REG,8.7,93,5.6,4,0
2026-07-08,CHC-TSH-005,ZAF,MED-INS-REG,4.5,27,9.9,7,0
2026-07-09,CHC-TSH-005,ZAF,MED-INS-REG,4.8,23,5.8,1,0
2026-07-10,CHC-TSH-005,ZAF,MED-INS-REG,8.6,14,5.0,2,0
2026-07-11,CHC-TSH-005,ZAF,MED-INS-REG,9.8,36,45.0,9,0
2026-07-12,CHC-TSH-005,ZAF,MED-INS-REG,6.3,51,1.9,1,1
2026-07-13,CHC-TSH-005,ZAF,MED-INS-REG,6.9,73,17.6,4,0
2026-07-14,CHC-TSH-005,ZAF,MED-INS-REG,7.5,38,45.0,9,0
2026-07-15,CHC-TSH-005,ZAF,MED-INS-REG,5.7,63,45.0,6,0
2026-07-16,CHC-TSH-005,ZAF,MED-INS-REG,7.3,16,3.3,4,0
2026-07-17,CHC-TSH-005,ZAF,MED-INS-REG,7.0,56,8.4,5,0
2026-07-18,CHC-TSH-005,ZAF,MED-INS-REG,11.6,71,5.8,2,0
2026-07-19,CHC-TSH-005,ZAF,MED-INS-REG,8.3,23,45.0,5,1
2026-07-20,CHC-TSH-005,ZAF,MED-INS-REG,9.7,87,45.0,6,0
2026-07-21,CHC-TSH-005,ZAF,MED-INS-REG,5.8,10,0.9,1,0
2026-07-22,CHC-TSH-005,ZAF,MED-INS-REG,7.8,59,0.5,3,0
2026-07-23,CHC-TSH-005,ZAF,MED-INS-REG,9.4,30,5.7,1,0
2026-07-24,CHC-TSH-005,ZAF,MED-INS-REG,8.1,68,45.0,14,0
2026-07-25,CHC-TSH-005,ZAF,MED-INS-REG,11.3,105,3.5,3,0
2026-07-26,CHC-TSH-005,ZAF,MED-INS-REG,8.2,70,45.0,12,1
2026-07-27,CHC-TSH-005,ZAF,MED-INS-REG,6.9,67,45.0,8,0
2026-07-28,CHC-TSH-005,ZAF,MED-INS-REG,6.7,40,45.0,7,0
2026-07-29,CHC-TSH-005,ZAF,MED-INS-REG,7.7,76,4.0,2,0
2026-07-30,CHC-TSH-005,ZAF,MED-INS-REG,9.5,81,5.9,3,0
2026-07-31,CHC-TSH-005,ZAF,MED-INS-REG,8.1,74,9.4,1,0
2026-08-01,CHC-TSH-005,ZAF,MED-INS-REG,6.7,11,45.0,7,0
2026-08-02,CHC-TSH-005,ZAF,MED-INS-REG,10.2,97,45.0,7,1
2026-08-03,CHC-TSH-005,ZAF,MED-INS-REG,10.5,82,45.0,6,0
2026-08-04,CHC-TSH-005,ZAF,MED-INS-REG,7.1,47,2.0,2,0
2026-08-05,CHC-TSH-005,ZAF,MED-INS-REG,7.5,64,45.0,6,0
2026-08-06,CHC-TSH-005,ZAF,MED-INS-REG,7.3,79,45.0,10,0
2026-08-07,CHC-TSH-005,ZAF,MED-INS-REG,8.8,57,45.0,8,0
2026-08-08,CHC-TSH-005,ZAF,MED-INS-REG,8.9,53,45.0,8,0
2026-08-09,CHC-TSH-005,ZAF,MED-INS-REG,8.9,86,3.8,3,1
2026-08-10,CHC-TSH-005,ZAF,MED-INS-REG,8.2,62,1.9,4,0
2026-08-11,CHC-TSH-005,ZAF,MED-INS-REG,9.4,97,10.1,4,0
2026-08-12,CHC-TSH-005,ZAF,MED-INS-REG,6.5,17,17.1,3,0
2026-08-13,CHC-TSH-005,ZAF,MED-INS-REG,10.1,88,45.0,13,0
2026-08-14,CHC-TSH-005,ZAF,MED-INS-REG,7.6,11,3.2,0,0
2026-08-15,CHC-TSH-005,ZAF,MED-INS-REG,9.4,15,0.7,2,0
2026-08-16,CHC-TSH-005,ZAF,MED-INS-REG,8.7,58,1.1,2,1
2026-08-17,CHC-TSH-005,ZAF,MED-INS-REG,7.1,50,2.1,3,0
2026-06-19,UBS-AMZ-001,BRA,MED-PCM-500,36.6,290,3.3,1,0
2026-06-20,UBS-AMZ-001,BRA,MED-PCM-500,43.5,101,3.4,3,0
2026-06-21,UBS-AMZ-001,BRA,MED-PCM-500,35.1,394,16.3,3,1
2026-06-22,UBS-AMZ-001,BRA,MED-PCM-500,47.0,295,16.4,1,0
2026-06-23,UBS-AMZ-001,BRA,MED-PCM-500,49.6,526,45.0,7,0
2026-06-24,UBS-AMZ-001,BRA,MED-PCM-500,46.6,430,45.0,6,0
2026-06-25,UBS-AMZ-001,BRA,MED-PCM-500,40.8,348,2.3,1,0
2026-06-26,UBS-AMZ-001,BRA,MED-PCM-500,49.7,325,45.0,8,0
2026-06-27,UBS-AMZ-001,BRA,MED-PCM-500,36.4,281,1.6,3,0
2026-06-28,UBS-AMZ-001,BRA,MED-PCM-500,48.8,401,45.0,5,1
2026-06-29,UBS-AMZ-001,BRA,MED-PCM-500,34.4,215,1.4,1,0
2026-06-30,UBS-AMZ-001,BRA,MED-PCM-500,31.6,55,0.5,4,0
2026-07-01,UBS-AMZ-001,BRA,MED-PCM-500,40.1,320,19.7,2,0
2026-07-02,UBS-AMZ-001,BRA,MED-PCM-500,52.7,160,45.0,11,0
2026-07-03,UBS-AMZ-001,BRA,MED-PCM-500,44.2,148,10.9,1,0
2026-07-04,UBS-AMZ-001,BRA,MED-PCM-500,49.8,211,45.0,12,0
2026-07-05,UBS-AMZ-001,BRA,MED-PCM-500,37.5,361,1.2,4,1
2026-07-06,UBS-AMZ-001,BRA,MED-PCM-500,27.5,116,0.5,4,0
2026-07-07,UBS-AMZ-001,BRA,MED-PCM-500,28.1,233,5.5,5,0
2026-07-08,UBS-AMZ-001,BRA,MED-PCM-500,50.5,394,45.0,8,0
2026-07-09,UBS-AMZ-001,BRA,MED-PCM-500,26.6,71,3.3,1,0
2026-07-10,UBS-AMZ-001,BRA,MED-PCM-500,61.3,728,45.0,8,0
2026-07-11,UBS-AMZ-001,BRA,MED-PCM-500,44.3,296,45.0,8,0
2026-07-12,UBS-AMZ-001,BRA,MED-PCM-500,24.0,126,16.2,1,1
2026-07-13,UBS-AMZ-001,BRA,MED-PCM-500,56.9,623,45.0,9,0
2026-07-14,UBS-AMZ-001,BRA,MED-PCM-500,32.2,315,2.4,3,0
2026-07-15,UBS-AMZ-001,BRA,MED-PCM-500,50.4,577,45.0,10,0
2026-07-16,UBS-AMZ-001,BRA,MED-PCM-500,59.7,283,45.0,6,0
2026-07-17,UBS-AMZ-001,BRA,MED-PCM-500,48.2,300,45.0,8,0
2026-07-18,UBS-AMZ-001,BRA,MED-PCM-500,55.1,170,45.0,6,0
2026-07-19,UBS-AMZ-001,BRA,MED-PCM-500,37.4,109,2.4,3,1
2026-07-20,UBS-AMZ-001,BRA,MED-PCM-500,46.3,254,45.0,11,0
2026-07-21,UBS-AMZ-001,BRA,MED-PCM-500,36.2,329,0.1,1,0
2026-07-22,UBS-AMZ-001,BRA,MED-PCM-500,42.8,105,5.1,1,0
2026-07-23,UBS-AMZ-001,BRA,MED-PCM-500,36.8,325,2.0,1,0
2026-07-24,UBS-AMZ-001,BRA,MED-PCM-500,40.5,422,14.8,1,0
2026-07-25,UBS-AMZ-001,BRA,MED-PCM-500,33.2,319,3.5,2,0
2026-07-26,UBS-AMZ-001,BRA,MED-PCM-500,65.6,438,45.0,9,1
2026-07-27,UBS-AMZ-001,BRA,MED-PCM-500,50.2,549,45.0,6,0
2026-07-28,UBS-AMZ-001,BRA,MED-PCM-500,47.7,357,45.0,10,0
2026-07-29,UBS-AMZ-001,BRA,MED-PCM-500,49.1,489,15.2,2,0
2026-07-30,UBS-AMZ-001,BRA,MED-PCM-500,33.7,398,11.9,4,0
2026-07-31,UBS-AMZ-001,BRA,MED-PCM-500,39.6,466,7.4,5,0
2026-08-01,UBS-AMZ-001,BRA,MED-PCM-500,61.6,646,45.0,11,0
2026-08-02,UBS-AMZ-001,BRA,MED-PCM-500,64.8,344,45.0,6,1
2026-08-03,UBS-AMZ-001,BRA,MED-PCM-500,53.8,415,45.0,7,0
2026-08-04,UBS-AMZ-001,BRA,MED-PCM-500,65.9,737,45.0,10,0
2026-08-05,UBS-AMZ-001,BRA,MED-PCM-500,38.5,293,1.5,2,0
2026-08-06,UBS-AMZ-001,BRA,MED-PCM-500,41.2,81,12.6,1,0
2026-08-07,UBS-AMZ-001,BRA,MED-PCM-500,41.4,456,45.0,4,0
2026-08-08,UBS-AMZ-001,BRA,MED-PCM-500,35.5,388,4.0,2,0
2026-08-09,UBS-AMZ-001,BRA,MED-PCM-500,34.1,217,3.9,1,1
2026-08-10,UBS-AMZ-001,BRA,MED-PCM-500,30.7,125,0.2,2,0
2026-08-11,UBS-AMZ-001,BRA,MED-PCM-500,43.4,67,45.0,9,0
2026-08-12,UBS-AMZ-001,BRA,MED-PCM-500,34.8,228,4.2,3,0
2026-08-13,UBS-AMZ-001,BRA,MED-PCM-500,39.8,405,45.0,7,0
2026-08-14,UBS-AMZ-001,BRA,MED-PCM-500,46.8,502,5.6,2,0
2026-08-15,UBS-AMZ-001,BRA,MED-PCM-500,33.9,156,1.5,1,0
2026-08-16,UBS-AMZ-001,BRA,MED-PCM-500,54.2,128,45.0,8,1
2026-08-17,UBS-AMZ-001,BRA,MED-PCM-500,42.6,363,5.2,0,0
2026-06-19,UBS-AMZ-001,BRA,MED-AMX-250,13.2,134,16.0,2,0
2026-06-20,UBS-AMZ-001,BRA,MED-AMX-250,12.8,43,45.0,5,0
2026-06-21,UBS-AMZ-001,BRA,MED-AMX-250,19.9,44,2.1,3,1
2026-06-22,UBS-AMZ-001,BRA,MED-AMX-250,13.5,69,45.0,7,0
2026-06-23,UBS-AMZ-001,BRA,MED-AMX-250,19.3,95,45.0,8,0
2026-06-24,UBS-AMZ-001,BRA,MED-AMX-250,15.9,129,45.0,8,0
2026-06-25,UBS-AMZ-001,BRA,MED-AMX-250,17.1,114,5.3,4,0
2026-06-26,UBS-AMZ-001,BRA,MED-AMX-250,18.9,70,45.0,7,0
2026-06-27,UBS-AMZ-001,BRA,MED-AMX-250,15.2,71,0.8,2,0
2026-06-28,UBS-AMZ-001,BRA,MED-AMX-250,14.2,109,3.0,1,1
2026-06-29,UBS-AMZ-001,BRA,MED-AMX-250,12.4,50,1.7,1,0
2026-06-30,UBS-AMZ-001,BRA,MED-AMX-250,15.8,133,45.0,10,0
2026-07-01,UBS-AMZ-001,BRA,MED-AMX-250,17.4,189,0.1,1,0
2026-07-02,UBS-AMZ-001,BRA,MED-AMX-250,12.5,103,3.1,2,0
2026-07-03,UBS-AMZ-001,BRA,MED-AMX-250,14.8,175,45.0,11,0
2026-07-04,UBS-AMZ-001,BRA,MED-AMX-250,13.2,140,1.3,2,0
2026-07-05,UBS-AMZ-001,BRA,MED-AMX-250,17.4,63,6.0,3,1
2026-07-06,UBS-AMZ-001,BRA,MED-AMX-250,13.3,125,2.5,3,0
2026-07-07,UBS-AMZ-001,BRA,MED-AMX-250,13.6,71,8.6,1,0
2026-07-08,UBS-AMZ-001,BRA,MED-AMX-250,10.4,35,26.0,9,0
2026-07-09,UBS-AMZ-001,BRA,MED-AMX-250,13.3,124,4.7,4,0
2026-07-10,UBS-AMZ-001,BRA,MED-AMX-250,19.0,57,45.0,7,0
2026-07-11,UBS-AMZ-001,BRA,MED-AMX-250,14.4,97,0.5,1,0
2026-07-12,UBS-AMZ-001,BRA,MED-AMX-250,16.3,30,45.0,2,1
2026-07-13,UBS-AMZ-001,BRA,MED-AMX-250,18.1,212,5.5,0,0
2026-07-14,UBS-AMZ-001,BRA,MED-AMX-250,12.0,109,45.0,6,0
2026-07-15,UBS-AMZ-001,BRA,MED-AMX-250,15.0,176,45.0,9,0
2026-07-16,UBS-AMZ-001,BRA,MED-AMX-250,15.6,164,11.5,2,0
2026-07-17,UBS-AMZ-001,BRA,MED-AMX-250,16.2,64,3.2,0,0
2026-07-18,UBS-AMZ-001,BRA,MED-AMX-250,16.9,113,45.0,12,0
2026-07-19,UBS-AMZ-001,BRA,MED-AMX-250,10.9,80,3.1,0,1
2026-07-20,UBS-AMZ-001,BRA,MED-AMX-250,15.4,115,1.1,0,0
2026-07-21,UBS-AMZ-001,BRA,MED-AMX-250,17.2,110,1.0,2,0
2026-07-22,UBS-AMZ-001,BRA,MED-AMX-250,13.8,162,45.0,7,0
2026-07-23,UBS-AMZ-001,BRA,MED-AMX-250,10.1,102,13.5,1,0
2026-07-24,UBS-AMZ-001,BRA,MED-AMX-250,10.9,89,10.5,1,0
2026-07-25,UBS-AMZ-001,BRA,MED-AMX-250,13.3,152,0.8,2,0
2026-07-26,UBS-AMZ-001,BRA,MED-AMX-250,17.1,43,45.0,4,1
2026-07-27,UBS-AMZ-001,BRA,MED-AMX-250,18.9,94,45.0,7,0
2026-07-28,UBS-AMZ-001,BRA,MED-AMX-250,19.9,173,2.4,2,0
2026-07-29,UBS-AMZ-001,BRA,MED-AMX-250,19.1,169,5.4,2,0
2026-07-30,UBS-AMZ-001,BRA,MED-AMX-250,18.2,96,45.0,7,0
2026-07-31,UBS-AMZ-001,BRA,MED-AMX-250,16.6,185,45.0,11,0
2026-08-01,UBS-AMZ-001,BRA,MED-AMX-250,13.8,24,45.0,6,0
2026-08-02,UBS-AMZ-001,BRA,MED-AMX-250,11.3,42,45.0,11,1
2026-08-03,UBS-AMZ-001,BRA,MED-AMX-250,13.7,77,1.1,2,0
2026-08-04,UBS-AMZ-001,BRA,MED-AMX-250,13.0,131,45.0,9,0
2026-08-05,UBS-AMZ-001,BRA,MED-AMX-250,12.6,143,4.9,4,0
2026-08-06,UBS-AMZ-001,BRA,MED-AMX-250,17.4,118,45.0,13,0
2026-08-07,UBS-AMZ-001,BRA,MED-AMX-250,15.6,164,0.4,7,0
2026-08-08,UBS-AMZ-001,BRA,MED-AMX-250,13.5,25,45.0,7,0
2026-08-09,UBS-AMZ-001,BRA,MED-AMX-250,11.5,123,2.2,0,1
2026-08-10,UBS-AMZ-001,BRA,MED-AMX-250,14.4,96,45.0,9,0
2026-08-11,UBS-AMZ-001,BRA,MED-AMX-250,12.3,133,45.0,5,0
2026-08-12,UBS-AMZ-001,BRA,MED-AMX-250,17.9,96,11.2,2,0
2026-08-13,UBS-AMZ-001,BRA,MED-AMX-250,15.4,24,45.0,7,0
2026-08-14,UBS-AMZ-001,BRA,MED-AMX-250,15.4,151,45.0,9,0
2026-08-15,UBS-AMZ-001,BRA,MED-AMX-250,18.1,148,1.0,0,0
2026-08-16,UBS-AMZ-001,BRA,MED-AMX-250,14.2,29,7.7,2,1
2026-08-17,UBS-AMZ-001,BRA,MED-AMX-250,12.2,131,0.4,2,0
2026-06-19,UBS-AMZ-001,BRA,MED-ORS-PKG,76.3,343,45.0,8,0
2026-06-20,UBS-AMZ-001,BRA,MED-ORS-PKG,42.6,450,0.7,2,0
2026-06-21,UBS-AMZ-001,BRA,MED-ORS-PKG,69.3,763,45.0,6,1
2026-06-22,UBS-AMZ-001,BRA,MED-ORS-PKG,51.7,522,10.9,2,0
2026-06-23,UBS-AMZ-001,BRA,MED-ORS-PKG,56.1,427,45.0,2,0
2026-06-24,UBS-AMZ-001,BRA,MED-ORS-PKG,64.7,198,45.0,4,0
2026-06-25,UBS-AMZ-001,BRA,MED-ORS-PKG,38.9,363,4.4,1,0
2026-06-26,UBS-AMZ-001,BRA,MED-ORS-PKG,61.4,152,45.0,7,0
2026-06-27,UBS-AMZ-001,BRA,MED-ORS-PKG,62.5,618,45.0,9,0
2026-06-28,UBS-AMZ-001,BRA,MED-ORS-PKG,64.1,199,45.0,11,1
2026-06-29,UBS-AMZ-001,BRA,MED-ORS-PKG,45.5,120,8.2,2,0
2026-06-30,UBS-AMZ-001,BRA,MED-ORS-PKG,46.1,362,0.8,2,0
2026-07-01,UBS-AMZ-001,BRA,MED-ORS-PKG,48.5,142,15.9,2,0
2026-07-02,UBS-AMZ-001,BRA,MED-ORS-PKG,73.3,160,45.0,7,0
2026-07-03,UBS-AMZ-001,BRA,MED-ORS-PKG,60.1,644,2.3,4,0
2026-07-04,UBS-AMZ-001,BRA,MED-ORS-PKG,58.7,260,4.2,0,0
2026-07-05,UBS-AMZ-001,BRA,MED-ORS-PKG,70.8,344,45.0,11,1
2026-07-06,UBS-AMZ-001,BRA,MED-ORS-PKG,71.3,523,45.0,9,0
2026-07-07,UBS-AMZ-001,BRA,MED-ORS-PKG,53.2,342,0.5,3,0
2026-07-08,UBS-AMZ-001,BRA,MED-ORS-PKG,55.1,379,3.1,3,0
2026-07-09,UBS-AMZ-001,BRA,MED-ORS-PKG,66.2,774,3.1,1,0
2026-07-10,UBS-AMZ-001,BRA,MED-ORS-PKG,48.0,425,3.7,0,0
2026-07-11,UBS-AMZ-001,BRA,MED-ORS-PKG,65.2,210,45.0,5,0
2026-07-12,UBS-AMZ-001,BRA,MED-ORS-PKG,88.9,609,45.0,8,1
2026-07-13,UBS-AMZ-001,BRA,MED-ORS-PKG,59.5,534,9.9,2,0
2026-07-14,UBS-AMZ-001,BRA,MED-ORS-PKG,68.8,207,45.0,9,0
2026-07-15,UBS-AMZ-001,BRA,MED-ORS-PKG,54.3,264,6.9,2,0
2026-07-16,UBS-AMZ-001,BRA,MED-ORS-PKG,72.2,857,45.0,10,0
2026-07-17,UBS-AMZ-001,BRA,MED-ORS-PKG,76.2,462,45.0,7,0
2026-07-18,UBS-AMZ-001,BRA,MED-ORS-PKG,59.5,425,45.0,3,0
2026-07-19,UBS-AMZ-001,BRA,MED-ORS-PKG,62.5,504,8.2,1,1
2026-07-20,UBS-AMZ-001,BRA,MED-ORS-PKG,59.5,688,11.6,0,0
2026-07-21,UBS-AMZ-001,BRA,MED-ORS-PKG,72.0,430,45.0,11,0
2026-07-22,UBS-AMZ-001,BRA,MED-ORS-PKG,79.1,588,45.0,11,0
2026-07-23,UBS-AMZ-001,BRA,MED-ORS-PKG,74.5,884,45.0,11,0
2026-07-24,UBS-AMZ-001,BRA,MED-ORS-PKG,74.0,671,45.0,12,0
2026-07-25,UBS-AMZ-001,BRA,MED-ORS-PKG,40.9,488,5.2,2,0
2026-07-26,UBS-AMZ-001,BRA,MED-ORS-PKG,57.1,97,45.0,9,1
2026-07-27,UBS-AMZ-001,BRA,MED-ORS-PKG,64.1,269,45.0,3,0
2026-07-28,UBS-AMZ-001,BRA,MED-ORS-PKG,49.2,344,1.9,2,0
2026-07-29,UBS-AMZ-001,BRA,MED-ORS-PKG,59.1,631,1.7,2,0
2026-07-30,UBS-AMZ-001,BRA,MED-ORS-PKG,70.2,433,45.0,6,0
2026-07-31,UBS-AMZ-001,BRA,MED-ORS-PKG,44.7,447,2.8,2,0
2026-08-01,UBS-AMZ-001,BRA,MED-ORS-PKG,52.7,175,6.9,0,0
2026-08-02,UBS-AMZ-001,BRA,MED-ORS-PKG,55.2,445,14.9,0,1
2026-08-03,UBS-AMZ-001,BRA,MED-ORS-PKG,74.3,462,45.0,9,0
2026-08-04,UBS-AMZ-001,BRA,MED-ORS-PKG,59.4,476,3.9,2,0
2026-08-05,UBS-AMZ-001,BRA,MED-ORS-PKG,66.6,361,12.0,2,0
2026-08-06,UBS-AMZ-001,BRA,MED-ORS-PKG,34.7,224,4.9,2,0
2026-08-07,UBS-AMZ-001,BRA,MED-ORS-PKG,75.7,442,45.0,5,0
2026-08-08,UBS-AMZ-001,BRA,MED-ORS-PKG,56.7,507,9.0,4,0
2026-08-09,UBS-AMZ-001,BRA,MED-ORS-PKG,75.5,399,45.0,12,1
2026-08-10,UBS-AMZ-001,BRA,MED-ORS-PKG,44.7,164,1.3,1,0
2026-08-11,UBS-AMZ-001,BRA,MED-ORS-PKG,58.9,314,17.4,2,0
2026-08-12,UBS-AMZ-001,BRA,MED-ORS-PKG,57.0,565,6.5,1,0
2026-08-13,UBS-AMZ-001,BRA,MED-ORS-PKG,58.2,120,45.0,6,0
2026-08-14,UBS-AMZ-001,BRA,MED-ORS-PKG,35.1,210,6.5,3,0
2026-08-15,UBS-AMZ-001,BRA,MED-ORS-PKG,56.9,454,2.3,3,0
2026-08-16,UBS-AMZ-001,BRA,MED-ORS-PKG,56.5,519,10.8,1,1
2026-08-17,UBS-AMZ-001,BRA,MED-ORS-PKG,60.9,700,45.0,10,0
2026-06-19,UBS-AMZ-001,BRA,MED-ART-60,8.3,17,45.0,6,0
2026-06-20,UBS-AMZ-001,BRA,MED-ART-60,8.2,25,45.0,5,0
2026-06-21,UBS-AMZ-001,BRA,MED-ART-60,8.3,89,5.2,3,1
2026-06-22,UBS-AMZ-001,BRA,MED-ART-60,8.3,31,45.0,11,0
2026-06-23,UBS-AMZ-001,BRA,MED-ART-60,9.2,20,19.1,3,0
2026-06-24,UBS-AMZ-001,BRA,MED-ART-60,6.2,31,6.6,1,0
2026-06-25,UBS-AMZ-001,BRA,MED-ART-60,7.2,72,2.6,2,0
2026-06-26,UBS-AMZ-001,BRA,MED-ART-60,8.4,55,45.0,7,0
2026-06-27,UBS-AMZ-001,BRA,MED-ART-60,6.8,38,45.0,7,0
2026-06-28,UBS-AMZ-001,BRA,MED-ART-60,8.4,46,45.0,12,1
2026-06-29,UBS-AMZ-001,BRA,MED-ART-60,6.7,28,0.3,1,0
2026-06-30,UBS-AMZ-001,BRA,MED-ART-60,5.6,63,5.9,1,0
2026-07-01,UBS-AMZ-001,BRA,MED-ART-60,8.4,97,6.4,3,0
2026-07-02,UBS-AMZ-001,BRA,MED-ART-60,6.7,41,9.4,2,0
2026-07-03,UBS-AMZ-001,BRA,MED-ART-60,5.9,25,0.7,0,0
2026-07-04,UBS-AMZ-001,BRA,MED-ART-60,5.9,15,1.8,1,0
2026-07-05,UBS-AMZ-001,BRA,MED-ART-60,10.4,121,45.0,5,1
2026-07-06,UBS-AMZ-001,BRA,MED-ART-60,9.1,104,45.0,6,0
2026-07-07,UBS-AMZ-001,BRA,MED-ART-60,11.1,84,45.0,6,0
2026-07-08,UBS-AMZ-001,BRA,MED-ART-60,4.8,47,45.0,9,0
2026-07-09,UBS-AMZ-001,BRA,MED-ART-60,8.1,43,19.0,1,0
2026-07-10,UBS-AMZ-001,BRA,MED-ART-60,8.8,60,4.9,2,0
2026-07-11,UBS-AMZ-001,BRA,MED-ART-60,7.9,46,2.2,1,0
2026-07-12,UBS-AMZ-001,BRA,MED-ART-60,8.4,84,1.1,1,1
2026-07-13,UBS-AMZ-001,BRA,MED-ART-60,7.7,20,10.3,1,0
2026-07-14,UBS-AMZ-001,BRA,MED-ART-60,7.9,35,1.9,2,0
2026-07-15,UBS-AMZ-001,BRA,MED-ART-60,10.3,38,1.2,3,0
2026-07-16,UBS-AMZ-001,BRA,MED-ART-60,8.7,30,45.0,9,0
2026-07-17,UBS-AMZ-001,BRA,MED-ART-60,9.1,96,6.9,3,0
2026-07-18,UBS-AMZ-001,BRA,MED-ART-60,9.9,101,0.8,0,0
2026-07-19,UBS-AMZ-001,BRA,MED-ART-60,9.2,31,5.9,3,1
2026-07-20,UBS-AMZ-001,BRA,MED-ART-60,7.1,72,45.0,9,0
2026-07-21,UBS-AMZ-001,BRA,MED-ART-60,8.1,39,45.0,18,0
2026-07-22,UBS-AMZ-001,BRA,MED-ART-60,6.7,51,14.8,4,0
2026-07-23,UBS-AMZ-001,BRA,MED-ART-60,9.0,36,45.0,7,0
2026-07-24,UBS-AMZ-001,BRA,MED-ART-60,9.6,49,8.4,1,0
2026-07-25,UBS-AMZ-001,BRA,MED-ART-60,9.0,30,2.5,3,0
2026-07-26,UBS-AMZ-001,BRA,MED-ART-60,6.4,38,45.0,8,1
2026-07-27,UBS-AMZ-001,BRA,MED-ART-60,7.4,28,45.0,14,0
2026-07-28,UBS-AMZ-001,BRA,MED-ART-60,8.8,52,45.0,11,0
2026-07-29,UBS-AMZ-001,BRA,MED-ART-60,8.5,33,45.0,11,0
2026-07-30,UBS-AMZ-001,BRA,MED-ART-60,8.9,88,0.5,4,0
2026-07-31,UBS-AMZ-001,BRA,MED-ART-60,10.0,111,4.0,4,0
2026-08-01,UBS-AMZ-001,BRA,MED-ART-60,9.5,77,45.0,9,0
2026-08-02,UBS-AMZ-001,BRA,MED-ART-60,7.5,48,45.0,9,1
2026-08-03,UBS-AMZ-001,BRA,MED-ART-60,6.4,29,45.0,9,0
2026-08-04,UBS-AMZ-001,BRA,MED-ART-60,10.4,93,2.5,1,0
2026-08-05,UBS-AMZ-001,BRA,MED-ART-60,10.6,56,5.7,4,0
2026-08-06,UBS-AMZ-001,BRA,MED-ART-60,8.3,62,1.9,3,0
2026-08-07,UBS-AMZ-001,BRA,MED-ART-60,8.2,26,10.2,2,0
2026-08-08,UBS-AMZ-001,BRA,MED-ART-60,9.3,94,4.7,1,0
2026-08-09,UBS-AMZ-001,BRA,MED-ART-60,7.1,55,45.0,11,1
2026-08-10,UBS-AMZ-001,BRA,MED-ART-60,9.0,47,45.0,11,0
2026-08-11,UBS-AMZ-001,BRA,MED-ART-60,7.8,12,45.0,3,0
2026-08-12,UBS-AMZ-001,BRA,MED-ART-60,9.2,39,8.0,2,0
2026-08-13,UBS-AMZ-001,BRA,MED-ART-60,9.0,44,45.0,10,0
2026-08-14,UBS-AMZ-001,BRA,MED-ART-60,7.9,53,45.0,12,0
2026-08-15,UBS-AMZ-001,BRA,MED-ART-60,8.5,89,6.5,1,0
2026-08-16,UBS-AMZ-001,BRA,MED-ART-60,4.8,32,45.0,13,1
2026-08-17,UBS-AMZ-001,BRA,MED-ART-60,8.4,37,45.0,7,0
2026-06-19,UBS-AMZ-001,BRA,MED-INS-REG,8.7,36,1.6,3,0
2026-06-20,UBS-AMZ-001,BRA,MED-INS-REG,6.3,23,4.2,2,0
2026-06-21,UBS-AMZ-001,BRA,MED-INS-REG,11.5,117,45.0,11,1
2026-06-22,UBS-AMZ-001,BRA,MED-INS-REG,5.8,48,45.0,7,0
2026-06-23,UBS-AMZ-001,BRA,MED-INS-REG,5.6,17,7.4,4,0
2026-06-24,UBS-AMZ-001,BRA,MED-INS-REG,11.0,95,13.0,5,0
2026-06-25,UBS-AMZ-001,BRA,MED-INS-REG,8.6,13,45.0,6,0
2026-06-26,UBS-AMZ-001,BRA,MED-INS-REG,9.2,22,16.8,0,0
2026-06-27,UBS-AMZ-001,BRA,MED-INS-REG,7.7,35,16.7,2,0
2026-06-28,UBS-AMZ-001,BRA,MED-INS-REG,9.2,48,45.0,10,1
2026-06-29,UBS-AMZ-001,BRA,MED-INS-REG,6.8,49,45.0,6,0
2026-06-30,UBS-AMZ-001,BRA,MED-INS-REG,11.2,46,45.0,7,0
2026-07-01,UBS-AMZ-001,BRA,MED-INS-REG,8.6,95,3.6,1,0
2026-07-02,UBS-AMZ-001,BRA,MED-INS-REG,9.3,32,12.7,1,0
2026-07-03,UBS-AMZ-001,BRA,MED-INS-REG,8.2,83,45.0,5,0
2026-07-04,UBS-AMZ-001,BRA,MED-INS-REG,7.0,63,1.9,2,0
2026-07-05,UBS-AMZ-001,BRA,MED-INS-REG,9.7,97,18.8,2,1
2026-07-06,UBS-AMZ-001,BRA,MED-INS-REG,9.9,57,45.0,10,0
2026-07-07,UBS-AMZ-001,BRA,MED-INS-REG,8.8,13,45.0,10,0
2026-07-08,UBS-AMZ-001,BRA,MED-INS-REG,5.7,57,45.0,8,0
2026-07-09,UBS-AMZ-001,BRA,MED-INS-REG,5.9,21,4.7,3,0
2026-07-10,UBS-AMZ-001,BRA,MED-INS-REG,5.2,8,0.2,2,0
2026-07-11,UBS-AMZ-001,BRA,MED-INS-REG,11.2,111,45.0,7,0
2026-07-12,UBS-AMZ-001,BRA,MED-INS-REG,9.9,49,45.0,9,1
2026-07-13,UBS-AMZ-001,BRA,MED-INS-REG,7.4,40,16.4,2,0
2026-07-14,UBS-AMZ-001,BRA,MED-INS-REG,10.2,53,45.0,11,0
2026-07-15,UBS-AMZ-001,BRA,MED-INS-REG,9.6,78,45.0,10,0
2026-07-16,UBS-AMZ-001,BRA,MED-INS-REG,6.8,33,3.7,0,0
2026-07-17,UBS-AMZ-001,BRA,MED-INS-REG,10.2,79,7.8,0,0
2026-07-18,UBS-AMZ-001,BRA,MED-INS-REG,11.6,26,16.0,4,0
2026-07-19,UBS-AMZ-001,BRA,MED-INS-REG,5.9,40,45.0,4,1
2026-07-20,UBS-AMZ-001,BRA,MED-INS-REG,7.2,32,0.4,2,0
2026-07-21,UBS-AMZ-001,BRA,MED-INS-REG,4.3,41,1.9,3,0
2026-07-22,UBS-AMZ-001,BRA,MED-INS-REG,7.5,84,3.9,1,0
2026-07-23,UBS-AMZ-001,BRA,MED-INS-REG,5.8,16,0.2,4,0
2026-07-24,UBS-AMZ-001,BRA,MED-INS-REG,6.3,42,5.0,2,0
2026-07-25,UBS-AMZ-001,BRA,MED-INS-REG,7.2,36,45.0,12,0
2026-07-26,UBS-AMZ-001,BRA,MED-INS-REG,7.2,47,1.6,3,1
2026-07-27,UBS-AMZ-001,BRA,MED-INS-REG,7.1,34,3.3,0,0
2026-07-28,UBS-AMZ-001,BRA,MED-INS-REG,10.2,65,45.0,7,0
2026-07-29,UBS-AMZ-001,BRA,MED-INS-REG,9.1,48,45.0,6,0
2026-07-30,UBS-AMZ-001,BRA,MED-INS-REG,8.5,55,3.2,1,0
2026-07-31,UBS-AMZ-001,BRA,MED-INS-REG,10.4,26,5.7,0,0
2026-08-01,UBS-AMZ-001,BRA,MED-INS-REG,9.5,84,45.0,6,0
2026-08-02,UBS-AMZ-001,BRA,MED-INS-REG,8.5,46,7.9,0,1
2026-08-03,UBS-AMZ-001,BRA,MED-INS-REG,10.1,85,45.0,10,0
2026-08-04,UBS-AMZ-001,BRA,MED-INS-REG,9.3,55,45.0,5,0
2026-08-05,UBS-AMZ-001,BRA,MED-INS-REG,5.1,27,10.3,2,0
2026-08-06,UBS-AMZ-001,BRA,MED-INS-REG,7.9,68,23.9,3,0
2026-08-07,UBS-AMZ-001,BRA,MED-INS-REG,7.1,67,45.0,7,0
2026-08-08,UBS-AMZ-001,BRA,MED-INS-REG,8.4,36,0.1,2,0
2026-08-09,UBS-AMZ-001,BRA,MED-INS-REG,6.6,23,0.0,0,1
2026-08-10,UBS-AMZ-001,BRA,MED-INS-REG,6.4,48,45.0,4,0
2026-08-11,UBS-AMZ-001,BRA,MED-INS-REG,7.5,46,1.1,4,0
2026-08-12,UBS-AMZ-001,BRA,MED-INS-REG,9.3,39,45.0,10,0
2026-08-13,UBS-AMZ-001,BRA,MED-INS-REG,9.8,47,45.0,6,0
2026-08-14,UBS-AMZ-001,BRA,MED-INS-REG,7.7,45,1.8,1,0
2026-08-15,UBS-AMZ-001,BRA,MED-INS-REG,7.2,57,0.7,3,0
2026-08-16,UBS-AMZ-001,BRA,MED-INS-REG,7.7,30,1.9,1,1
2026-08-17,UBS-AMZ-001,BRA,MED-INS-REG,9.3,66,4.1,2,0
2026-06-19,UBS-AMZ-002,BRA,MED-PCM-500,36.5,299,12.1,0,0
2026-06-20,UBS-AMZ-002,BRA,MED-PCM-500,34.9,154,45.0,7,0
2026-06-21,UBS-AMZ-002,BRA,MED-PCM-500,58.7,259,45.0,8,1
2026-06-22,UBS-AMZ-002,BRA,MED-PCM-500,57.4,179,45.0,4,0
2026-06-23,UBS-AMZ-002,BRA,MED-PCM-500,21.0,237,3.1,1,0
2026-06-24,UBS-AMZ-002,BRA,MED-PCM-500,53.9,193,45.0,7,0
2026-06-25,UBS-AMZ-002,BRA,MED-PCM-500,45.4,511,5.9,0,0
2026-06-26,UBS-AMZ-002,BRA,MED-PCM-500,42.2,204,4.9,2,0
2026-06-27,UBS-AMZ-002,BRA,MED-PCM-500,47.1,229,45.0,8,0
2026-06-28,UBS-AMZ-002,BRA,MED-PCM-500,39.1,256,45.0,7,1
2026-06-29,UBS-AMZ-002,BRA,MED-PCM-500,31.7,55,3.4,1,0
2026-06-30,UBS-AMZ-002,BRA,MED-PCM-500,62.5,349,45.0,6,0
2026-07-01,UBS-AMZ-002,BRA,MED-PCM-500,68.6,450,45.0,7,0
2026-07-02,UBS-AMZ-002,BRA,MED-PCM-500,37.7,115,0.3,3,0
2026-07-03,UBS-AMZ-002,BRA,MED-PCM-500,59.1,558,45.0,6,0
2026-07-04,UBS-AMZ-002,BRA,MED-PCM-500,32.7,93,4.9,0,0
2026-07-05,UBS-AMZ-002,BRA,MED-PCM-500,28.1,312,0.7,2,1
2026-07-06,UBS-AMZ-002,BRA,MED-PCM-500,69.5,778,45.0,5,0
2026-07-07,UBS-AMZ-002,BRA,MED-PCM-500,42.2,376,45.0,5,0
2026-07-08,UBS-AMZ-002,BRA,MED-PCM-500,45.5,179,4.8,2,0
2026-07-09,UBS-AMZ-002,BRA,MED-PCM-500,31.4,145,0.2,1,0
2026-07-10,UBS-AMZ-002,BRA,MED-PCM-500,47.7,560,45.0,5,0
2026-07-11,UBS-AMZ-002,BRA,MED-PCM-500,26.3,84,1.4,0,0
2026-07-12,UBS-AMZ-002,BRA,MED-PCM-500,55.6,115,45.0,10,1
2026-07-13,UBS-AMZ-002,BRA,MED-PCM-500,45.7,504,45.0,5,0
2026-07-14,UBS-AMZ-002,BRA,MED-PCM-500,42.1,463,45.0,9,0
2026-07-15,UBS-AMZ-002,BRA,MED-PCM-500,34.3,322,7.4,3,0
2026-07-16,UBS-AMZ-002,BRA,MED-PCM-500,46.0,490,8.6,5,0
2026-07-17,UBS-AMZ-002,BRA,MED-PCM-500,39.7,104,14.3,2,0
2026-07-18,UBS-AMZ-002,BRA,MED-PCM-500,30.3,77,0.1,4,0
2026-07-19,UBS-AMZ-002,BRA,MED-PCM-500,40.1,391,0.7,2,1
2026-07-20,UBS-AMZ-002,BRA,MED-PCM-500,69.4,239,45.0,8,0
2026-07-21,UBS-AMZ-002,BRA,MED-PCM-500,51.7,601,45.0,13,0
2026-07-22,UBS-AMZ-002,BRA,MED-PCM-500,37.3,160,2.2,3,0
2026-07-23,UBS-AMZ-002,BRA,MED-PCM-500,30.9,168,3.3,2,0
2026-07-24,UBS-AMZ-002,BRA,MED-PCM-500,36.8,279,9.2,0,0
2026-07-25,UBS-AMZ-002,BRA,MED-PCM-500,39.2,165,45.0,7,0
2026-07-26,UBS-AMZ-002,BRA,MED-PCM-500,32.9,144,11.4,2,1
2026-07-27,UBS-AMZ-002,BRA,MED-PCM-500,64.7,658,45.0,9,0
2026-07-28,UBS-AMZ-002,BRA,MED-PCM-500,28.3,263,3.0,2,0
2026-07-29,UBS-AMZ-002,BRA,MED-PCM-500,30.8,135,13.4,1,0
2026-07-30,UBS-AMZ-002,BRA,MED-PCM-500,45.9,213,2.3,3,0
2026-07-31,UBS-AMZ-002,BRA,MED-PCM-500,54.5,186,45.0,12,0
2026-08-01,UBS-AMZ-002,BRA,MED-PCM-500,41.2,209,5.3,6,0
2026-08-02,UBS-AMZ-002,BRA,MED-PCM-500,43.7,510,2.5,0,1
2026-08-03,UBS-AMZ-002,BRA,MED-PCM-500,30.6,249,2.6,1,0
2026-08-04,UBS-AMZ-002,BRA,MED-PCM-500,30.6,93,0.5,3,0
2026-08-05,UBS-AMZ-002,BRA,MED-PCM-500,41.6,85,7.6,2,0
2026-08-06,UBS-AMZ-002,BRA,MED-PCM-500,58.1,627,45.0,5,0
2026-08-07,UBS-AMZ-002,BRA,MED-PCM-500,22.0,169,3.3,1,0
2026-08-08,UBS-AMZ-002,BRA,MED-PCM-500,32.6,96,3.0,1,0
2026-08-09,UBS-AMZ-002,BRA,MED-PCM-500,43.0,483,3.5,2,1
2026-08-10,UBS-AMZ-002,BRA,MED-PCM-500,44.4,255,0.2,4,0
2026-08-11,UBS-AMZ-002,BRA,MED-PCM-500,53.6,341,45.0,8,0
2026-08-12,UBS-AMZ-002,BRA,MED-PCM-500,41.3,429,45.0,14,0
2026-08-13,UBS-AMZ-002,BRA,MED-PCM-500,36.6,187,0.3,3,0
2026-08-14,UBS-AMZ-002,BRA,MED-PCM-500,31.7,357,2.7,1,0
2026-08-15,UBS-AMZ-002,BRA,MED-PCM-500,53.3,217,45.0,8,0
2026-08-16,UBS-AMZ-002,BRA,MED-PCM-500,50.0,450,3.9,5,1
2026-08-17,UBS-AMZ-002,BRA,MED-PCM-500,29.1,82,0.9,3,0
2026-06-19,UBS-AMZ-002,BRA,MED-AMX-250,9.6,61,45.0,4,0
2026-06-20,UBS-AMZ-002,BRA,MED-AMX-250,12.0,120,45.0,8,0
2026-06-21,UBS-AMZ-002,BRA,MED-AMX-250,11.7,59,3.3,3,1
2026-06-22,UBS-AMZ-002,BRA,MED-AMX-250,15.3,164,45.0,6,0
2026-06-23,UBS-AMZ-002,BRA,MED-AMX-250,19.6,177,45.0,10,0
2026-06-24,UBS-AMZ-002,BRA,MED-AMX-250,15.2,114,0.2,0,0
2026-06-25,UBS-AMZ-002,BRA,MED-AMX-250,16.4,78,45.0,14,0
2026-06-26,UBS-AMZ-002,BRA,MED-AMX-250,12.5,21,2.1,1,0
2026-06-27,UBS-AMZ-002,BRA,MED-AMX-250,19.1,40,12.2,1,0
2026-06-28,UBS-AMZ-002,BRA,MED-AMX-250,12.2,34,4.1,1,1
2026-06-29,UBS-AMZ-002,BRA,MED-AMX-250,13.0,26,45.0,6,0
2026-06-30,UBS-AMZ-002,BRA,MED-AMX-250,16.3,88,45.0,10,0
2026-07-01,UBS-AMZ-002,BRA,MED-AMX-250,14.6,112,45.0,7,0
2026-07-02,UBS-AMZ-002,BRA,MED-AMX-250,12.9,125,45.0,11,0
2026-07-03,UBS-AMZ-002,BRA,MED-AMX-250,12.8,81,19.5,2,0
2026-07-04,UBS-AMZ-002,BRA,MED-AMX-250,17.1,159,2.9,0,0
2026-07-05,UBS-AMZ-002,BRA,MED-AMX-250,17.5,166,45.0,10,1
2026-07-06,UBS-AMZ-002,BRA,MED-AMX-250,11.3,74,17.9,1,0
2026-07-07,UBS-AMZ-002,BRA,MED-AMX-250,15.8,189,0.1,2,0
2026-07-08,UBS-AMZ-002,BRA,MED-AMX-250,12.0,131,0.0,2,0
2026-07-09,UBS-AMZ-002,BRA,MED-AMX-250,18.7,145,0.2,0,0
2026-07-10,UBS-AMZ-002,BRA,MED-AMX-250,18.7,50,1.5,1,0
2026-07-11,UBS-AMZ-002,BRA,MED-AMX-250,10.8,91,45.0,6,0
2026-07-12,UBS-AMZ-002,BRA,MED-AMX-250,12.7,83,45.0,12,1
2026-07-13,UBS-AMZ-002,BRA,MED-AMX-250,17.1,26,45.0,13,0
2026-07-14,UBS-AMZ-002,BRA,MED-AMX-250,17.7,190,45.0,13,0
2026-07-15,UBS-AMZ-002,BRA,MED-AMX-250,19.7,68,45.0,6,0
2026-07-16,UBS-AMZ-002,BRA,MED-AMX-250,17.2,204,7.7,4,0
2026-07-17,UBS-AMZ-002,BRA,MED-AMX-250,15.2,138,3.5,0,0
2026-07-18,UBS-AMZ-002,BRA,MED-AMX-250,11.8,39,45.0,14,0
2026-07-19,UBS-AMZ-002,BRA,MED-AMX-250,15.8,89,5.4,1,1
2026-07-20,UBS-AMZ-002,BRA,MED-AMX-250,13.7,144,45.0,8,0
2026-07-21,UBS-AMZ-002,BRA,MED-AMX-250,14.6,31,0.2,1,0
2026-07-22,UBS-AMZ-002,BRA,MED-AMX-250,17.4,51,6.8,2,0
2026-07-23,UBS-AMZ-002,BRA,MED-AMX-250,17.1,49,1.6,2,0
2026-07-24,UBS-AMZ-002,BRA,MED-AMX-250,20.3,76,3.2,3,0
2026-07-25,UBS-AMZ-002,BRA,MED-AMX-250,16.0,169,45.0,4,0
2026-07-26,UBS-AMZ-002,BRA,MED-AMX-250,16.9,138,0.3,5,1
2026-07-27,UBS-AMZ-002,BRA,MED-AMX-250,16.3,78,45.0,9,0
2026-07-28,UBS-AMZ-002,BRA,MED-AMX-250,14.0,77,9.4,2,0
2026-07-29,UBS-AMZ-002,BRA,MED-AMX-250,13.3,53,45.0,9,0
2026-07-30,UBS-AMZ-002,BRA,MED-AMX-250,17.5,46,9.5,3,0
2026-07-31,UBS-AMZ-002,BRA,MED-AMX-250,15.3,46,0.2,2,0
2026-08-01,UBS-AMZ-002,BRA,MED-AMX-250,12.4,125,0.1,2,0
2026-08-02,UBS-AMZ-002,BRA,MED-AMX-250,20.8,63,45.0,6,1
2026-08-03,UBS-AMZ-002,BRA,MED-AMX-250,12.3,98,19.3,3,0
2026-08-04,UBS-AMZ-002,BRA,MED-AMX-250,16.3,113,45.0,12,0
2026-08-05,UBS-AMZ-002,BRA,MED-AMX-250,17.0,36,2.4,2,0
2026-08-06,UBS-AMZ-002,BRA,MED-AMX-250,11.4,25,9.0,5,0
2026-08-07,UBS-AMZ-002,BRA,MED-AMX-250,19.9,222,45.0,6,0
2026-08-08,UBS-AMZ-002,BRA,MED-AMX-250,13.7,154,2.4,3,0
2026-08-09,UBS-AMZ-002,BRA,MED-AMX-250,9.6,105,13.8,2,1
2026-08-10,UBS-AMZ-002,BRA,MED-AMX-250,14.2,48,6.9,4,0
2026-08-11,UBS-AMZ-002,BRA,MED-AMX-250,10.4,23,2.2,4,0
2026-08-12,UBS-AMZ-002,BRA,MED-AMX-250,19.0,161,45.0,6,0
2026-08-13,UBS-AMZ-002,BRA,MED-AMX-250,15.4,133,45.0,7,0
2026-08-14,UBS-AMZ-002,BRA,MED-AMX-250,20.0,144,1.1,2,0
2026-08-15,UBS-AMZ-002,BRA,MED-AMX-250,19.8,236,45.0,8,0
2026-08-16,UBS-AMZ-002,BRA,MED-AMX-250,17.5,54,20.0,5,1
2026-08-17,UBS-AMZ-002,BRA,MED-AMX-250,16.9,75,45.0,4,0
2026-06-19,UBS-AMZ-002,BRA,MED-ORS-PKG,49.4,108,1.6,1,0
2026-06-20,UBS-AMZ-002,BRA,MED-ORS-PKG,60.2,228,45.0,7,0
2026-06-21,UBS-AMZ-002,BRA,MED-ORS-PKG,37.1,90,20.4,2,1
2026-06-22,UBS-AMZ-002,BRA,MED-ORS-PKG,64.8,721,45.0,6,0
2026-06-23,UBS-AMZ-002,BRA,MED-ORS-PKG,62.4,527,45.0,9,0
2026-06-24,UBS-AMZ-002,BRA,MED-ORS-PKG,39.9,183,0.2,3,0
2026-06-25,UBS-AMZ-002,BRA,MED-ORS-PKG,40.0,130,25.9,4,0
2026-06-26,UBS-AMZ-002,BRA,MED-ORS-PKG,53.3,532,3.6,1,0
2026-06-27,UBS-AMZ-002,BRA,MED-ORS-PKG,53.1,546,1.5,2,0
2026-06-28,UBS-AMZ-002,BRA,MED-ORS-PKG,51.0,488,3.4,0,1
2026-06-29,UBS-AMZ-002,BRA,MED-ORS-PKG,60.5,93,45.0,6,0
2026-06-30,UBS-AMZ-002,BRA,MED-ORS-PKG,56.5,556,45.0,5,0
2026-07-01,UBS-AMZ-002,BRA,MED-ORS-PKG,62.1,341,45.0,5,0
2026-07-02,UBS-AMZ-002,BRA,MED-ORS-PKG,76.0,777,45.0,6,0
2026-07-03,UBS-AMZ-002,BRA,MED-ORS-PKG,65.5,579,45.0,9,0
2026-07-04,UBS-AMZ-002,BRA,MED-ORS-PKG,63.0,530,15.7,3,0
2026-07-05,UBS-AMZ-002,BRA,MED-ORS-PKG,49.4,293,4.5,2,1
2026-07-06,UBS-AMZ-002,BRA,MED-ORS-PKG,50.0,483,0.7,1,0
2026-07-07,UBS-AMZ-002,BRA,MED-ORS-PKG,64.3,235,45.0,7,0
2026-07-08,UBS-AMZ-002,BRA,MED-ORS-PKG,60.0,650,45.0,12,0
2026-07-09,UBS-AMZ-002,BRA,MED-ORS-PKG,71.4,367,14.5,2,0
2026-07-10,UBS-AMZ-002,BRA,MED-ORS-PKG,72.6,345,45.0,3,0
2026-07-11,UBS-AMZ-002,BRA,MED-ORS-PKG,56.9,318,4.2,1,0
2026-07-12,UBS-AMZ-002,BRA,MED-ORS-PKG,46.2,358,9.6,2,1
2026-07-13,UBS-AMZ-002,BRA,MED-ORS-PKG,43.1,116,0.9,4,0
2026-07-14,UBS-AMZ-002,BRA,MED-ORS-PKG,58.5,699,3.0,3,0
2026-07-15,UBS-AMZ-002,BRA,MED-ORS-PKG,33.1,329,2.6,4,0
2026-07-16,UBS-AMZ-002,BRA,MED-ORS-PKG,54.4,540,9.3,2,0
2026-07-17,UBS-AMZ-002,BRA,MED-ORS-PKG,63.5,414,45.0,3,0
2026-07-18,UBS-AMZ-002,BRA,MED-ORS-PKG,77.2,911,45.0,13,0
2026-07-19,UBS-AMZ-002,BRA,MED-ORS-PKG,48.5,321,1.0,3,1
2026-07-20,UBS-AMZ-002,BRA,MED-ORS-PKG,54.7,206,5.5,1,0
2026-07-21,UBS-AMZ-002,BRA,MED-ORS-PKG,46.1,452,3.5,3,0
2026-07-22,UBS-AMZ-002,BRA,MED-ORS-PKG,59.3,443,28.5,4,0
2026-07-23,UBS-AMZ-002,BRA,MED-ORS-PKG,74.4,663,45.0,14,0
2026-07-24,UBS-AMZ-002,BRA,MED-ORS-PKG,55.7,636,1.2,1,0
2026-07-25,UBS-AMZ-002,BRA,MED-ORS-PKG,69.6,185,45.0,5,0
2026-07-26,UBS-AMZ-002,BRA,MED-ORS-PKG,63.9,738,3.0,3,1
2026-07-27,UBS-AMZ-002,BRA,MED-ORS-PKG,38.0,145,6.5,0,0
2026-07-28,UBS-AMZ-002,BRA,MED-ORS-PKG,60.8,660,7.2,1,0
2026-07-29,UBS-AMZ-002,BRA,MED-ORS-PKG,41.2,216,45.0,11,0
2026-07-30,UBS-AMZ-002,BRA,MED-ORS-PKG,85.5,418,45.0,3,0
2026-07-31,UBS-AMZ-002,BRA,MED-ORS-PKG,59.5,579,45.0,12,0
2026-08-01,UBS-AMZ-002,BRA,MED-ORS-PKG,50.0,565,5.6,2,0
2026-08-02,UBS-AMZ-002,BRA,MED-ORS-PKG,53.3,531,45.0,9,1
2026-08-03,UBS-AMZ-002,BRA,MED-ORS-PKG,62.6,652,45.0,5,0
2026-08-04,UBS-AMZ-002,BRA,MED-ORS-PKG,68.2,508,45.0,10,0
2026-08-05,UBS-AMZ-002,BRA,MED-ORS-PKG,45.7,354,2.4,0,0
2026-08-06,UBS-AMZ-002,BRA,MED-ORS-PKG,66.1,528,13.2,0,0
2026-08-07,UBS-AMZ-002,BRA,MED-ORS-PKG,76.6,144,5.0,3,0
2026-08-08,UBS-AMZ-002,BRA,MED-ORS-PKG,64.5,158,45.0,8,0
2026-08-09,UBS-AMZ-002,BRA,MED-ORS-PKG,66.6,602,45.0,12,1
2026-08-10,UBS-AMZ-002,BRA,MED-ORS-PKG,66.8,683,45.0,6,0
2026-08-11,UBS-AMZ-002,BRA,MED-ORS-PKG,55.6,314,0.4,1,0
2026-08-12,UBS-AMZ-002,BRA,MED-ORS-PKG,59.6,662,4.8,3,0
2026-08-13,UBS-AMZ-002,BRA,MED-ORS-PKG,79.5,753,45.0,9,0
2026-08-14,UBS-AMZ-002,BRA,MED-ORS-PKG,78.8,682,45.0,11,0
2026-08-15,UBS-AMZ-002,BRA,MED-ORS-PKG,54.5,254,0.5,4,0
2026-08-16,UBS-AMZ-002,BRA,MED-ORS-PKG,57.2,148,0.1,0,1
2026-08-17,UBS-AMZ-002,BRA,MED-ORS-PKG,54.6,348,45.0,8,0
2026-06-19,UBS-AMZ-002,BRA,MED-ART-60,9.7,29,45.0,13,0
2026-06-20,UBS-AMZ-002,BRA,MED-ART-60,7.4,19,7.0,1,0
2026-06-21,UBS-AMZ-002,BRA,MED-ART-60,8.8,56,45.0,5,1
2026-06-22,UBS-AMZ-002,BRA,MED-ART-60,9.0,100,1.7,2,0
2026-06-23,UBS-AMZ-002,BRA,MED-ART-60,4.7,10,0.1,1,0
2026-06-24,UBS-AMZ-002,BRA,MED-ART-60,8.6,27,2.0,3,0
2026-06-25,UBS-AMZ-002,BRA,MED-ART-60,8.1,29,0.8,1,0
2026-06-26,UBS-AMZ-002,BRA,MED-ART-60,5.9,68,1.5,2,0
2026-06-27,UBS-AMZ-002,BRA,MED-ART-60,7.1,57,2.0,0,0
2026-06-28,UBS-AMZ-002,BRA,MED-ART-60,6.2,36,45.0,5,1
2026-06-29,UBS-AMZ-002,BRA,MED-ART-60,8.0,25,0.7,6,0
2026-06-30,UBS-AMZ-002,BRA,MED-ART-60,7.9,19,6.5,4,0
2026-07-01,UBS-AMZ-002,BRA,MED-ART-60,10.4,74,4.7,1,0
2026-07-02,UBS-AMZ-002,BRA,MED-ART-60,6.8,67,14.8,4,0
2026-07-03,UBS-AMZ-002,BRA,MED-ART-60,9.4,14,45.0,9,0
2026-07-04,UBS-AMZ-002,BRA,MED-ART-60,8.6,33,1.7,2,0
2026-07-05,UBS-AMZ-002,BRA,MED-ART-60,10.4,105,4.9,0,1
2026-07-06,UBS-AMZ-002,BRA,MED-ART-60,6.6,21,45.0,9,0
2026-07-07,UBS-AMZ-002,BRA,MED-ART-60,6.3,47,3.8,2,0
2026-07-08,UBS-AMZ-002,BRA,MED-ART-60,9.9,68,2.9,4,0
2026-07-09,UBS-AMZ-002,BRA,MED-ART-60,7.2,12,5.8,4,0
2026-07-10,UBS-AMZ-002,BRA,MED-ART-60,10.8,111,10.6,2,0
2026-07-11,UBS-AMZ-002,BRA,MED-ART-60,7.2,39,45.0,8,0
2026-07-12,UBS-AMZ-002,BRA,MED-ART-60,6.0,25,45.0,3,1
2026-07-13,UBS-AMZ-002,BRA,MED-ART-60,6.2,45,45.0,9,0
2026-07-14,UBS-AMZ-002,BRA,MED-ART-60,8.4,80,45.0,5,0
2026-07-15,UBS-AMZ-002,BRA,MED-ART-60,9.0,93,4.6,0,0
2026-07-16,UBS-AMZ-002,BRA,MED-ART-60,6.9,21,45.0,7,0
2026-07-17,UBS-AMZ-002,BRA,MED-ART-60,10.2,74,45.0,5,0
2026-07-18,UBS-AMZ-002,BRA,MED-ART-60,8.5,46,9.4,1,0
2026-07-19,UBS-AMZ-002,BRA,MED-ART-60,7.9,80,7.1,2,1
2026-07-20,UBS-AMZ-002,BRA,MED-ART-60,11.1,94,45.0,4,0
2026-07-21,UBS-AMZ-002,BRA,MED-ART-60,6.8,33,0.9,2,0
2026-07-22,UBS-AMZ-002,BRA,MED-ART-60,6.5,32,45.0,8,0
2026-07-23,UBS-AMZ-002,BRA,MED-ART-60,7.4,23,4.4,3,0
2026-07-24,UBS-AMZ-002,BRA,MED-ART-60,9.6,103,1.7,0,0
2026-07-25,UBS-AMZ-002,BRA,MED-ART-60,10.5,72,6.6,2,0
2026-07-26,UBS-AMZ-002,BRA,MED-ART-60,7.0,17,45.0,6,1
2026-07-27,UBS-AMZ-002,BRA,MED-ART-60,6.5,61,45.0,2,0
2026-07-28,UBS-AMZ-002,BRA,MED-ART-60,8.0,25,45.0,5,0
2026-07-29,UBS-AMZ-002,BRA,MED-ART-60,5.1,52,6.0,5,0
2026-07-30,UBS-AMZ-002,BRA,MED-ART-60,8.5,87,1.0,5,0
2026-07-31,UBS-AMZ-002,BRA,MED-ART-60,5.7,47,13.9,0,0
2026-08-01,UBS-AMZ-002,BRA,MED-ART-60,6.8,38,8.1,5,0
2026-08-02,UBS-AMZ-002,BRA,MED-ART-60,8.5,97,3.5,3,1
2026-08-03,UBS-AMZ-002,BRA,MED-ART-60,8.4,94,19.8,3,0
2026-08-04,UBS-AMZ-002,BRA,MED-ART-60,6.0,9,2.3,2,0
2026-08-05,UBS-AMZ-002,BRA,MED-ART-60,7.1,28,2.8,1,0
2026-08-06,UBS-AMZ-002,BRA,MED-ART-60,8.0,75,3.3,0,0
2026-08-07,UBS-AMZ-002,BRA,MED-ART-60,7.0,72,0.9,1,0
2026-08-08,UBS-AMZ-002,BRA,MED-ART-60,5.8,38,2.5,1,0
2026-08-09,UBS-AMZ-002,BRA,MED-ART-60,5.7,52,45.0,8,1
2026-08-10,UBS-AMZ-002,BRA,MED-ART-60,6.9,29,0.7,0,0
2026-08-11,UBS-AMZ-002,BRA,MED-ART-60,5.5,43,2.8,1,0
2026-08-12,UBS-AMZ-002,BRA,MED-ART-60,8.4,29,1.5,2,0
2026-08-13,UBS-AMZ-002,BRA,MED-ART-60,8.3,18,1.2,2,0
2026-08-14,UBS-AMZ-002,BRA,MED-ART-60,7.2,55,45.0,5,0
2026-08-15,UBS-AMZ-002,BRA,MED-ART-60,6.7,62,45.0,13,0
2026-08-16,UBS-AMZ-002,BRA,MED-ART-60,6.8,46,0.2,3,1
2026-08-17,UBS-AMZ-002,BRA,MED-ART-60,8.4,32,45.0,7,0
2026-06-19,UBS-AMZ-002,BRA,MED-INS-REG,7.4,72,5.0,2,0
2026-06-20,UBS-AMZ-002,BRA,MED-INS-REG,8.9,80,45.0,7,0
2026-06-21,UBS-AMZ-002,BRA,MED-INS-REG,4.3,48,45.0,7,1
2026-06-22,UBS-AMZ-002,BRA,MED-INS-REG,5.1,57,1.4,5,0
2026-06-23,UBS-AMZ-002,BRA,MED-INS-REG,4.7,46,22.6,1,0
2026-06-24,UBS-AMZ-002,BRA,MED-INS-REG,6.4,12,45.0,10,0
2026-06-25,UBS-AMZ-002,BRA,MED-INS-REG,4.8,33,45.0,5,0
2026-06-26,UBS-AMZ-002,BRA,MED-INS-REG,10.0,97,4.2,2,0
2026-06-27,UBS-AMZ-002,BRA,MED-INS-REG,7.9,64,1.4,3,0
2026-06-28,UBS-AMZ-002,BRA,MED-INS-REG,9.5,21,45.0,12,1
2026-06-29,UBS-AMZ-002,BRA,MED-INS-REG,7.8,33,3.7,0,0
2026-06-30,UBS-AMZ-002,BRA,MED-INS-REG,8.6,95,1.4,0,0
2026-07-01,UBS-AMZ-002,BRA,MED-INS-REG,7.9,23,13.1,1,0
2026-07-02,UBS-AMZ-002,BRA,MED-INS-REG,7.0,71,45.0,7,0
2026-07-03,UBS-AMZ-002,BRA,MED-INS-REG,9.0,99,45.0,6,0
2026-07-04,UBS-AMZ-002,BRA,MED-INS-REG,7.0,32,0.8,2,0
2026-07-05,UBS-AMZ-002,BRA,MED-INS-REG,8.4,15,5.7,0,1
2026-07-06,UBS-AMZ-002,BRA,MED-INS-REG,9.6,85,1.9,2,0
2026-07-07,UBS-AMZ-002,BRA,MED-INS-REG,8.1,90,2.3,4,0
2026-07-08,UBS-AMZ-002,BRA,MED-INS-REG,8.0,38,45.0,6,0
2026-07-09,UBS-AMZ-002,BRA,MED-INS-REG,8.3,51,9.9,1,0
2026-07-10,UBS-AMZ-002,BRA,MED-INS-REG,9.5,74,45.0,6,0
2026-07-11,UBS-AMZ-002,BRA,MED-INS-REG,6.9,23,3.9,2,0
2026-07-12,UBS-AMZ-002,BRA,MED-INS-REG,6.8,46,3.1,1,1
2026-07-13,UBS-AMZ-002,BRA,MED-INS-REG,10.5,105,1.2,2,0
2026-07-14,UBS-AMZ-002,BRA,MED-INS-REG,6.9,28,45.0,11,0
2026-07-15,UBS-AMZ-002,BRA,MED-INS-REG,7.8,23,45.0,12,0
2026-07-16,UBS-AMZ-002,BRA,MED-INS-REG,6.6,78,7.3,1,0
2026-07-17,UBS-AMZ-002,BRA,MED-INS-REG,7.8,25,10.4,2,0
2026-07-18,UBS-AMZ-002,BRA,MED-INS-REG,7.2,72,9.1,2,0
2026-07-19,UBS-AMZ-002,BRA,MED-INS-REG,9.0,102,45.0,8,1
2026-07-20,UBS-AMZ-002,BRA,MED-INS-REG,7.4,60,45.0,8,0
2026-07-21,UBS-AMZ-002,BRA,MED-INS-REG,8.9,82,45.0,7,0
2026-07-22,UBS-AMZ-002,BRA,MED-INS-REG,5.1,18,45.0,8,0
2026-07-23,UBS-AMZ-002,BRA,MED-INS-REG,6.6,57,8.6,5,0
2026-07-24,UBS-AMZ-002,BRA,MED-INS-REG,11.6,123,6.1,0,0
2026-07-25,UBS-AMZ-002,BRA,MED-INS-REG,5.3,21,45.0,9,0
2026-07-26,UBS-AMZ-002,BRA,MED-INS-REG,7.3,24,18.0,4,1
2026-07-27,UBS-AMZ-002,BRA,MED-INS-REG,8.1,74,6.1,1,0
2026-07-28,UBS-AMZ-002,BRA,MED-INS-REG,6.4,28,3.0,1,0
2026-07-29,UBS-AMZ-002,BRA,MED-INS-REG,7.7,21,45.0,9,0
2026-07-30,UBS-AMZ-002,BRA,MED-INS-REG,4.1,6,7.1,3,0
2026-07-31,UBS-AMZ-002,BRA,MED-INS-REG,7.1,24,1.4,2,0
2026-08-01,UBS-AMZ-002,BRA,MED-INS-REG,6.0,68,45.0,8,0
2026-08-02,UBS-AMZ-002,BRA,MED-INS-REG,7.7,22,45.0,9,1
2026-08-03,UBS-AMZ-002,BRA,MED-INS-REG,6.4,41,11.5,3,0
2026-08-04,UBS-AMZ-002,BRA,MED-INS-REG,7.8,22,0.6,4,0
2026-08-05,UBS-AMZ-002,BRA,MED-INS-REG,7.7,86,3.9,1,0
2026-08-06,UBS-AMZ-002,BRA,MED-INS-REG,6.9,75,13.3,2,0
2026-08-07,UBS-AMZ-002,BRA,MED-INS-REG,1.8,12,12.5,1,0
2026-08-08,UBS-AMZ-002,BRA,MED-INS-REG,5.7,64,1.1,0,0
2026-08-09,UBS-AMZ-002,BRA,MED-INS-REG,7.3,38,1.8,1,1
2026-08-10,UBS-AMZ-002,BRA,MED-INS-REG,8.3,68,45.0,4,0
2026-08-11,UBS-AMZ-002,BRA,MED-INS-REG,9.3,45,9.5,1,0
2026-08-12,UBS-AMZ-002,BRA,MED-INS-REG,8.4,85,10.5,2,0
2026-08-13,UBS-AMZ-002,BRA,MED-INS-REG,4.8,25,3.9,2,0
2026-08-14,UBS-AMZ-002,BRA,MED-INS-REG,6.9,50,45.0,7,0
2026-08-15,UBS-AMZ-002,BRA,MED-INS-REG,7.4,58,45.0,3,0
2026-08-16,UBS-AMZ-002,BRA,MED-INS-REG,7.7,17,8.0,1,1
2026-08-17,UBS-AMZ-002,BRA,MED-INS-REG,8.0,80,45.0,5,0
2026-06-19,UBS-AMZ-003,BRA,MED-PCM-500,39.3,418,45.0,11,0
2026-06-20,UBS-AMZ-003,BRA,MED-PCM-500,28.7,240,12.1,1,0
2026-06-21,UBS-AMZ-003,BRA,MED-PCM-500,52.8,439,15.0,2,1
2026-06-22,UBS-AMZ-003,BRA,MED-PCM-500,44.4,249,11.1,3,0
2026-06-23,UBS-AMZ-003,BRA,MED-PCM-500,56.9,297,45.0,7,0
2026-06-24,UBS-AMZ-003,BRA,MED-PCM-500,56.3,217,45.0,7,0
2026-06-25,UBS-AMZ-003,BRA,MED-PCM-500,49.1,491,45.0,8,0
2026-06-26,UBS-AMZ-003,BRA,MED-PCM-500,42.7,408,16.1,1,0
2026-06-27,UBS-AMZ-003,BRA,MED-PCM-500,49.0,87,15.3,2,0
2026-06-28,UBS-AMZ-003,BRA,MED-PCM-500,47.2,372,45.0,6,1
2026-06-29,UBS-AMZ-003,BRA,MED-PCM-500,45.7,112,45.0,9,0
2026-06-30,UBS-AMZ-003,BRA,MED-PCM-500,35.0,369,2.9,1,0
2026-07-01,UBS-AMZ-003,BRA,MED-PCM-500,55.7,270,45.0,7,0
2026-07-02,UBS-AMZ-003,BRA,MED-PCM-500,55.2,111,45.0,9,0
2026-07-03,UBS-AMZ-003,BRA,MED-PCM-500,46.2,310,45.0,11,0
2026-07-04,UBS-AMZ-003,BRA,MED-PCM-500,62.5,216,45.0,7,0
2026-07-05,UBS-AMZ-003,BRA,MED-PCM-500,59.2,306,45.0,9,1
2026-07-06,UBS-AMZ-003,BRA,MED-PCM-500,43.6,306,45.0,11,0
2026-07-07,UBS-AMZ-003,BRA,MED-PCM-500,59.9,455,45.0,4,0
2026-07-08,UBS-AMZ-003,BRA,MED-PCM-500,41.4,184,6.5,3,0
2026-07-09,UBS-AMZ-003,BRA,MED-PCM-500,42.7,482,45.0,7,0
2026-07-10,UBS-AMZ-003,BRA,MED-PCM-500,55.3,428,45.0,8,0
2026-07-11,UBS-AMZ-003,BRA,MED-PCM-500,55.5,515,45.0,5,0
2026-07-12,UBS-AMZ-003,BRA,MED-PCM-500,59.8,359,45.0,5,1
2026-07-13,UBS-AMZ-003,BRA,MED-PCM-500,29.7,162,4.4,2,0
2026-07-14,UBS-AMZ-003,BRA,MED-PCM-500,64.5,610,45.0,9,0
2026-07-15,UBS-AMZ-003,BRA,MED-PCM-500,27.4,259,5.8,1,0
2026-07-16,UBS-AMZ-003,BRA,MED-PCM-500,36.8,271,5.4,4,0
2026-07-17,UBS-AMZ-003,BRA,MED-PCM-500,49.5,178,45.0,11,0
2026-07-18,UBS-AMZ-003,BRA,MED-PCM-500,52.1,179,45.0,9,0
2026-07-19,UBS-AMZ-003,BRA,MED-PCM-500,34.6,66,7.9,5,1
2026-07-20,UBS-AMZ-003,BRA,MED-PCM-500,55.6,352,45.0,9,0
2026-07-21,UBS-AMZ-003,BRA,MED-PCM-500,63.5,356,45.0,13,0
2026-07-22,UBS-AMZ-003,BRA,MED-PCM-500,50.3,524,45.0,9,0
2026-07-23,UBS-AMZ-003,BRA,MED-PCM-500,53.9,333,45.0,5,0
2026-07-24,UBS-AMZ-003,BRA,MED-PCM-500,36.5,157,1.7,0,0
2026-07-25,UBS-AMZ-003,BRA,MED-PCM-500,38.8,305,3.9,1,0
2026-07-26,UBS-AMZ-003,BRA,MED-PCM-500,34.3,190,4.1,2,1
2026-07-27,UBS-AMZ-003,BRA,MED-PCM-500,41.6,270,5.2,0,0
2026-07-28,UBS-AMZ-003,BRA,MED-PCM-500,66.3,248,45.0,13,0
2026-07-29,UBS-AMZ-003,BRA,MED-PCM-500,31.9,56,6.1,3,0
2026-07-30,UBS-AMZ-003,BRA,MED-PCM-500,51.9,117,45.0,5,0
2026-07-31,UBS-AMZ-003,BRA,MED-PCM-500,49.5,402,45.0,8,0
2026-08-01,UBS-AMZ-003,BRA,MED-PCM-500,28.5,240,0.5,1,0
2026-08-02,UBS-AMZ-003,BRA,MED-PCM-500,40.7,204,3.8,4,1
2026-08-03,UBS-AMZ-003,BRA,MED-PCM-500,54.8,641,20.6,1,0
2026-08-04,UBS-AMZ-003,BRA,MED-PCM-500,27.0,99,5.2,5,0
2026-08-05,UBS-AMZ-003,BRA,MED-PCM-500,58.1,323,45.0,10,0
2026-08-06,UBS-AMZ-003,BRA,MED-PCM-500,39.0,370,11.4,3,0
2026-08-07,UBS-AMZ-003,BRA,MED-PCM-500,55.1,335,45.0,12,0
2026-08-08,UBS-AMZ-003,BRA,MED-PCM-500,56.0,624,45.0,3,0
2026-08-09,UBS-AMZ-003,BRA,MED-PCM-500,57.0,183,45.0,9,1
2026-08-10,UBS-AMZ-003,BRA,MED-PCM-500,25.0,200,2.1,0,0
2026-08-11,UBS-AMZ-003,BRA,MED-PCM-500,27.2,263,0.1,0,0
2026-08-12,UBS-AMZ-003,BRA,MED-PCM-500,46.5,307,45.0,6,0
2026-08-13,UBS-AMZ-003,BRA,MED-PCM-500,38.9,165,7.7,4,0
2026-08-14,UBS-AMZ-003,BRA,MED-PCM-500,46.4,489,45.0,10,0
2026-08-15,UBS-AMZ-003,BRA,MED-PCM-500,51.8,370,45.0,4,0
2026-08-16,UBS-AMZ-003,BRA,MED-PCM-500,44.1,491,45.0,9,1
2026-08-17,UBS-AMZ-003,BRA,MED-PCM-500,55.6,657,45.0,7,0
2026-06-19,UBS-AMZ-003,BRA,MED-AMX-250,16.0,101,1.9,1,0
2026-06-20,UBS-AMZ-003,BRA,MED-AMX-250,13.4,136,2.3,3,0
2026-06-21,UBS-AMZ-003,BRA,MED-AMX-250,16.0,30,45.0,4,1
2026-06-22,UBS-AMZ-003,BRA,MED-AMX-250,21.7,61,45.0,2,0
2026-06-23,UBS-AMZ-003,BRA,MED-AMX-250,14.2,147,45.0,10,0
2026-06-24,UBS-AMZ-003,BRA,MED-AMX-250,14.1,105,9.1,2,0
2026-06-25,UBS-AMZ-003,BRA,MED-AMX-250,15.9,126,2.9,2,0
2026-06-26,UBS-AMZ-003,BRA,MED-AMX-250,14.6,132,0.2,4,0
2026-06-27,UBS-AMZ-003,BRA,MED-AMX-250,16.8,119,1.6,1,0
2026-06-28,UBS-AMZ-003,BRA,MED-AMX-250,18.7,72,0.4,1,1
2026-06-29,UBS-AMZ-003,BRA,MED-AMX-250,11.1,108,2.5,2,0
2026-06-30,UBS-AMZ-003,BRA,MED-AMX-250,16.3,163,0.6,2,0
2026-07-01,UBS-AMZ-003,BRA,MED-AMX-250,11.0,41,45.0,6,0
2026-07-02,UBS-AMZ-003,BRA,MED-AMX-250,17.6,167,45.0,8,0
2026-07-03,UBS-AMZ-003,BRA,MED-AMX-250,18.8,123,13.0,3,0
2026-07-04,UBS-AMZ-003,BRA,MED-AMX-250,11.5,107,4.8,1,0
2026-07-05,UBS-AMZ-003,BRA,MED-AMX-250,19.0,33,2.7,1,1
2026-07-06,UBS-AMZ-003,BRA,MED-AMX-250,14.3,135,10.1,4,0
2026-07-07,UBS-AMZ-003,BRA,MED-AMX-250,11.5,82,4.8,2,0
2026-07-08,UBS-AMZ-003,BRA,MED-AMX-250,11.8,81,0.2,2,0
2026-07-09,UBS-AMZ-003,BRA,MED-AMX-250,9.6,76,45.0,8,0
2026-07-10,UBS-AMZ-003,BRA,MED-AMX-250,12.9,67,45.0,5,0
2026-07-11,UBS-AMZ-003,BRA,MED-AMX-250,16.8,66,4.4,3,0
2026-07-12,UBS-AMZ-003,BRA,MED-AMX-250,11.1,32,1.6,1,1
2026-07-13,UBS-AMZ-003,BRA,MED-AMX-250,14.7,119,6.4,5,0
2026-07-14,UBS-AMZ-003,BRA,MED-AMX-250,13.1,72,2.6,0,0
2026-07-15,UBS-AMZ-003,BRA,MED-AMX-250,16.8,151,0.1,2,0
2026-07-16,UBS-AMZ-003,BRA,MED-AMX-250,12.9,128,0.8,3,0
2026-07-17,UBS-AMZ-003,BRA,MED-AMX-250,13.2,149,0.5,2,0
2026-07-18,UBS-AMZ-003,BRA,MED-AMX-250,16.2,101,1.0,3,0
2026-07-19,UBS-AMZ-003,BRA,MED-AMX-250,16.2,64,45.0,5,1
2026-07-20,UBS-AMZ-003,BRA,MED-AMX-250,15.0,60,45.0,3,0
2026-07-21,UBS-AMZ-003,BRA,MED-AMX-250,21.2,171,0.0,3,0
2026-07-22,UBS-AMZ-003,BRA,MED-AMX-250,14.3,99,45.0,13,0
2026-07-23,UBS-AMZ-003,BRA,MED-AMX-250,15.8,60,45.0,8,0
2026-07-24,UBS-AMZ-003,BRA,MED-AMX-250,10.8,86,2.0,1,0
2026-07-25,UBS-AMZ-003,BRA,MED-AMX-250,16.3,162,1.1,1,0
2026-07-26,UBS-AMZ-003,BRA,MED-AMX-250,16.0,83,5.6,1,1
2026-07-27,UBS-AMZ-003,BRA,MED-AMX-250,18.0,123,7.6,4,0
2026-07-28,UBS-AMZ-003,BRA,MED-AMX-250,15.4,85,5.6,0,0
2026-07-29,UBS-AMZ-003,BRA,MED-AMX-250,14.2,91,45.0,4,0
2026-07-30,UBS-AMZ-003,BRA,MED-AMX-250,16.3,52,45.0,11,0
2026-07-31,UBS-AMZ-003,BRA,MED-AMX-250,16.5,143,45.0,11,0
2026-08-01,UBS-AMZ-003,BRA,MED-AMX-250,17.7,79,4.3,1,0
2026-08-02,UBS-AMZ-003,BRA,MED-AMX-250,13.1,41,4.8,2,1
2026-08-03,UBS-AMZ-003,BRA,MED-AMX-250,13.7,39,45.0,7,0
2026-08-04,UBS-AMZ-003,BRA,MED-AMX-250,16.4,103,1.1,1,0
2026-08-05,UBS-AMZ-003,BRA,MED-AMX-250,10.5,121,45.0,1,0
2026-08-06,UBS-AMZ-003,BRA,MED-AMX-250,14.5,76,12.2,2,0
2026-08-07,UBS-AMZ-003,BRA,MED-AMX-250,15.9,73,0.5,1,0
2026-08-08,UBS-AMZ-003,BRA,MED-AMX-250,16.3,28,2.0,3,0
2026-08-09,UBS-AMZ-003,BRA,MED-AMX-250,12.8,89,0.5,2,1
2026-08-10,UBS-AMZ-003,BRA,MED-AMX-250,16.6,60,6.9,2,0
2026-08-11,UBS-AMZ-003,BRA,MED-AMX-250,12.8,95,14.4,2,0
2026-08-12,UBS-AMZ-003,BRA,MED-AMX-250,17.8,192,5.8,0,0
2026-08-13,UBS-AMZ-003,BRA,MED-AMX-250,10.5,52,9.2,1,0
2026-08-14,UBS-AMZ-003,BRA,MED-AMX-250,10.3,97,45.0,7,0
2026-08-15,UBS-AMZ-003,BRA,MED-AMX-250,12.5,44,0.3,3,0
2026-08-16,UBS-AMZ-003,BRA,MED-AMX-250,12.6,116,15.1,4,1
2026-08-17,UBS-AMZ-003,BRA,MED-AMX-250,18.2,52,8.3,1,0
2026-06-19,UBS-AMZ-003,BRA,MED-ORS-PKG,60.3,670,2.7,0,0
2026-06-20,UBS-AMZ-003,BRA,MED-ORS-PKG,78.9,468,45.0,10,0
2026-06-21,UBS-AMZ-003,BRA,MED-ORS-PKG,67.9,171,45.0,6,1
2026-06-22,UBS-AMZ-003,BRA,MED-ORS-PKG,51.5,546,5.4,2,0
2026-06-23,UBS-AMZ-003,BRA,MED-ORS-PKG,72.2,316,45.0,6,0
2026-06-24,UBS-AMZ-003,BRA,MED-ORS-PKG,89.5,739,45.0,10,0
2026-06-25,UBS-AMZ-003,BRA,MED-ORS-PKG,69.3,259,45.0,3,0
2026-06-26,UBS-AMZ-003,BRA,MED-ORS-PKG,70.3,437,45.0,7,0
2026-06-27,UBS-AMZ-003,BRA,MED-ORS-PKG,52.1,133,9.7,3,0
2026-06-28,UBS-AMZ-003,BRA,MED-ORS-PKG,23.6,144,1.1,1,1
2026-06-29,UBS-AMZ-003,BRA,MED-ORS-PKG,46.4,99,7.9,3,0
2026-06-30,UBS-AMZ-003,BRA,MED-ORS-PKG,82.2,171,45.0,4,0
2026-07-01,UBS-AMZ-003,BRA,MED-ORS-PKG,57.9,290,4.0,5,0
2026-07-02,UBS-AMZ-003,BRA,MED-ORS-PKG,75.8,687,45.0,6,0
2026-07-03,UBS-AMZ-003,BRA,MED-ORS-PKG,69.6,729,45.0,8,0
2026-07-04,UBS-AMZ-003,BRA,MED-ORS-PKG,65.7,323,45.0,5,0
2026-07-05,UBS-AMZ-003,BRA,MED-ORS-PKG,42.8,142,0.1,3,1
2026-07-06,UBS-AMZ-003,BRA,MED-ORS-PKG,40.3,381,8.4,2,0
2026-07-07,UBS-AMZ-003,BRA,MED-ORS-PKG,45.1,193,3.7,4,0
2026-07-08,UBS-AMZ-003,BRA,MED-ORS-PKG,46.0,130,1.8,0,0
2026-07-09,UBS-AMZ-003,BRA,MED-ORS-PKG,42.7,106,1.1,1,0
2026-07-10,UBS-AMZ-003,BRA,MED-ORS-PKG,50.3,486,0.4,2,0
2026-07-11,UBS-AMZ-003,BRA,MED-ORS-PKG,63.6,300,45.0,11,0
2026-07-12,UBS-AMZ-003,BRA,MED-ORS-PKG,55.0,563,1.8,3,1
2026-07-13,UBS-AMZ-003,BRA,MED-ORS-PKG,63.5,672,45.0,11,0
2026-07-14,UBS-AMZ-003,BRA,MED-ORS-PKG,34.4,327,3.3,3,0
2026-07-15,UBS-AMZ-003,BRA,MED-ORS-PKG,62.5,605,2.0,2,0
2026-07-16,UBS-AMZ-003,BRA,MED-ORS-PKG,59.8,192,0.0,2,0
2026-07-17,UBS-AMZ-003,BRA,MED-ORS-PKG,49.0,220,2.8,3,0
2026-07-18,UBS-AMZ-003,BRA,MED-ORS-PKG,48.8,105,6.8,1,0
2026-07-19,UBS-AMZ-003,BRA,MED-ORS-PKG,76.0,362,7.6,5,1
2026-07-20,UBS-AMZ-003,BRA,MED-ORS-PKG,63.4,170,45.0,9,0
2026-07-21,UBS-AMZ-003,BRA,MED-ORS-PKG,57.8,579,0.0,2,0
2026-07-22,UBS-AMZ-003,BRA,MED-ORS-PKG,59.9,337,6.9,2,0
2026-07-23,UBS-AMZ-003,BRA,MED-ORS-PKG,58.2,310,45.0,11,0
2026-07-24,UBS-AMZ-003,BRA,MED-ORS-PKG,72.6,298,2.7,1,0
2026-07-25,UBS-AMZ-003,BRA,MED-ORS-PKG,65.8,672,5.7,5,0
2026-07-26,UBS-AMZ-003,BRA,MED-ORS-PKG,66.6,166,45.0,11,1
2026-07-27,UBS-AMZ-003,BRA,MED-ORS-PKG,64.0,541,5.0,2,0
2026-07-28,UBS-AMZ-003,BRA,MED-ORS-PKG,67.1,447,9.4,4,0
2026-07-29,UBS-AMZ-003,BRA,MED-ORS-PKG,69.1,708,45.0,6,0
2026-07-30,UBS-AMZ-003,BRA,MED-ORS-PKG,43.2,476,0.2,4,0
2026-07-31,UBS-AMZ-003,BRA,MED-ORS-PKG,56.4,671,3.4,1,0
2026-08-01,UBS-AMZ-003,BRA,MED-ORS-PKG,39.7,96,0.1,1,0
2026-08-02,UBS-AMZ-003,BRA,MED-ORS-PKG,61.8,611,12.0,1,1
2026-08-03,UBS-AMZ-003,BRA,MED-ORS-PKG,51.8,540,7.8,0,0
2026-08-04,UBS-AMZ-003,BRA,MED-ORS-PKG,62.4,627,16.9,2,0
2026-08-05,UBS-AMZ-003,BRA,MED-ORS-PKG,64.1,494,4.4,2,0
2026-08-06,UBS-AMZ-003,BRA,MED-ORS-PKG,57.8,279,45.0,5,0
2026-08-07,UBS-AMZ-003,BRA,MED-ORS-PKG,69.6,149,45.0,4,0
2026-08-08,UBS-AMZ-003,BRA,MED-ORS-PKG,56.5,152,45.0,11,0
2026-08-09,UBS-AMZ-003,BRA,MED-ORS-PKG,83.1,473,45.0,8,1
2026-08-10,UBS-AMZ-003,BRA,MED-ORS-PKG,69.9,623,0.3,1,0
2026-08-11,UBS-AMZ-003,BRA,MED-ORS-PKG,63.8,666,13.5,5,0
2026-08-12,UBS-AMZ-003,BRA,MED-ORS-PKG,66.7,786,45.0,12,0
2026-08-13,UBS-AMZ-003,BRA,MED-ORS-PKG,70.4,233,45.0,8,0
2026-08-14,UBS-AMZ-003,BRA,MED-ORS-PKG,65.7,716,10.7,1,0
2026-08-15,UBS-AMZ-003,BRA,MED-ORS-PKG,43.5,243,3.4,3,0
2026-08-16,UBS-AMZ-003,BRA,MED-ORS-PKG,46.7,509,2.0,0,1
2026-08-17,UBS-AMZ-003,BRA,MED-ORS-PKG,75.0,803,45.0,9,0
2026-06-19,UBS-AMZ-003,BRA,MED-ART-60,8.4,33,45.0,7,0
2026-06-20,UBS-AMZ-003,BRA,MED-ART-60,9.8,102,4.3,3,0
2026-06-21,UBS-AMZ-003,BRA,MED-ART-60,9.8,28,45.0,8,1
2026-06-22,UBS-AMZ-003,BRA,MED-ART-60,9.3,76,45.0,7,0
2026-06-23,UBS-AMZ-003,BRA,MED-ART-60,8.0,42,3.9,3,0
2026-06-24,UBS-AMZ-003,BRA,MED-ART-60,8.7,60,6.9,3,0
2026-06-25,UBS-AMZ-003,BRA,MED-ART-60,7.2,53,45.0,7,0
2026-06-26,UBS-AMZ-003,BRA,MED-ART-60,8.0,48,2.9,1,0
2026-06-27,UBS-AMZ-003,BRA,MED-ART-60,10.4,59,45.0,8,0
2026-06-28,UBS-AMZ-003,BRA,MED-ART-60,7.2,59,1.4,2,1
2026-06-29,UBS-AMZ-003,BRA,MED-ART-60,7.2,11,4.0,0,0
2026-06-30,UBS-AMZ-003,BRA,MED-ART-60,8.1,16,5.7,3,0
2026-07-01,UBS-AMZ-003,BRA,MED-ART-60,5.6,39,7.7,3,0
2026-07-02,UBS-AMZ-003,BRA,MED-ART-60,5.2,29,0.3,2,0
2026-07-03,UBS-AMZ-003,BRA,MED-ART-60,8.2,61,10.6,0,0
2026-07-04,UBS-AMZ-003,BRA,MED-ART-60,7.5,36,45.0,3,0
2026-07-05,UBS-AMZ-003,BRA,MED-ART-60,8.3,54,4.9,6,1
2026-07-06,UBS-AMZ-003,BRA,MED-ART-60,10.3,113,1.2,0,0
2026-07-07,UBS-AMZ-003,BRA,MED-ART-60,9.3,104,45.0,3,0
2026-07-08,UBS-AMZ-003,BRA,MED-ART-60,9.3,35,45.0,8,0
2026-07-09,UBS-AMZ-003,BRA,MED-ART-60,8.5,28,6.7,2,0
2026-07-10,UBS-AMZ-003,BRA,MED-ART-60,5.4,39,45.0,9,0
2026-07-11,UBS-AMZ-003,BRA,MED-ART-60,8.9,44,1.9,1,0
2026-07-12,UBS-AMZ-003,BRA,MED-ART-60,9.4,29,45.0,11,1
2026-07-13,UBS-AMZ-003,BRA,MED-ART-60,7.7,31,1.6,2,0
2026-07-14,UBS-AMZ-003,BRA,MED-ART-60,6.1,35,8.2,2,0
2026-07-15,UBS-AMZ-003,BRA,MED-ART-60,9.8,97,0.3,1,0
2026-07-16,UBS-AMZ-003,BRA,MED-ART-60,8.2,27,6.7,6,0
2026-07-17,UBS-AMZ-003,BRA,MED-ART-60,8.1,57,4.3,3,0
2026-07-18,UBS-AMZ-003,BRA,MED-ART-60,6.2,26,45.0,9,0
2026-07-19,UBS-AMZ-003,BRA,MED-ART-60,7.2,84,4.5,2,1
2026-07-20,UBS-AMZ-003,BRA,MED-ART-60,9.9,95,45.0,7,0
2026-07-21,UBS-AMZ-003,BRA,MED-ART-60,9.4,75,45.0,8,0
2026-07-22,UBS-AMZ-003,BRA,MED-ART-60,5.7,62,15.3,7,0
2026-07-23,UBS-AMZ-003,BRA,MED-ART-60,9.0,52,45.0,5,0
2026-07-24,UBS-AMZ-003,BRA,MED-ART-60,3.1,14,0.8,1,0
2026-07-25,UBS-AMZ-003,BRA,MED-ART-60,7.6,31,4.1,3,0
2026-07-26,UBS-AMZ-003,BRA,MED-ART-60,10.0,28,0.8,1,1
2026-07-27,UBS-AMZ-003,BRA,MED-ART-60,8.2,29,45.0,11,0
2026-07-28,UBS-AMZ-003,BRA,MED-ART-60,8.0,86,1.3,3,0
2026-07-29,UBS-AMZ-003,BRA,MED-ART-60,8.3,44,4.0,1,0
2026-07-30,UBS-AMZ-003,BRA,MED-ART-60,7.6,23,14.2,3,0
2026-07-31,UBS-AMZ-003,BRA,MED-ART-60,12.4,30,4.7,3,0
2026-08-01,UBS-AMZ-003,BRA,MED-ART-60,9.9,16,45.0,11,0
2026-08-02,UBS-AMZ-003,BRA,MED-ART-60,6.3,50,1.3,1,1
2026-08-03,UBS-AMZ-003,BRA,MED-ART-60,4.5,46,45.0,11,0
2026-08-04,UBS-AMZ-003,BRA,MED-ART-60,4.4,12,4.3,2,0
2026-08-05,UBS-AMZ-003,BRA,MED-ART-60,6.9,11,0.4,4,0
2026-08-06,UBS-AMZ-003,BRA,MED-ART-60,6.8,76,45.0,14,0
2026-08-07,UBS-AMZ-003,BRA,MED-ART-60,7.8,87,2.0,2,0
2026-08-08,UBS-AMZ-003,BRA,MED-ART-60,6.0,20,45.0,12,0
2026-08-09,UBS-AMZ-003,BRA,MED-ART-60,7.3,43,45.0,8,1
2026-08-10,UBS-AMZ-003,BRA,MED-ART-60,7.4,37,5.0,2,0
2026-08-11,UBS-AMZ-003,BRA,MED-ART-60,6.8,35,1.9,3,0
2026-08-12,UBS-AMZ-003,BRA,MED-ART-60,7.4,77,45.0,11,0
2026-08-13,UBS-AMZ-003,BRA,MED-ART-60,7.5,62,1.1,0,0
2026-08-14,UBS-AMZ-003,BRA,MED-ART-60,6.4,57,5.5,2,0
2026-08-15,UBS-AMZ-003,BRA,MED-ART-60,7.0,13,0.2,4,0
2026-08-16,UBS-AMZ-003,BRA,MED-ART-60,11.9,37,45.0,4,1
2026-08-17,UBS-AMZ-003,BRA,MED-ART-60,5.8,32,1.7,6,0
2026-06-19,UBS-AMZ-003,BRA,MED-INS-REG,9.4,32,3.4,2,0
2026-06-20,UBS-AMZ-003,BRA,MED-INS-REG,8.6,50,20.3,0,0
2026-06-21,UBS-AMZ-003,BRA,MED-INS-REG,7.4,70,1.3,3,1
2026-06-22,UBS-AMZ-003,BRA,MED-INS-REG,7.2,36,45.0,13,0
2026-06-23,UBS-AMZ-003,BRA,MED-INS-REG,6.9,53,45.0,9,0
2026-06-24,UBS-AMZ-003,BRA,MED-INS-REG,9.3,35,6.0,4,0
2026-06-25,UBS-AMZ-003,BRA,MED-INS-REG,7.0,80,45.0,5,0
2026-06-26,UBS-AMZ-003,BRA,MED-INS-REG,7.8,27,1.1,0,0
2026-06-27,UBS-AMZ-003,BRA,MED-INS-REG,6.8,71,3.8,0,0
2026-06-28,UBS-AMZ-003,BRA,MED-INS-REG,8.0,71,4.2,1,1
2026-06-29,UBS-AMZ-003,BRA,MED-INS-REG,9.7,93,45.0,16,0
2026-06-30,UBS-AMZ-003,BRA,MED-INS-REG,4.8,16,9.8,2,0
2026-07-01,UBS-AMZ-003,BRA,MED-INS-REG,6.4,32,0.8,4,0
2026-07-02,UBS-AMZ-003,BRA,MED-INS-REG,8.5,26,8.2,2,0
2026-07-03,UBS-AMZ-003,BRA,MED-INS-REG,6.1,43,45.0,7,0
2026-07-04,UBS-AMZ-003,BRA,MED-INS-REG,8.0,71,45.0,3,0
2026-07-05,UBS-AMZ-003,BRA,MED-INS-REG,9.8,31,2.9,1,1
2026-07-06,UBS-AMZ-003,BRA,MED-INS-REG,10.0,113,45.0,8,0
2026-07-07,UBS-AMZ-003,BRA,MED-INS-REG,6.6,18,45.0,10,0
2026-07-08,UBS-AMZ-003,BRA,MED-INS-REG,9.5,37,15.2,4,0
2026-07-09,UBS-AMZ-003,BRA,MED-INS-REG,9.4,106,45.0,9,0
2026-07-10,UBS-AMZ-003,BRA,MED-INS-REG,9.0,84,1.2,2,0
2026-07-11,UBS-AMZ-003,BRA,MED-INS-REG,9.8,34,0.2,2,0
2026-07-12,UBS-AMZ-003,BRA,MED-INS-REG,9.0,66,45.0,7,1
2026-07-13,UBS-AMZ-003,BRA,MED-INS-REG,9.0,39,45.0,9,0
2026-07-14,UBS-AMZ-003,BRA,MED-INS-REG,8.3,80,45.0,9,0
2026-07-15,UBS-AMZ-003,BRA,MED-INS-REG,10.7,41,0.3,4,0
2026-07-16,UBS-AMZ-003,BRA,MED-INS-REG,7.5,13,1.5,3,0
2026-07-17,UBS-AMZ-003,BRA,MED-INS-REG,10.0,65,11.5,2,0
2026-07-18,UBS-AMZ-003,BRA,MED-INS-REG,5.4,25,45.0,8,0
2026-07-19,UBS-AMZ-003,BRA,MED-INS-REG,6.4,76,5.4,3,1
2026-07-20,UBS-AMZ-003,BRA,MED-INS-REG,5.2,38,6.3,1,0
2026-07-21,UBS-AMZ-003,BRA,MED-INS-REG,9.3,88,9.9,3,0
2026-07-22,UBS-AMZ-003,BRA,MED-INS-REG,7.6,58,1.6,1,0
2026-07-23,UBS-AMZ-003,BRA,MED-INS-REG,7.9,46,45.0,12,0
2026-07-24,UBS-AMZ-003,BRA,MED-INS-REG,7.5,79,6.2,3,0
2026-07-25,UBS-AMZ-003,BRA,MED-INS-REG,7.3,51,3.8,3,0
2026-07-26,UBS-AMZ-003,BRA,MED-INS-REG,7.8,17,45.0,8,1
2026-07-27,UBS-AMZ-003,BRA,MED-INS-REG,7.0,26,4.9,5,0
2026-07-28,UBS-AMZ-003,BRA,MED-INS-REG,7.6,40,2.9,2,0
2026-07-29,UBS-AMZ-003,BRA,MED-INS-REG,3.3,28,45.0,4,0
2026-07-30,UBS-AMZ-003,BRA,MED-INS-REG,5.2,20,17.5,2,0
2026-07-31,UBS-AMZ-003,BRA,MED-INS-REG,6.8,68,45.0,6,0
2026-08-01,UBS-AMZ-003,BRA,MED-INS-REG,8.9,36,45.0,7,0
2026-08-02,UBS-AMZ-003,BRA,MED-INS-REG,7.4,68,4.8,1,1
2026-08-03,UBS-AMZ-003,BRA,MED-INS-REG,8.5,46,45.0,5,0
2026-08-04,UBS-AMZ-003,BRA,MED-INS-REG,8.0,68,6.1,3,0
2026-08-05,UBS-AMZ-003,BRA,MED-INS-REG,5.1,27,3.3,2,0
2026-08-06,UBS-AMZ-003,BRA,MED-INS-REG,8.0,76,10.2,0,0
2026-08-07,UBS-AMZ-003,BRA,MED-INS-REG,9.2,19,1.0,1,0
2026-08-08,UBS-AMZ-003,BRA,MED-INS-REG,9.5,79,5.4,2,0
2026-08-09,UBS-AMZ-003,BRA,MED-INS-REG,9.1,80,1.3,1,1
2026-08-10,UBS-AMZ-003,BRA,MED-INS-REG,9.9,77,0.9,3,0
2026-08-11,UBS-AMZ-003,BRA,MED-INS-REG,9.7,108,0.1,2,0
2026-08-12,UBS-AMZ-003,BRA,MED-INS-REG,6.5,33,1.8,2,0
2026-08-13,UBS-AMZ-003,BRA,MED-INS-REG,5.0,14,0.1,4,0
2026-08-14,UBS-AMZ-003,BRA,MED-INS-REG,8.9,33,1.1,2,0
2026-08-15,UBS-AMZ-003,BRA,MED-INS-REG,10.6,93,4.1,0,0
2026-08-16,UBS-AMZ-003,BRA,MED-INS-REG,6.6,53,45.0,11,1
2026-08-17,UBS-AMZ-003,BRA,MED-INS-REG,11.9,59,7.6,1,0
